ply
format ascii 1.0
element vertex 18432
property float x
property float y
property float z
property uchar red
property uchar green
property uchar blue
end_header
1.745140 5.281798 2.959439 114 120 118
1.914841 10.063169 4.411917 114 120 118
2.254242 19.625910 7.316874 114 120 118
2.933044 38.751392 13.126787 114 120 118
1.882679 5.267760 2.982813 137 151 155
2.189919 10.035093 4.458666 137 151 155
2.804400 19.569759 7.410372 137 151 155
4.033360 38.639091 13.313784 137 151 155
2.024476 5.249326 3.005736 249 253 254
2.473513 9.998224 4.504511 249 253 254
3.371586 19.496021 7.502062 249 253 254
5.167732 38.491615 13.497164 249 253 254
2.170356 5.226135 3.028065 179 191 203
2.765272 9.951843 4.549169 179 191 203
3.955105 19.403259 7.591378 179 191 203
6.334771 38.306091 13.675795 179 191 203
2.320089 5.197832 3.049648 114 120 116
3.064738 9.895237 4.592336 114 120 116
4.554036 19.290047 7.677712 114 120 116
7.532633 38.079666 13.848463 114 120 116
2.473383 5.164072 3.070326 127 130 135
3.371326 9.827717 4.633692 127 130 135
5.167212 19.155006 7.760423 127 130 135
8.758986 37.809586 14.013885 127 130 135
2.629883 5.124533 3.089931 87 93 89
3.684327 9.748638 4.672902 87 93 89
5.793214 18.996849 7.838844 87 93 89
10.010989 37.493271 14.170727 87 93 89
2.789170 5.078919 3.108293 125 128 133
4.002900 9.657412 4.709625 125 128 133
6.430361 18.814396 7.912289 125 128 133
11.285282 37.128365 14.317617 125 128 133
2.950758 5.026979 3.125237 191 195 194
4.326077 9.553532 4.743515 191 195 194
7.076715 18.606636 7.980069 191 195 194
12.577990 36.712845 14.453176 191 195 194
3.114102 4.968508 3.140597 157 163 161
4.652765 9.436589 4.774233 157 163 161
7.730091 18.372751 8.041506 157 163 161
13.884743 36.245075 14.576050 157 163 161
3.278599 4.903361 3.154206 255 255 255
4.981759 9.306295 4.801451 255 255 255
8.388079 18.112164 8.095942 255 255 255
15.200719 35.723900 14.684923 255 255 255
3.443597 4.831462 3.165912 250 255 251
5.311754 9.162498 4.824863 250 255 251
9.048069 17.824568 8.142767 250 255 251
16.520699 35.148708 14.778574 250 255 251
3.608403 4.752812 3.175577 229 239 248
5.641366 9.005198 4.844194 229 239 248
9.707293 17.509968 8.181427 229 239 248
17.839146 34.519508 14.855894 229 239 248
3.772298 4.667492 3.183081 217 228 234
5.969157 8.834558 4.859202 217 228 234
10.362875 17.168688 8.211444 217 228 234
19.150311 33.836948 14.915928 217 228 234
3.934551 4.575669 3.188327 218 229 235
6.293662 8.650911 4.869694 218 229 235
11.011884 16.801395 8.232428 218 229 235
20.448328 33.102364 14.957895 218 229 235
4.094428 4.477597 3.191244 213 220 228
6.613417 8.454767 4.875526 213 220 228
11.651395 16.409107 8.244093 213 220 228
21.727350 32.317787 14.981226 213 220 228
4.251218 4.373613 3.191788 215 225 234
6.926997 8.246799 4.876615 215 225 234
12.278555 15.993170 8.246269 215 225 234
22.981670 31.485912 14.985579 215 225 234
4.404238 4.264130 3.189946 212 222 231
7.233037 8.027832 4.872931 212 222 231
12.890635 15.555237 8.238901 212 222 231
24.205830 30.610046 14.970842 212 222 231
4.552856 4.149633 3.185735 215 225 234
7.530272 7.798840 4.864510 215 225 234
13.485106 15.097252 8.222059 215 225 234
25.394772 29.694077 14.937157 215 225 234
4.696498 4.030668 3.179202 219 232 241
7.817557 7.560909 4.851444 219 232 241
14.059674 14.621391 8.195928 219 232 241
26.543909 28.742355 14.884895 219 232 241
4.834663 3.907824 3.170422 228 241 250
8.093887 7.315221 4.833884 228 241 250
14.612335 14.130015 8.160807 228 241 250
27.649231 27.759604 14.814653 228 241 250
4.966930 3.781725 3.159495 230 243 251
8.358421 7.063024 4.812030 230 243 251
15.141403 13.625620 8.117100 230 243 251
28.707367 26.750813 14.727240 230 243 251
5.092961 3.653014 3.146545 240 251 253
8.610482 6.805602 4.786129 240 251 253
15.645525 13.110776 8.065298 240 251 253
29.715611 25.721125 14.623636 240 251 253
5.212504 3.522338 3.131712 218 242 252
8.849568 6.544250 4.756465 218 242 252
16.123697 12.588072 8.005969 218 242 252
30.671955 24.675716 14.504978 218 242 252
5.325393 3.390334 3.115154 206 233 252
9.075346 6.280241 4.723348 206 233 252
16.575253 12.060056 7.939734 206 233 252
31.575068 23.619684 14.372509 206 233 252
5.431545 3.257619 3.097035 198 225 254
9.287651 6.014811 4.687110 198 225 254
16.999863 11.529194 7.867260 198 225 254
32.424286 22.557961 14.227560 198 225 254
5.530953 3.124778 3.077529 190 221 252
9.486467 5.749129 4.648099 190 221 252
17.397495 10.997830 7.789237 190 221 252
33.219551 21.495234 14.071514 190 221 252
5.623679 2.992358 3.056810 186 216 252
9.671919 5.484289 4.606660 186 216 252
17.768398 10.468151 7.706359 186 216 252
33.961357 20.435875 13.905758 186 216 252
5.709845 2.860859 3.035050 181 211 247
9.844250 5.221290 4.563141 181 211 247
18.113060 9.942153 7.619321 181 211 247
34.650681 19.383879 13.731682 181 211 247
5.789623 2.730730 3.012419 177 208 239
10.003806 4.961033 4.517877 177 208 239
18.432173 9.421638 7.528793 177 208 239
35.288906 18.342850 13.550627 177 208 239
5.863232 2.602371 2.989077 174 205 236
10.151025 4.704314 4.471192 174 205 236
18.726610 8.908200 7.435425 174 205 236
35.877781 17.315973 13.363890 174 205 236
5.930922 2.476125 2.965176 170 201 230
10.286404 4.451824 4.423392 170 201 230
18.997368 8.403220 7.339824 170 201 230
36.419296 16.306013 13.172688 170 201 230
1.747624 5.324789 2.809222 122 130 141
1.919808 10.149151 4.111483 122 130 141
2.264176 19.797874 6.716006 122 130 141
2.952913 39.095322 11.925051 122 130 141
1.886428 5.312037 2.830479 114 124 123
2.197417 10.123646 4.153997 114 124 123
2.819395 19.746864 6.801035 114 124 123
4.063351 38.993301 12.095110 114 124 123
2.029606 5.294838 2.851340 88 94 91
2.483773 10.089249 4.195719 88 94 91
3.392107 19.678070 6.884478 88 94 91
5.208775 38.855713 12.261995 88 94 91
2.176985 5.272816 2.871675 66 73 66
2.778530 10.045205 4.236388 66 73 66
3.981620 19.589983 6.965816 66 73 66
6.387800 38.679539 12.424673 66 73 66
2.328331 5.245597 2.891343 58 68 60
3.081223 9.990767 4.275725 58 68 60
4.587006 19.481108 7.044490 58 68 60
7.598572 38.461788 12.582020 58 68 60
2.483350 5.212818 2.910197 57 63 59
3.391261 9.925208 4.313433 57 63 59
5.207082 19.349989 7.119906 57 63 59
8.838724 38.199551 12.732851 57 63 59
2.641680 5.174135 2.928082 88 98 91
3.707920 9.847843 4.349203 88 98 91
5.840401 19.195259 7.191446 88 98 91
10.105363 37.890091 12.875933 88 98 91
2.802890 5.129236 2.944839 122 128 128
4.030341 9.758044 4.382718 122 128 128
6.485243 19.015661 7.258475 122 128 128
11.395046 37.530895 13.009989 122 128 128
2.966484 5.077847 2.960308 159 164 169
4.357529 9.655267 4.413656 159 164 169
7.139618 18.810106 7.320352 159 164 169
12.703796 37.119785 13.133743 159 164 169
3.131898 5.019748 2.974331 94 99 101
4.688357 9.539068 4.441703 94 99 101
7.801274 18.577709 7.376445 94 99 101
14.027109 36.654991 13.245930 94 99 101
3.298511 4.954777 2.986756 255 255 255
5.021582 9.409127 4.466552 255 255 255
8.467724 18.317827 7.426143 255 255 255
15.360009 36.135227 13.345325 255 255 255
3.465646 4.882846 2.997438 238 245 253
5.355853 9.265265 4.487916 238 245 253
9.136267 18.030102 7.468873 238 245 253
16.697094 35.559776 13.430784 238 245 253
3.632589 4.803946 3.006249 218 229 235
5.689738 9.107464 4.505539 218 229 235
9.804037 17.714500 7.504117 218 229 235
18.032635 34.928574 13.501274 218 229 235
3.798592 4.718152 3.013077 208 215 223
6.021745 8.935877 4.519194 208 215 223
10.468051 17.371326 7.531428 208 215 223
19.360662 34.242226 13.555895 208 215 223
3.962897 4.625632 3.017830 199 209 218
6.350355 8.750837 4.528700 199 209 218
11.125271 17.001247 7.550439 199 209 218
20.675102 33.502068 13.593918 199 209 218
4.124744 4.526644 3.020442 202 213 219
6.674049 8.552860 4.533924 202 213 219
11.772659 16.605293 7.560888 202 213 219
21.969879 32.710159 13.614815 202 213 219
4.283394 4.421531 3.020873 203 214 220
6.991348 8.342634 4.534784 203 214 220
12.407257 16.184841 7.562609 203 214 220
23.239075 31.869253 13.618258 203 214 220
4.438140 4.310722 3.019109 206 216 225
7.300840 8.121017 4.531259 206 216 225
13.026241 15.741608 7.555557 206 216 225
24.477043 30.982788 13.604153 206 216 225
4.588328 4.194722 3.015169 215 225 235
7.601216 7.889016 4.523377 215 225 235
13.626993 15.277605 7.539795 215 225 235
25.678547 30.054783 13.572630 215 225 235
4.733366 4.074093 3.009095 240 251 254
7.891293 7.647759 4.511230 240 251 254
14.207147 14.795091 7.515501 240 251 254
26.838854 29.089754 13.524040 240 251 254
4.872741 3.949452 3.000959 255 255 255
8.170042 7.398477 4.494958 255 255 255
14.764646 14.296526 7.482956 255 255 255
27.953852 28.092625 13.458952 255 255 255
5.006020 3.821447 2.990856 104 113 109
8.436600 7.142467 4.474751 104 113 109
15.297760 13.784508 7.442543 104 113 109
29.020081 27.068588 13.378124 104 113 109
5.132860 3.690748 2.978900 97 105 107
8.690281 6.881069 4.450840 97 105 107
15.805122 13.261711 7.394719 97 105 107
30.034805 26.022995 13.282476 97 105 107
5.253011 3.558029 2.965225 76 82 82
8.930583 6.615631 4.423490 76 82 82
16.285727 12.730834 7.340019 76 82 82
30.996014 24.961241 13.173077 76 82 82
5.366310 3.423952 2.949977 171 178 186
9.157181 6.347477 4.392993 171 178 186
16.738922 12.194527 7.279027 171 178 186
31.902407 23.888626 13.051092 171 178 186
5.472682 3.289159 2.933311 168 175 183
9.369925 6.077891 4.359662 168 175 183
17.164410 11.655354 7.212364 168 175 183
32.753380 22.810282 12.917768 168 175 183
5.572128 3.154257 2.915389 161 172 178
9.568816 5.808087 4.323817 161 172 178
17.562193 11.115746 7.140673 161 172 178
33.548946 21.731066 12.774385 161 172 178
5.664724 3.019811 2.896371 135 146 152
9.754008 5.539195 4.285782 135 146 152
17.932577 10.577962 7.064603 135 146 152
34.289715 20.655497 12.622246 135 146 152
5.750606 2.886338 2.876420 73 86 86
9.925773 5.272248 4.245879 73 86 86
18.276106 10.044068 6.984797 73 86 86
34.976772 19.587709 12.462633 73 86 86
5.829964 2.754301 2.855690 73 85 85
10.084489 5.008175 4.204419 73 85 85
18.593538 9.515923 6.901877 73 85 85
35.611637 18.531418 12.296793 73 85 85
5.903032 2.624111 2.834330 71 79 81
10.230625 4.747794 4.161700 71 79 81
18.885811 8.995161 6.816440 71 79 81
36.196182 17.489895 12.125919 71 79 81
5.970076 2.496119 2.812482 83 94 96
10.364712 4.491811 4.118004 83 94 96
19.153984 8.483195 6.729048 83 94 96
36.732529 16.465963 11.951136 83 94 96
1.749975 5.363642 2.655300 123 133 143
1.924511 10.226856 3.803639 123 133 143
2.273582 19.953285 6.100317 123 133 143
2.971724 39.406143 10.693674 123 133 143
1.889918 5.352078 2.674259 251 254 251
2.204397 10.203729 3.841558 251 254 251
2.833354 19.907030 6.176155 251 254 251
4.091269 39.313633 10.845350 251 254 251
2.034341 5.336026 2.692876 66 76 68
2.493243 10.171625 3.878791 66 76 68
3.411046 19.842823 6.250622 66 76 68
5.246652 39.185219 10.994284 66 76 68
2.183071 5.315092 2.711032 66 74 61
2.790702 10.129757 3.915104 66 74 61
4.005965 19.759087 6.323248 66 74 61
6.436491 39.017746 11.139536 66 74 61
2.335875 5.288885 2.728603 61 68 61
3.096310 10.077342 3.950245 61 68 61
4.617181 19.654257 6.393530 61 68 61
7.658922 38.808086 11.280100 61 68 61
2.492454 5.257025 2.745453 94 101 94
3.409468 10.013623 3.983946 94 101 94
5.243496 19.526819 6.460931 94 101 94
8.911552 38.553211 11.414902 94 101 94
2.652439 5.219150 2.761443 66 76 65
3.729439 9.937873 4.015925 66 76 65
5.883438 19.375319 6.524890 66 76 65
10.191437 38.250210 11.542820 66 76 65
2.815392 5.174929 2.776428 71 79 68
4.055345 9.849431 4.045896 71 79 68
6.535251 19.198435 6.584830 71 79 68
11.495062 37.896442 11.662701 71 79 68
2.980804 5.124071 2.790263 167 173 173
4.386168 9.747715 4.073565 167 173 173
7.196897 18.995003 6.640169 167 173 173
12.818355 37.489578 11.773378 167 173 173
3.148096 5.066338 2.802803 253 253 253
4.720753 9.632249 4.098644 253 253 253
7.866066 18.764071 6.690329 253 253 253
14.156692 37.027714 11.873697 253 253 253
3.316628 5.001555 2.813909 255 255 255
5.057817 9.502683 4.120856 255 255 255
8.540195 18.504938 6.734753 255 255 255
15.504950 36.509449 11.962545 255 255 255
3.485705 4.929619 2.823449 255 255 255
5.395970 9.358811 4.139938 255 255 255
9.216501 18.217196 6.772916 255 255 255
16.857563 35.933964 12.038872 255 255 255
3.654587 4.850513 2.831307 252 254 253
5.733735 9.200600 4.155653 252 254 253
9.892031 17.900772 6.804347 252 254 253
18.208622 35.301117 12.101732 252 254 253
3.822504 4.764309 2.837379 226 240 240
6.069569 9.028191 4.167796 226 240 240
10.563699 17.555954 6.828632 226 240 240
19.551958 34.611481 12.150305 226 240 240
3.988671 4.671171 2.841580 235 244 251
6.401902 8.841914 4.176201 235 244 251
11.228365 17.183401 6.845441 235 244 251
20.881290 33.866375 12.183922 235 244 251
4.152303 4.571360 2.843853 239 246 254
6.729167 8.642292 4.180745 239 246 254
11.882894 16.784157 6.854529 239 246 254
22.190348 33.067886 12.202097 239 246 254
4.312636 4.465230 2.844158 210 217 225
7.049832 8.430033 4.181355 210 217 225
12.524225 16.359638 6.855750 210 217 225
23.473011 32.218849 12.204540 210 217 225
4.468941 4.353221 2.842485 217 227 236
7.362443 8.206016 4.178010 217 227 236
13.149446 15.911604 6.849059 217 227 236
24.723454 31.322781 12.191156 217 227 236
4.620544 4.235853 2.838850 203 216 225
7.665649 7.971279 4.170739 203 216 225
13.755858 15.442131 6.834517 203 216 225
25.936277 30.383835 12.162073 203 216 225
4.766838 4.113711 2.833293 123 131 134
7.958236 7.726995 4.159626 123 131 134
14.341032 14.953563 6.812291 123 131 134
27.106625 29.406698 12.117622 123 131 134
4.907294 3.987432 2.825880 81 82 84
8.239148 7.474436 4.144800 81 82 84
14.902857 14.448444 6.782640 81 82 84
28.230274 28.396461 12.058319 81 82 84
5.041472 3.857688 2.816699 107 113 113
8.507505 7.214950 4.126438 107 113 113
15.439570 13.929472 6.745915 107 113 113
29.303701 27.358517 11.984871 107 113 113
5.169027 3.725175 2.805855 118 124 124
8.762614 6.949924 4.104751 118 124 124
15.949789 13.399420 6.702540 118 124 124
30.324139 26.298412 11.898121 118 124 124
5.289706 3.590591 2.793472 111 120 119
9.003973 6.680755 4.079983 111 120 119
16.432507 12.861082 6.653005 111 120 119
31.289574 25.221737 11.799049 111 120 119
5.403352 3.454623 2.779682 165 176 182
9.231264 6.408818 4.052403 165 176 182
16.887089 12.317209 6.597846 165 176 182
32.198738 24.133991 11.688730 165 176 182
5.509894 3.317934 2.764628 76 73 71
9.444349 6.135440 4.022296 76 73 71
17.313259 11.770452 6.537631 76 73 71
33.051079 23.040478 11.568302 76 73 71
5.609347 3.181150 2.748457 80 69 72
9.643254 5.861874 3.989954 80 69 72
17.711069 11.223320 6.472947 80 69 72
33.846699 21.946213 11.438934 80 69 72
5.701797 3.044858 2.731317 70 67 60
9.828155 5.589288 3.955674 70 67 60
18.080870 10.678149 6.404387 70 67 60
34.586300 20.855871 11.301815 70 67 60
5.787395 2.909586 2.713354 84 83 78
9.999351 5.318745 3.919747 84 83 78
18.423262 10.137063 6.332533 84 83 78
35.271084 19.773699 11.158106 84 83 78
5.866345 2.775813 2.694709 91 87 84
10.157250 5.051199 3.882457 91 87 84
18.739061 9.601971 6.257953 91 87 84
35.902683 18.703514 11.008945 91 87 84
5.938896 2.643957 2.675517 80 91 92
10.302353 4.787487 3.844073 80 91 92
19.029266 9.074547 6.181185 80 91 92
36.483093 17.648666 10.855410 80 91 92
6.005330 2.514379 2.655904 84 95 97
10.435220 4.528331 3.804848 84 95 97
19.295000 8.556234 6.102736 84 95 97
37.014561 16.612041 10.698511 84 95 97
1.752180 5.398033 2.498031 54 63 58
1.928920 10.295639 3.489101 54 63 58
2.282400 20.090851 5.471243 54 63 58
2.989360 39.681274 9.435525 54 63 58
1.893124 5.387542 2.514525 89 96 89
2.210809 10.274656 3.522089 89 96 89
2.846179 20.048885 5.537219 89 96 89
4.116919 39.597343 9.567476 89 96 89
2.038643 5.372526 2.530727 61 73 63
2.501847 10.244624 3.554494 61 73 63
3.428255 19.988821 5.602028 61 73 63
5.281070 39.477215 9.697096 61 73 63
2.188565 5.352577 2.546535 73 80 73
2.801690 10.204727 3.586110 73 80 73
4.027940 19.909027 5.665259 73 80 73
6.480440 39.317627 9.823559 73 80 73
2.342654 5.327291 2.561837 44 54 46
3.109869 10.154156 3.616714 44 54 46
4.644299 19.807884 5.726468 44 54 46
7.713158 39.115341 9.945976 44 54 46
2.500610 5.296270 2.576515 55 62 55
3.425781 10.092113 3.646070 55 62 55
5.276122 19.683800 5.785181 55 62 55
8.976805 38.867172 10.063400 55 62 55
2.662059 5.259137 2.590446 49 56 49
3.748678 10.017847 3.673932 49 56 49
5.921917 19.535267 5.840903 49 56 49
10.268395 38.570107 10.174845 49 56 49
2.826553 5.215542 2.603501 47 57 49
4.077667 9.930657 3.700041 47 57 49
6.579895 19.360888 5.893122 47 57 49
11.584352 38.221348 10.279284 47 57 49
2.993574 5.165180 2.615551 70 80 72
4.411708 9.829933 3.724142 70 80 72
7.247977 19.159439 5.941324 70 80 72
12.920515 37.818451 10.375687 70 80 72
3.162529 5.107796 2.626469 70 79 74
4.749618 9.715165 3.745977 70 79 74
7.923796 18.929903 5.984994 70 79 74
14.272153 37.359379 10.463028 70 79 74
3.332761 5.043201 2.636130 179 183 186
5.090083 9.585976 3.765300 179 183 186
8.604727 18.671524 6.023639 179 183 186
15.634015 36.842621 10.540318 179 183 186
3.503558 4.971282 2.644418 150 155 158
5.431677 9.442137 3.781876 150 155 158
9.287914 18.383846 6.056792 150 155 158
17.000389 36.267265 10.606623 150 155 158
3.674159 4.892014 2.651228 133 138 141
5.772878 9.283600 3.795496 133 138 141
9.970316 18.066772 6.084031 133 138 141
18.365192 35.633118 10.661100 133 138 141
3.843770 4.805460 2.656468 188 196 199
6.112101 9.110493 3.805976 188 196 199
10.648763 17.720558 6.104992 188 196 199
19.722086 34.940689 10.703024 188 196 199
4.011585 4.711786 2.660065 197 204 212
6.447730 8.923144 3.813169 197 204 212
11.320021 17.345861 6.119377 197 204 212
21.064602 34.191296 10.731794 197 204 212
4.176796 4.611256 2.661963 196 205 210
6.778152 8.722084 3.816966 196 205 210
11.980865 16.943741 6.126972 196 205 210
22.386290 33.387054 10.746983 196 205 210
4.338615 4.504230 2.662132 130 138 140
7.101791 8.508033 3.817303 130 138 140
12.628143 16.515638 6.127645 130 138 140
23.680847 32.530849 10.748329 130 138 140
4.496296 4.391160 2.660560 79 83 84
7.417153 8.281894 3.814160 79 83 84
13.258866 16.063360 6.121360 79 83 84
24.942293 31.626293 10.735760 79 83 84
4.649145 4.272581 2.657264 107 111 112
7.722850 8.044734 3.807567 107 111 112
13.870260 15.589041 6.108173 107 111 112
26.165081 30.677654 10.709385 107 111 112
4.796539 4.149094 2.652279 113 119 119
8.017639 7.797760 3.797597 113 119 119
14.459838 15.095093 6.088234 113 119 119
27.344236 29.689758 10.669508 113 119 119
4.937940 4.021357 2.645665 121 130 129
8.300440 7.542287 3.784369 121 130 129
15.025441 14.584146 6.061778 121 130 129
28.475443 28.667866 10.616594 121 130 129
5.072900 3.890066 2.637500 91 87 82
8.570360 7.279705 3.768039 91 87 82
15.565281 14.058983 6.029118 91 87 82
29.555122 27.617538 10.551275 91 87 82
5.201070 3.755938 2.627880 86 82 76
8.826700 7.011448 3.748799 86 82 76
16.077961 13.522470 5.990638 86 82 76
30.580481 26.544512 10.474316 86 82 76
5.322197 3.619692 2.616914 81 76 70
9.068954 6.738957 3.726867 81 76 70
16.562469 12.977487 5.946773 81 76 70
31.549500 25.454546 10.386585 81 76 70
5.436128 3.482039 2.604721 82 75 67
9.296816 6.463651 3.702482 82 75 67
17.018192 12.426874 5.898003 82 75 67
32.460945 24.353321 10.289045 82 75 67
5.542800 3.343660 2.591429 81 77 65
9.510161 6.186893 3.675898 81 77 65
17.444883 11.873360 5.844836 81 77 65
33.314327 23.246292 10.182711 81 77 65
5.642237 3.205204 2.577169 45 52 58
9.709034 5.909980 3.647377 45 52 58
17.842628 11.319532 5.787794 45 52 58
34.109818 22.138638 10.068626 45 52 58
5.734535 3.067267 2.562071 75 70 64
9.893631 5.634107 3.617181 75 70 64
18.211823 10.767786 5.727401 75 70 64
34.848206 21.035145 9.947842 75 70 64
5.819859 2.930397 2.546264 86 84 85
10.064278 5.360366 3.585568 86 84 85
18.553116 10.220304 5.664176 86 84 85
35.530792 19.940182 9.821392 86 84 85
5.898427 2.795079 2.529875 88 84 81
10.221414 5.089732 3.552790 88 84 81
18.867388 9.679036 5.598619 88 84 81
36.159336 18.857645 9.690279 88 84 81
5.970500 2.661744 2.513022 89 88 83
10.365560 4.823061 3.519083 89 88 83
19.155680 9.145694 5.531207 89 88 83
36.735920 17.790960 9.555452 89 88 83
6.036373 2.530756 2.495816 90 94 93
10.497307 4.561086 3.484671 90 94 93
19.419174 8.621744 5.462382 90 94 93
37.262909 16.743061 9.417805 90 94 93
1.754224 5.427669 2.337821 56 66 55
1.933008 10.354910 3.168683 56 66 55
2.290577 20.209393 4.830405 56 66 55
3.005715 39.918358 8.153851 56 66 55
1.896024 5.418114 2.351699 60 71 67
2.216608 10.335801 3.196438 60 71 67
2.857776 20.171175 4.885917 60 71 67
4.140113 39.841923 8.264873 60 71 67
2.042479 5.404004 2.365335 49 59 50
2.509518 10.307581 3.223708 49 59 50
3.443597 20.114735 4.940456 49 59 50
5.311754 39.729042 8.373953 49 59 50
2.193419 5.384921 2.378639 43 51 40
2.811398 10.269415 3.250318 43 51 40
4.047356 20.038403 4.993675 43 51 40
6.519272 39.576378 8.480390 43 51 40
2.348608 5.360445 2.391519 102 108 104
3.121777 10.220463 3.276077 102 108 104
4.668114 19.940498 5.045194 102 108 104
7.760788 39.380569 8.583427 102 108 104
2.507743 5.330164 2.403872 54 61 53
3.440046 10.159901 3.300785 54 61 53
5.304652 19.819374 5.094609 54 61 53
9.033865 39.138321 8.682257 54 61 53
2.670445 5.293688 2.415595 65 72 65
3.765450 10.086948 3.324229 65 72 65
5.955461 19.673470 5.141498 65 72 65
10.335482 38.846512 8.776035 65 72 65
2.836260 5.250652 2.426576 64 74 65
4.097081 10.000876 3.346191 64 74 65
6.618722 19.501326 5.185423 64 74 65
11.662004 38.502224 8.863885 64 74 65
3.004660 5.200736 2.436706 66 73 66
4.433880 9.901044 3.366451 66 73 66
7.292321 19.301661 5.225942 66 73 66
13.009202 38.102894 8.944923 66 73 66
3.175041 5.143672 2.445875 77 84 77
4.774642 9.786916 3.384789 77 84 77
7.973845 19.073404 5.262617 77 84 77
14.372250 37.646381 9.018274 77 84 77
3.346732 5.079257 2.453976 67 76 65
5.118025 9.658087 3.400991 67 76 65
8.660611 18.815746 5.295022 67 76 65
15.745783 37.131065 9.083084 67 76 65
3.519004 5.007370 2.460910 84 91 83
5.462569 9.514313 3.414859 84 91 83
9.349699 18.528198 5.322757 84 91 83
17.123959 36.555969 9.138554 84 91 83
3.691079 4.927976 2.466586 65 70 64
5.806719 9.355525 3.426211 65 70 64
10.037998 18.210623 5.345462 65 70 64
18.500557 35.920818 9.183963 65 70 64
3.862144 4.841136 2.470926 177 188 190
6.148849 9.181845 3.434891 177 188 190
10.722258 17.863262 5.362821 177 188 190
19.869076 35.226097 9.218681 177 188 190
4.031372 4.747013 2.473866 100 111 113
6.487305 8.993599 3.440772 100 111 113
11.399171 17.486771 5.374584 100 111 113
21.222902 34.473114 9.242207 100 111 113
4.197935 4.645873 2.475361 109 115 115
6.820431 8.791319 3.443761 109 115 115
12.065422 17.082211 5.380562 109 115 115
22.555405 33.663994 9.254164 109 115 115
4.361027 4.538083 2.475382 113 116 121
7.146615 8.575739 3.443804 113 116 121
12.717791 16.651051 5.380647 113 116 121
23.860142 32.801674 9.254333 113 116 121
4.519883 4.424104 2.473923 83 85 84
7.464326 8.347781 3.440885 83 85 84
13.353212 16.195135 5.374809 83 85 84
25.130985 31.889843 9.242659 83 85 84
4.673793 4.304483 2.470995 96 87 75
7.772146 8.108540 3.435030 96 87 75
13.968852 15.716652 5.363100 96 87 75
26.362265 30.932877 9.219239 96 87 75
4.822122 4.179840 2.466633 68 68 65
8.068805 7.859253 3.426305 68 68 65
14.562170 15.218079 5.345650 68 68 65
27.548901 29.935730 9.184340 68 68 65
4.964323 4.050849 2.460886 47 53 53
8.353207 7.601271 3.414812 47 53 53
15.130975 14.702115 5.322664 47 53 53
28.686510 28.903803 9.138369 47 53 53
5.099941 3.918224 2.453825 61 60 58
8.624443 7.336021 3.400688 61 60 58
15.673447 14.171616 5.294416 61 60 58
29.771454 27.842804 9.081873 61 60 58
5.228624 3.782702 2.445530 76 73 68
8.881809 7.064978 3.384099 76 73 68
16.188179 13.629528 5.261238 76 73 68
30.800919 26.758629 9.015514 76 73 68
5.350121 3.645023 2.436097 56 60 61
9.124802 6.789619 3.365233 56 60 61
16.674164 13.078812 5.223505 56 60 61
31.772888 25.657196 8.940050 56 60 61
5.464280 3.505916 2.425629 47 52 55
9.353121 6.511405 3.344297 47 52 55
17.130802 12.522384 5.181635 47 52 55
32.686165 24.544340 8.856309 47 52 55
5.571047 3.366080 2.414236 68 74 74
9.566654 6.231733 3.321511 68 74 74
17.557869 11.963039 5.136062 68 74 74
33.540298 23.425652 8.765163 68 74 74
5.670452 3.226180 2.402030 79 86 79
9.765465 5.951932 3.297099 79 86 79
17.955490 11.403437 5.087237 79 86 79
34.335541 22.306446 8.667515 79 86 79
5.762602 3.086825 2.389123 72 68 57
9.949765 5.673223 3.271286 72 68 57
18.324091 10.846019 5.035611 72 68 57
35.072742 21.191610 8.564260 72 68 57
5.847674 2.948576 2.375627 98 109 111
10.119909 5.396724 3.244294 98 109 111
18.664379 10.293021 4.981627 98 109 111
35.753319 20.085615 8.456293 98 109 111
5.925896 2.811928 2.361648 116 127 131
10.276353 5.123429 3.216336 116 127 131
18.977266 9.746431 4.925713 116 127 131
36.379093 18.992435 8.344464 116 127 131
5.997543 2.677318 2.347289 112 129 137
10.419646 4.854208 3.187617 112 129 137
19.263853 9.207989 4.868274 112 129 137
36.952267 17.915550 8.229588 112 129 137
6.062922 2.545117 2.332643 73 81 84
10.550404 4.589806 3.158326 73 81 84
19.525368 8.679185 4.809690 73 81 84
37.475296 16.857943 8.112421 73 81 84
1.756096 5.452288 2.175121 42 49 42
1.936753 10.404148 2.843281 42 49 42
2.298067 20.307869 4.179602 42 49 42
3.020694 40.115311 6.852243 42 49 42
1.898595 5.443517 2.186252 49 60 52
2.221751 10.386606 2.865544 49 60 52
2.868063 20.272785 4.224128 49 60 52
4.160686 40.045143 6.941296 49 60 52
2.045817 5.430167 2.197188 48 56 43
2.516194 10.359906 2.887415 48 56 43
3.456949 20.219385 4.267869 48 56 43
5.338459 39.938343 7.028778 48 56 43
2.197591 5.411809 2.207856 50 60 51
2.819742 10.323192 2.908751 50 60 51
4.064044 20.145956 4.310541 50 60 51
6.552648 39.791485 7.114122 50 60 51
2.353681 5.388015 2.218179 52 59 52
3.131923 10.275602 2.929398 52 59 52
4.688406 20.050777 4.351835 52 59 52
7.801373 39.601128 7.196710 52 59 52
2.513782 5.358359 2.228076 58 65 57
3.452125 10.216291 2.949192 58 65 57
5.328810 19.932156 4.391424 58 65 57
9.082180 39.363884 7.275887 58 65 57
2.677512 5.322440 2.237461 72 79 71
3.779584 10.144453 2.967961 72 79 71
5.983728 19.788479 4.428961 72 79 71
10.392016 39.076530 7.350962 72 79 71
2.844410 5.279880 2.246243 58 68 59
4.113381 10.059333 2.985526 58 68 59
6.651323 19.618238 4.464092 58 68 59
11.727206 38.736050 7.421224 58 68 59
3.013942 5.230348 2.254334 54 61 54
4.452444 9.960268 3.001707 54 61 54
7.329448 19.420109 4.496454 54 61 54
13.083456 38.339790 7.485948 54 61 54
3.185493 5.173561 2.261643 69 76 68
4.795546 9.846695 3.016325 69 76 68
8.015652 19.192963 4.525690 69 76 68
14.455864 37.885498 7.544420 69 76 68
3.358382 5.109311 2.268084 76 84 73
5.141324 9.718195 3.029207 76 84 73
8.707209 18.935963 4.551453 76 84 73
15.838978 37.371498 7.595945 76 84 73
3.531865 5.037464 2.273574 70 75 68
5.488290 9.574501 3.040188 70 75 68
9.401140 18.648575 4.573416 70 75 68
17.226841 36.796722 7.639871 70 75 68
3.705148 4.957979 2.278041 54 55 57
5.834857 9.415531 3.049122 54 55 57
10.094275 18.330635 4.591284 54 55 57
18.613111 36.160843 7.675607 54 55 57
3.877406 4.870915 2.281421 158 166 168
6.179373 9.241403 3.055881 158 166 168
10.783306 17.982378 4.604802 158 166 168
19.991173 35.464329 7.702644 158 166 168
4.047792 4.776431 2.283661 90 91 77
6.520144 9.052435 3.060362 90 91 77
11.464849 17.604443 4.613764 90 91 77
21.354259 34.708458 7.720568 90 91 77
4.215463 4.674797 2.284725 70 70 68
6.855485 8.849167 3.062490 70 70 68
12.135531 17.197906 4.618020 70 70 68
22.695623 33.895386 7.729080 70 70 68
4.379595 4.566384 2.284591 70 74 75
7.183751 8.632340 3.062222 70 74 75
12.792063 16.764254 4.617482 70 74 75
24.008686 33.028080 7.728004 70 74 75
4.539411 4.451661 2.283253 60 64 65
7.503382 8.402895 3.059545 60 64 65
13.431324 16.305363 4.612130 60 64 65
25.287209 32.110298 7.717299 60 64 65
4.694186 4.331186 2.280722 60 64 63
7.812932 8.161944 3.054483 60 64 63
14.050425 15.823462 4.602006 60 64 63
26.525410 31.146496 7.697052 60 64 63
4.843276 4.205591 2.277026 61 67 67
8.111113 7.910756 3.047092 61 67 67
14.646785 15.321084 4.587223 61 67 67
27.718130 30.141741 7.667486 61 67 67
4.986125 4.075566 2.272208 55 59 60
8.396811 7.650705 3.037456 55 59 60
15.218182 14.800983 4.567952 55 59 60
28.860924 29.101540 7.628943 55 59 60
5.122273 3.941842 2.266325 60 57 48
8.669107 7.383256 3.025690 60 57 48
15.762775 14.266085 4.544419 60 57 48
29.950111 28.031742 7.581878 60 57 48
5.251367 3.805170 2.259445 68 67 63
8.927295 7.109913 3.011930 68 67 63
16.279150 13.719398 4.516900 68 67 63
30.982861 26.938370 7.526839 68 67 63
5.373155 3.666308 2.251647 56 65 62
9.170870 6.832188 2.996333 56 65 62
16.766300 13.163949 4.485706 56 65 62
31.957161 25.827471 7.464451 56 65 62
5.487490 3.526000 2.243015 49 53 52
9.399540 6.551572 2.979070 49 53 52
17.223640 12.602717 4.451180 49 53 52
32.871841 24.705008 7.395399 49 53 52
5.594320 3.384960 2.233640 48 53 56
9.613201 6.269494 2.960320 48 53 56
17.650963 12.038560 4.413679 48 53 56
33.726486 23.576693 7.320397 48 53 56
5.693686 3.243866 2.223614 46 51 49
9.811932 5.987304 2.940268 46 51 49
18.048424 11.474181 4.373574 46 51 49
34.521408 22.447935 7.240189 46 51 49
5.785702 3.103341 2.213029 65 61 50
9.995964 5.706254 2.919098 65 61 50
18.416489 10.912081 4.331235 65 61 50
35.257538 21.323734 7.155509 65 61 50
5.870553 2.963952 2.201976 75 81 77
10.165666 5.427476 2.896992 75 81 77
18.755892 10.354526 4.287024 75 81 77
35.936344 20.208624 7.067087 75 81 77
5.948479 2.826205 2.190543 122 136 137
10.321519 5.151983 2.874125 122 136 137
19.067598 9.803538 4.241290 122 136 137
36.559757 19.106649 6.975619 122 136 137
6.019763 2.690541 2.178811 125 139 139
10.464087 4.880655 2.850661 125 139 139
19.352736 9.260882 4.194362 125 139 139
37.130032 18.021338 6.881764 125 139 139
6.084725 2.557338 2.166858 82 93 95
10.594010 4.614249 2.826756 82 93 95
19.612581 8.728070 4.146552 82 93 95
37.649723 16.955713 6.786143 82 93 95
1.757785 5.471673 2.010416 45 54 49
1.940131 10.442919 2.513871 45 54 49
2.304822 20.385410 3.520782 45 54 49
3.034204 40.270393 5.534604 45 54 49
1.900821 5.463516 2.018695 34 41 34
2.226203 10.426605 2.530429 34 41 34
2.876966 20.352783 3.553898 34 41 34
4.178493 40.205139 5.600836 34 41 34
2.048631 5.450764 2.026822 35 42 34
2.521823 10.401100 2.546684 35 42 34
3.468206 20.301773 3.586408 35 42 34
5.360972 40.103119 5.665855 35 42 34
2.201045 5.432978 2.034744 34 41 34
2.826650 10.365529 2.562528 34 41 34
4.077861 20.230631 3.618095 34 41 34
6.580283 39.960835 5.729230 34 41 34
2.357827 5.409721 2.042402 44 45 40
3.140214 10.319016 2.577844 44 45 40
4.704989 20.137604 3.648728 44 45 40
7.834540 39.774780 5.790495 44 45 40
2.518669 5.380562 2.049734 36 41 34
3.461899 10.260696 2.592508 36 41 34
5.348359 20.020966 3.678055 36 41 34
9.121279 39.541504 5.849150 36 41 34
2.683187 5.345085 2.056674 45 52 45
3.790935 10.189743 2.606389 45 52 45
6.006431 19.879059 3.705817 45 52 45
10.437423 39.257690 5.904673 45 52 45
2.850918 5.302906 2.063156 49 54 48
4.126396 10.105385 2.619351 49 54 48
6.677352 19.710342 3.731741 49 54 48
11.779264 38.920258 5.956522 49 54 48
3.021317 5.253682 2.069109 59 66 59
4.467195 10.006936 2.631258 59 66 59
7.358950 19.513445 3.755556 59 66 59
13.142460 38.526463 6.004152 59 66 59
3.193766 5.197123 2.074468 51 58 50
4.812092 9.893819 2.641975 51 58 50
8.048745 19.287210 3.776989 51 58 50
14.522051 38.073994 6.047019 51 58 50
3.367573 5.133011 2.079165 58 63 56
5.159707 9.765595 2.651369 58 63 56
8.743975 19.030764 3.795778 58 63 56
15.912511 37.561100 6.084596 58 63 56
3.541985 5.061208 2.083139 86 91 85
5.508531 9.621988 2.659318 86 91 85
9.441622 18.743549 3.811676 86 91 85
17.307804 36.986671 6.116392 86 91 85
3.716196 4.981664 2.086335 135 145 144
5.856953 9.462901 2.665710 135 145 144
10.138467 18.425375 3.824460 135 145 144
18.701494 36.350323 6.141960 135 145 144
3.889367 4.894436 2.088705 109 115 113
6.203295 9.288445 2.670449 109 115 113
10.831151 18.076462 3.833938 109 115 113
20.086863 35.652496 6.160916 109 115 113
4.060639 4.799683 2.090209 87 96 95
6.545840 9.098939 2.673458 87 96 95
11.516240 17.697451 3.839956 87 96 95
21.457041 34.894474 6.172951 87 96 95
4.229157 4.697675 2.090821 72 77 73
6.882875 8.894922 2.674681 72 77 73
12.190311 17.289417 3.842402 72 77 73
22.805183 34.078407 6.177844 72 77 73
4.394086 4.588787 2.090524 60 68 70
7.212733 8.677147 2.674087 60 68 70
12.850026 16.853867 3.841214 60 68 70
24.124613 33.207306 6.175467 60 68 70
4.554633 4.473495 2.089314 59 63 62
7.533827 8.446564 2.671669 59 63 62
13.492214 16.392700 3.836377 59 63 62
25.408989 32.284973 6.165794 59 63 62
4.710067 4.352365 2.087203 62 67 60
7.844695 8.204303 2.667446 62 67 60
14.113951 15.908178 3.827931 62 67 60
26.652462 31.315929 6.148902 62 67 60
4.859735 4.226039 2.084211 52 61 63
8.144032 7.951651 2.661462 52 61 63
14.712624 15.402874 3.815964 52 61 63
27.849808 30.305321 6.124967 52 61 63
5.003075 4.095217 2.080372 48 50 49
8.430710 7.690007 2.653785 48 50 49
15.285980 14.879587 3.800609 48 50 49
28.996521 29.258747 6.094257 48 50 49
5.139622 3.960644 2.075731 52 53 47
8.703805 7.420861 2.644502 52 53 47
15.832170 14.341295 3.782043 52 53 47
30.088902 28.182163 6.057126 52 53 47
5.269022 3.823085 2.070340 69 76 58
8.962604 7.145742 2.633720 69 76 58
16.349768 13.791057 3.760479 69 76 58
31.124096 27.081686 6.013999 69 76 58
5.391024 3.683308 2.064260 63 60 51
9.206608 6.866189 2.621560 63 60 51
16.837776 13.231951 3.736159 63 60 51
32.100113 25.963474 5.965358 63 60 51
5.505484 3.542071 2.057556 50 49 44
9.435528 6.583715 2.608152 50 49 44
17.295616 12.667004 3.709344 50 49 44
33.015793 24.833580 5.911728 50 49 44
5.612354 3.400101 2.050298 65 56 47
9.649268 6.299774 2.593636 65 56 47
17.723097 12.099121 3.680310 65 56 47
33.870754 23.697815 5.853661 65 56 47
5.711679 3.258082 2.042555 65 61 50
9.847919 6.015738 2.578151 65 61 50
18.120398 11.531048 3.649341 65 61 50
34.665356 22.561668 5.791721 65 61 50
5.803581 3.116650 2.034400 67 62 56
10.031723 5.732872 2.561839 67 62 56
18.488007 10.965317 3.616717 67 62 56
35.400574 21.430206 5.726473 67 62 56
5.888254 2.976378 2.025899 89 84 78
10.201069 5.452330 2.544838 89 84 78
18.826698 10.404232 3.582715 89 84 78
36.077957 20.308037 5.658470 89 84 78
5.965943 2.837780 2.017121 92 87 81
10.356447 5.175132 2.527281 92 87 81
19.137455 9.849836 3.547601 92 87 81
36.699471 19.199245 5.588242 92 87 81
6.036941 2.701298 2.008127 91 86 80
10.498443 4.902170 2.509293 91 86 80
19.421446 9.303912 3.511625 91 86 80
37.267452 18.107397 5.516290 91 86 80
6.101573 2.567318 1.998976 87 84 77
10.627707 4.634209 2.490991 87 84 77
19.679976 8.767990 3.475022 87 84 77
37.784512 17.035553 5.443083 87 84 77
1.759281 5.485651 1.844226 84 94 95
1.943122 10.470874 2.181491 84 94 95
2.310805 20.441320 2.856022 84 94 95
3.046171 40.382214 4.205083 84 94 95
1.902686 5.477929 1.849573 30 41 35
2.229933 10.455431 2.192185 30 41 35
2.884427 20.410435 2.877410 30 41 35
4.193414 40.320442 4.247859 30 41 35
2.050900 5.465600 1.854811 33 40 33
2.526360 10.430772 2.202662 33 40 33
3.477280 20.361116 2.898364 33 40 33
5.379121 40.221806 4.289768 33 40 33
2.203752 5.448220 1.859905 25 35 27
2.832065 10.396012 2.212850 25 35 27
4.088690 20.291597 2.918740 25 35 27
6.601941 40.082767 4.330520 25 35 27
2.361008 5.425345 1.864816 36 43 35
3.146576 10.350264 2.222671 36 43 35
4.717713 20.200100 2.938382 36 43 35
7.859986 39.899773 4.369803 36 43 35
2.522357 5.396539 1.869501 54 60 56
3.469275 10.292651 2.232042 54 60 56
5.363111 20.084875 2.957123 54 60 56
9.150784 39.669323 4.407286 54 60 56
2.687414 5.361379 1.873917 41 46 42
3.799389 10.222330 2.240875 41 46 42
6.023339 19.944233 2.974789 41 46 42
10.471239 39.388039 4.442617 41 46 42
2.855713 5.319474 1.878020 78 82 81
4.135986 10.138521 2.249080 78 82 81
6.696532 19.776615 2.991199 78 82 81
11.817625 39.052803 4.475438 78 82 81
3.026705 5.270474 1.881764 120 129 136
4.477971 10.040522 2.256567 120 129 136
7.380502 19.580616 3.006173 120 129 136
13.185565 38.660805 4.505386 120 129 136
3.199766 5.214086 1.885103 59 64 58
4.824093 9.927744 2.263245 59 64 58
8.072747 19.355061 3.019530 59 64 58
14.570055 38.209694 4.532099 59 64 58
3.374200 5.150080 1.887994 59 61 56
5.172960 9.799733 2.269028 59 61 56
8.770481 19.099039 3.031096 59 61 56
15.965522 37.697651 4.555230 59 61 56
3.549244 5.078317 1.890397 50 56 53
5.523049 9.656206 2.273834 50 56 53
9.470658 18.811985 3.040708 50 56 53
17.365877 37.123543 4.574456 50 56 53
3.724087 4.998744 1.892276 83 92 89
5.872734 9.497060 2.277591 83 92 89
10.170028 18.493692 3.048222 83 92 89
18.764616 36.486958 4.589482 83 92 89
3.897878 4.911412 1.893598 50 54 53
6.220317 9.322397 2.280235 50 54 53
10.865195 18.144367 3.053510 50 54 53
20.154951 35.788307 4.600060 50 54 53
4.069754 4.816483 1.894339 53 55 50
6.564067 9.132539 2.281718 53 55 50
11.552695 17.764650 3.056476 53 55 50
21.529951 35.028873 4.605992 53 55 50
4.238846 4.714225 1.894482 55 60 54
6.902252 8.928022 2.282004 55 60 54
12.229065 17.355618 3.057048 55 60 54
22.882690 34.210808 4.607136 55 60 54
4.404313 4.605017 1.894017 53 51 52
7.233187 8.709607 2.281075 53 51 52
12.890934 16.918787 3.055189 53 51 52
24.206429 33.337147 4.603417 53 51 52
4.565356 4.489340 1.892944 47 50 41
7.555272 8.478252 2.278928 47 50 41
13.535105 16.456078 3.050895 47 50 41
25.494770 32.411728 4.594829 47 50 41
4.721234 4.367763 1.891269 36 36 34
7.867028 8.235098 2.275578 36 36 34
14.158617 15.969769 3.044196 36 36 34
26.741795 31.439110 4.581431 36 36 34
4.871290 4.240936 1.889009 39 39 35
8.167141 7.981445 2.271059 39 39 35
14.758842 15.462463 3.035157 39 39 35
27.942245 30.424500 4.563354 39 39 35
5.014957 4.109570 1.886189 45 44 40
8.454475 7.718711 2.265417 45 44 40
15.333511 14.936996 3.023873 45 44 40
29.091583 29.373564 4.540785 45 44 40
5.151770 3.974413 1.882837 48 49 44
8.728101 7.448398 2.258713 48 49 44
15.880762 14.396369 3.010466 48 49 44
30.186085 28.292311 4.513971 48 49 44
5.281372 3.836242 1.878991 56 59 50
8.987304 7.172057 2.251022 56 59 50
16.399168 13.843686 2.995083 56 59 50
31.222897 27.186945 4.483207 56 59 50
5.403512 3.695835 1.874693 53 42 38
9.231585 6.891243 2.242425 53 42 38
16.887730 13.282059 2.977890 53 42 38
32.200020 26.063690 4.448820 53 42 38
5.518049 3.553957 1.869987 53 46 40
9.460658 6.607486 2.233013 53 46 40
17.345877 12.714545 2.959065 53 46 40
33.116314 24.928663 4.411170 53 46 40
5.624938 3.411342 1.864919 53 51 46
9.674437 6.322257 2.222878 53 51 46
17.773434 12.144087 2.938796 53 51 46
33.971428 23.787746 4.370631 53 51 46
5.724227 3.268684 1.859539 61 61 53
9.873015 6.036941 2.212117 61 61 53
18.170591 11.573455 2.917273 61 61 53
34.765743 22.646482 4.327586 61 61 53
5.816045 3.126622 1.853892 63 62 54
10.056650 5.752818 2.200824 63 62 54
18.537861 11.005208 2.894688 63 62 54
35.500282 21.509989 4.282414 63 62 54
5.900587 2.985738 1.848027 88 79 70
10.225735 5.471048 2.189093 88 79 70
18.876030 10.441669 2.871225 88 79 70
36.176620 20.382912 4.235489 88 79 70
5.978107 2.846546 1.841986 89 82 73
10.380775 5.192665 2.177011 89 82 73
19.186111 9.884903 2.847062 89 82 73
36.796783 19.269379 4.187164 89 82 73
6.048902 2.709496 1.835812 125 136 138
10.522365 4.918566 2.164664 125 136 138
19.469290 9.336704 2.822368 125 136 138
37.363140 18.172981 4.137775 125 136 138
6.113302 2.574973 1.829545 112 120 122
10.651165 4.649518 2.152129 112 120 122
19.726891 8.798610 2.797297 112 120 122
37.878342 17.096792 4.087634 112 120 122
1.760577 5.494101 1.677093 12 21 18
1.945714 10.487775 1.847225 12 21 18
2.315988 20.475122 2.187490 12 21 18
3.056537 40.449818 2.868019 12 21 18
1.904179 5.486626 1.679457 30 36 32
2.232918 10.472824 1.851954 30 36 32
2.890396 20.445221 2.196947 30 36 32
4.205352 40.390015 2.886934 30 36 32
2.052606 5.474536 1.681755 68 78 78
2.529773 10.448645 1.856550 68 78 78
3.484107 20.396862 2.206140 68 78 78
5.392774 40.293297 2.905319 68 78 78
2.205691 5.457387 1.683969 38 48 47
2.835942 10.414347 1.860978 38 48 47
4.096445 20.328266 2.214996 38 48 47
6.617451 40.156105 2.923032 38 48 47
2.363196 5.434731 1.686080 77 82 85
3.150953 10.369035 1.865199 77 82 85
4.726466 20.237642 2.223438 77 82 85
7.877492 39.974857 2.939916 77 82 85
2.524812 5.406127 1.688067 54 60 56
3.474185 10.311827 1.869173 54 60 56
5.372931 20.123226 2.231385 54 60 56
9.170422 39.746025 2.955811 54 60 56
2.690151 5.371150 1.689908 51 53 52
3.804863 10.241874 1.872856 51 53 52
6.034287 19.983320 2.238752 51 53 52
10.493135 39.466213 2.970545 51 53 52
2.858746 5.329406 1.691583 50 56 52
4.142053 10.158385 1.876206 50 56 52
6.708667 19.816343 2.245452 50 56 52
11.841894 39.132259 2.983944 50 56 52
3.030047 5.280540 1.693070 45 58 66
4.484655 10.060654 1.879179 45 58 66
7.393870 19.620880 2.251398 45 58 66
13.212301 38.741333 2.995836 45 58 66
3.203427 5.224255 1.694346 42 48 44
4.831414 9.948082 1.881732 42 48 44
8.087388 19.395737 2.256504 42 48 44
14.599337 38.291046 3.006048 42 48 44
3.378184 5.160320 1.695392 29 34 37
5.180929 9.820212 1.883825 29 34 37
8.786419 19.139997 2.260689 29 34 37
15.997399 37.779568 3.014417 29 34 37
3.553556 5.088592 1.696190 38 40 35
5.531672 9.676756 1.885419 38 40 35
9.487905 18.853085 2.263877 38 40 35
17.400370 37.205742 3.020794 38 40 35
3.728724 5.009014 1.696721 39 43 42
5.882008 9.517601 1.886481 39 43 42
10.188576 18.534775 2.266002 39 43 42
18.801712 36.569122 3.025043 39 43 42
3.902835 4.921640 1.696972 27 33 31
6.230230 9.342854 1.886984 27 33 31
10.885020 18.185280 2.267008 27 33 31
20.194601 35.870132 3.027056 27 33 31
4.075019 4.826628 1.696934 34 47 37
6.574598 9.152829 1.886907 34 47 37
11.573756 17.805231 2.266854 34 47 37
21.572073 35.110035 3.026748 34 47 37
4.244405 4.724248 1.696598 45 54 53
6.913370 8.948069 1.886236 45 54 53
12.251301 17.395710 2.265512 45 54 53
22.927162 34.290993 3.024064 45 54 53
4.410147 4.614879 1.695963 34 38 40
7.244854 8.729331 1.884966 34 38 40
12.914268 16.958235 2.262971 34 38 40
24.253098 33.416042 3.018982 34 38 40
4.571440 4.499003 1.695030 27 31 30
7.567440 8.497580 1.883099 27 31 30
13.559440 16.494732 2.259237 27 31 30
25.543440 32.489037 3.011514 27 31 30
4.727542 4.377196 1.693804 36 41 44
7.879645 8.253964 1.880647 36 41 44
14.183851 16.007502 2.254333 36 41 44
26.792263 31.514576 3.001705 36 41 44
4.877793 4.250109 1.692295 31 34 37
8.180147 7.999791 1.877629 31 34 37
14.784854 15.499155 2.248297 31 34 37
27.994268 30.497883 2.989634 31 34 37
5.021623 4.118455 1.690516 33 39 39
8.467806 7.736484 1.874072 33 39 39
15.360173 14.972540 2.241184 33 39 39
29.144907 29.444653 2.975408 33 39 39
5.158566 3.982991 1.688485 35 39 38
8.741693 7.465555 1.870010 35 39 38
15.907946 14.430683 2.233060 35 39 38
30.240452 28.360939 2.959160 35 39 38
5.288264 3.844496 1.686221 39 38 34
9.001089 7.188565 1.865482 39 38 34
16.426739 13.876703 2.224004 39 38 34
31.278036 27.252979 2.941048 39 38 34
5.410469 3.703754 1.683746 61 56 50
9.245499 6.907080 1.860531 61 56 50
16.915558 13.313733 2.214102 61 56 50
32.255676 26.127039 2.921244 61 56 50
5.525037 3.561532 1.681082 64 60 49
9.474634 6.622637 1.855204 64 60 49
17.373829 12.744846 2.203447 64 60 49
33.172218 24.989265 2.899933 64 60 49
5.631927 3.418571 1.678254 63 59 48
9.688415 6.336715 1.849547 63 59 48
17.801390 12.173002 2.192133 63 59 48
34.027340 23.845577 2.877306 63 59 48
5.731190 3.275568 1.675285 67 58 48
9.886941 6.050708 1.843610 67 58 48
18.198442 11.600988 2.180259 67 58 48
34.821445 22.701550 2.853558 67 58 48
5.822955 3.133165 1.672200 67 63 54
10.070471 5.765903 1.837440 67 63 54
18.565502 11.031378 2.167919 67 63 54
35.555565 21.562328 2.828877 67 63 54
5.907422 2.991946 1.669022 87 83 72
10.239404 5.483466 1.831083 87 83 72
18.903368 10.466504 2.155205 87 83 72
36.231297 20.432581 2.803451 87 83 72
5.984845 2.852430 1.665772 90 82 71
10.394251 5.204433 1.824584 90 82 71
19.213062 9.908440 2.142207 90 82 71
36.850685 19.316452 2.777453 90 82 71
6.055527 2.715068 1.662471 117 125 128
10.535614 4.929708 1.817983 117 125 128
19.495789 9.358990 2.129005 117 125 128
37.416138 18.217552 2.751049 117 125 128
6.119799 2.580245 1.659139 118 126 128
10.664159 4.660062 1.811318 118 126 128
19.752878 8.819696 2.115675 118 126 128
37.930317 17.138966 2.724390 118 126 128
1.761666 5.496958 1.509574 23 29 27
1.947892 10.493488 1.512188 23 29 27
2.320345 20.486549 1.517416 23 29 27
3.065250 40.472672 1.527872 23 29 27
1.905290 5.489535 1.508936 99 104 98
2.235141 10.478642 1.510911 99 104 98
2.894843 20.456858 1.514863 99 104 98
4.214247 40.413288 1.522765 99 104 98
2.053741 5.477497 1.508273 83 91 93
2.532043 10.454567 1.509586 83 91 93
3.488646 20.408707 1.512211 83 91 93
5.401852 40.316986 1.517462 83 91 93
2.206848 5.460400 1.507586 28 38 39
2.838257 10.420372 1.508212 28 38 39
4.101074 20.340317 1.509464 28 38 39
6.626709 40.180206 1.511968 28 38 39
2.364376 5.437793 1.506876 53 60 53
3.153312 10.375158 1.506792 53 60 53
4.731185 20.249889 1.506624 53 60 53
7.886930 39.999352 1.506287 53 60 53
2.526014 5.409237 1.506144 65 69 68
3.476589 10.318047 1.505327 65 69 68
5.377738 20.135666 1.503694 65 69 68
9.180037 39.770905 1.500428 65 69 68
2.691375 5.374305 1.505391 57 59 54
3.807311 10.248183 1.503821 57 59 54
6.039182 19.995939 1.500682 57 59 54
10.502924 39.491451 1.494403 57 59 54
2.859991 5.332603 1.504619 95 109 112
4.144542 10.164779 1.502277 95 109 112
6.713644 19.829130 1.497593 95 109 112
11.851848 39.157833 1.488226 95 109 112
3.031312 5.283776 1.503830 71 77 77
4.487184 10.067125 1.500699 71 77 77
7.398928 19.633823 1.494438 71 77 77
13.222416 38.767220 1.481915 71 77 77
3.204710 5.227526 1.503026 124 125 120
4.833981 9.954625 1.499093 124 125 120
8.092522 19.408823 1.491225 124 125 120
14.609604 38.317219 1.475489 124 125 120
3.379486 5.163623 1.502212 112 116 114
5.183532 9.826819 1.497463 112 116 114
8.791625 19.153212 1.487966 112 116 114
16.007811 37.805996 1.468973 112 116 114
3.554873 5.091920 1.501389 106 112 110
5.534307 9.683414 1.495818 106 112 110
9.493174 18.866400 1.484676 106 112 110
17.410908 37.232372 1.462392 106 112 110
3.730055 5.012366 1.500562 83 88 82
5.884670 9.524304 1.494164 83 88 82
10.193901 18.548182 1.481368 83 88 82
18.812363 36.595936 1.455775 83 88 82
3.904179 4.925009 1.499734 72 76 75
6.232919 9.349590 1.492508 72 76 75
10.890398 18.198753 1.478056 72 76 75
20.205357 35.897079 1.449153 72 76 75
4.076374 4.830008 1.498910 92 96 95
6.577308 9.159588 1.490859 92 96 95
11.579176 17.818748 1.474758 92 96 95
21.582912 35.137070 1.442556 92 96 95
4.245769 4.727633 1.498093 80 82 81
6.916097 8.954838 1.489225 80 82 81
12.256755 17.409248 1.471489 80 82 81
22.938070 34.318069 1.436018 80 82 81
4.411516 4.618264 1.497287 76 80 79
7.247592 8.736100 1.487613 76 80 79
12.919744 16.971773 1.468265 76 80 79
24.264050 33.443119 1.429570 76 80 79
4.572812 4.502382 1.496496 58 59 54
7.570185 8.504337 1.486031 58 59 54
13.564930 16.508247 1.465102 58 59 54
25.554420 32.516068 1.423243 58 59 54
4.728916 4.380563 1.495724 49 53 52
7.882393 8.260698 1.484487 49 53 52
14.189347 16.020969 1.462014 49 53 52
26.803255 31.541513 1.417067 49 53 52
4.879166 4.253459 1.494974 142 151 150
8.182892 8.006491 1.482987 142 151 150
14.790344 15.512554 1.459014 142 151 150
28.005249 30.524681 1.411068 142 151 150
5.022992 4.121783 1.494249 172 175 168
8.470545 7.743139 1.481538 172 175 168
15.365650 14.985851 1.456115 172 175 168
29.155861 29.471275 1.405271 172 175 168
5.159929 3.986293 1.493552 53 56 49
8.744419 7.472158 1.480144 53 56 49
15.913398 14.443889 1.453328 53 56 49
30.251356 28.387350 1.399695 53 56 49
5.289619 3.847766 1.492885 138 146 148
9.003798 7.195105 1.478810 138 146 148
16.432158 13.889782 1.450660 138 146 148
31.288876 27.279137 1.394359 138 146 148
5.411813 3.706987 1.492250 142 150 152
9.248186 6.913548 1.477539 142 150 152
16.920933 13.326668 1.448117 142 150 152
32.266426 26.152908 1.389274 142 150 152
5.526368 3.564726 1.491647 67 65 68
9.477297 6.629025 1.476333 67 65 68
17.379154 12.757624 1.445706 67 65 68
33.182869 25.014820 1.384451 67 65 68
5.633245 3.421722 1.491077 73 71 74
9.691050 6.343018 1.475194 73 71 74
17.806660 12.185608 1.443428 73 71 74
34.037880 23.870789 1.379895 73 71 74
5.732491 3.278674 1.490541 79 79 79
9.889543 6.056920 1.474122 79 79 79
18.203646 11.613413 1.441284 79 79 79
34.831852 22.726398 1.375607 79 79 79
5.824239 3.136223 1.490039 53 48 29
10.073038 5.772019 1.473117 53 48 29
18.570637 11.043611 1.439274 53 48 29
35.565834 21.586794 1.371588 53 48 29
5.908687 2.994955 1.489569 88 84 73
10.241934 5.489482 1.472178 88 84 73
18.908428 10.478537 1.437396 88 84 73
36.241417 20.456646 1.367832 88 84 73
5.986091 2.855387 1.489132 78 72 63
10.396742 5.210348 1.471304 78 72 63
19.218044 9.920268 1.435647 78 72 63
36.860649 19.340109 1.364334 78 72 63
6.056751 2.717973 1.488726 88 97 96
10.538063 4.935518 1.470492 88 97 96
19.500687 9.370608 1.434023 88 97 96
37.425934 18.240789 1.361086 88 97 96
6.121002 2.583096 1.488350 105 116 120
10.666565 4.665765 1.469740 105 116 120
19.757690 8.831102 1.432519 105 116 120
37.939941 17.161777 1.358078 105 116 120
1.762545 5.494209 1.342234 97 102 98
1.949651 10.487990 1.177507 97 102 98
2.323862 20.475554 0.848054 97 102 98
3.072284 40.450680 0.189148 97 102 98
1.906018 5.486646 1.338603 101 105 104
2.236597 10.472864 1.170246 101 105 104
2.897754 20.445301 0.833531 101 105 104
4.220068 40.390175 0.160102 101 105 104
2.054299 5.474472 1.334990 106 111 107
2.533159 10.448516 1.163020 106 111 107
3.490879 20.396605 0.819079 106 111 107
5.406318 40.292782 0.131198 106 111 107
2.207220 5.457244 1.331414 105 110 104
2.839000 10.414062 1.155867 105 110 104
4.102560 20.327696 0.804773 105 110 104
6.629680 40.154964 0.102585 105 110 104
2.364542 5.434518 1.327894 49 54 50
3.153645 10.368608 1.148827 49 54 50
4.731851 20.236790 0.790694 49 54 50
7.888262 39.973152 0.074428 49 54 50
2.525958 5.405853 1.324454 75 76 71
3.476476 10.311279 1.141947 75 76 71
5.377513 20.122131 0.776933 75 76 71
9.179586 39.743835 0.046906 75 76 71
2.691080 5.370829 1.321117 55 59 58
3.806720 10.241230 1.135273 55 59 58
6.038000 19.982033 0.763586 55 59 58
10.500560 39.463638 0.020211 55 59 58
2.859440 5.329051 1.317908 55 57 54
4.143441 10.157674 1.128856 55 57 54
6.711442 19.814920 0.750752 55 57 54
11.847445 39.129414 -0.005456 55 57 54
3.030492 5.280168 1.314855 34 38 39
4.485545 10.059908 1.122749 34 38 39
7.395651 19.619389 0.738537 34 38 39
13.215862 38.738350 -0.029886 34 38 39
3.203610 5.223884 1.311982 114 120 118
4.831781 9.947341 1.117003 114 120 118
8.088123 19.394255 0.727045 114 120 118
14.600807 38.288082 -0.052870 114 120 118
3.378097 5.159973 1.309316 112 116 115
5.180754 9.819518 1.111671 112 116 115
8.786068 19.138609 0.716381 112 116 115
15.996696 37.776791 -0.074198 112 116 115
3.553189 5.088289 1.306882 114 115 117
5.530939 9.676150 1.106803 114 115 117
9.486438 18.851873 0.706646 114 115 117
17.397436 37.203320 -0.093669 114 115 117
3.728075 5.008780 1.304704 111 115 114
5.880710 9.517134 1.102447 111 115 114
10.185981 18.533840 0.697933 111 115 114
18.796522 36.567253 -0.111094 111 115 114
3.901905 4.921499 1.302803 113 119 117
6.228370 9.342571 1.098645 113 119 117
10.881300 18.184715 0.690329 113 119 117
20.187160 35.869003 -0.126302 113 119 117
4.073812 4.826603 1.301197 113 119 117
6.572183 9.152780 1.095434 113 119 117
11.568927 17.805132 0.683907 113 119 117
21.562414 35.109837 -0.139147 113 119 117
4.242929 4.724362 1.299901 111 117 115
6.910418 8.948298 1.092843 111 117 115
12.245396 17.396168 0.678725 111 117 115
22.915352 34.291908 -0.149511 111 117 115
4.408414 4.615154 1.298927 111 115 113
7.241388 8.729881 1.090893 111 115 113
12.907337 16.959335 0.674826 111 115 113
24.239235 33.418243 -0.157308 111 115 113
4.569467 4.499459 1.298279 110 114 117
7.563494 8.498490 1.089598 110 114 117
13.551549 16.496553 0.672235 110 114 117
25.527658 32.492680 -0.162490 110 114 117
4.725349 4.377848 1.297960 106 113 116
7.875258 8.255268 1.088960 106 113 116
14.175077 16.010109 0.670960 106 113 116
26.774715 31.519791 -0.165041 106 113 116
4.875401 4.250971 1.297967 115 119 118
8.175362 8.001514 1.088974 115 119 118
14.775285 15.502601 0.670987 115 119 118
27.975130 30.504774 -0.164986 115 119 118
5.019057 4.119537 1.298292 117 119 114
8.462675 7.738647 1.089624 117 119 114
15.349910 14.976868 0.672288 117 119 114
29.124380 29.453308 -0.162385 117 119 114
5.155852 3.984300 1.298924 127 132 126
8.736264 7.468173 1.090888 127 132 126
15.897089 14.435919 0.674816 127 132 126
30.218739 28.371410 -0.157329 127 132 126
5.285428 3.846035 1.299848 107 113 109
8.995417 7.191642 1.092735 107 113 109
16.415394 13.882857 0.678510 107 113 109
31.255348 27.265287 -0.149940 107 113 109
5.407537 3.705521 1.301045 105 111 111
9.239635 6.910615 1.095129 105 111 111
16.903830 13.320804 0.683298 105 111 111
32.232220 26.141180 -0.140364 105 111 111
5.522036 3.563525 1.302495 115 120 114
9.468632 6.626623 1.098029 115 120 114
17.361824 12.752819 0.689098 115 120 114
33.148209 25.005211 -0.128765 115 120 114
5.628882 3.420783 1.304175 134 138 139
9.682325 6.341138 1.101390 134 138 139
17.789211 12.181849 0.695819 134 138 139
34.002983 23.863272 -0.115322 134 138 139
5.728124 3.277989 1.306062 104 110 107
9.880809 6.055551 1.105164 104 110 107
18.186178 11.610674 0.703368 104 110 107
34.796917 22.720921 -0.100224 104 110 107
5.819890 3.135785 1.308132 97 102 96
10.064341 5.771142 1.109304 97 102 96
18.553242 11.041857 0.711649 97 102 96
35.531044 21.583286 -0.083663 97 102 96
5.904377 2.994751 1.310362 99 104 98
10.233314 5.489075 1.113763 99 104 98
18.891188 10.477722 0.720565 99 104 98
36.206936 20.455017 -0.065830 99 104 98
5.981838 2.855406 1.312726 86 91 87
10.388237 5.210385 1.118492 86 91 87
19.201035 9.920343 0.730024 86 91 87
36.826630 19.340260 -0.046912 86 91 87
6.052572 2.718200 1.315204 107 113 111
10.529704 4.935973 1.123448 107 113 111
19.483969 9.371519 0.739936 107 113 111
37.392498 18.242611 -0.027088 107 113 111
6.116909 2.583518 1.317774 115 120 116
10.658378 4.666609 1.128588 115 120 116
19.741316 8.832790 0.750216 115 120 116
37.907192 17.165154 -0.006528 115 120 116
1.763213 5.485902 1.175631 88 92 91
1.950986 10.471377 0.844302 88 92 91
2.326533 20.442327 0.181643 88 92 91
3.077627 40.384228 -1.143674 88 92 91
1.906361 5.478008 1.169049 88 93 88
2.237283 10.455588 0.831138 88 93 88
2.899127 20.410749 0.155315 88 93 88
4.222814 40.321072 -1.196330 88 93 88
2.054283 5.465513 1.162528 90 95 91
2.533127 10.430598 0.818095 90 95 91
3.490815 20.360769 0.129230 90 95 91
5.406191 40.221111 -1.248500 90 95 91
2.206809 5.447979 1.156104 88 93 87
2.838179 10.395532 0.805247 88 93 87
4.100918 20.290636 0.103534 88 93 87
6.626397 40.080845 -1.299892 88 93 87
2.363702 5.424967 1.149817 99 103 102
3.151965 10.349507 0.792675 99 103 102
4.728491 20.198587 0.078389 99 103 102
7.881542 39.896748 -1.350183 99 103 102
2.524654 5.396042 1.143712 58 62 61
3.473868 10.291656 0.780464 58 62 61
5.372297 20.082886 0.053967 58 62 61
9.169154 39.665344 -1.399027 58 62 61
2.689279 5.360788 1.137833 66 68 63
3.803118 10.221149 0.768706 66 68 63
6.030796 19.941872 0.030452 66 68 63
10.486152 39.383316 -1.446057 66 68 63
2.857112 5.318819 1.132229 70 74 73
4.138784 10.137210 0.757498 70 74 73
6.702130 19.773993 0.008036 70 74 73
11.828820 39.047558 -1.490888 70 74 73
3.027610 5.269787 1.126950 107 111 110
4.479781 10.039146 0.746939 107 111 110
7.384123 19.577866 -0.013083 107 111 110
13.192806 38.655304 -1.533126 107 111 110
3.200152 5.213404 1.122043 116 115 112
4.824865 9.926380 0.737127 116 115 112
8.074291 19.352333 -0.032707 116 115 112
14.573144 38.204239 -1.572375 116 115 112
3.374047 5.149446 1.117560 129 120 109
5.172655 9.798465 0.728159 129 120 109
8.769871 19.096502 -0.050643 129 120 109
15.964302 37.692577 -1.608247 129 120 109
3.548539 5.077774 1.113544 191 149 133
5.521638 9.655121 0.720128 191 149 133
9.467837 18.809814 -0.066704 191 149 133
17.360235 37.119202 -1.640368 191 149 133
3.722821 4.998338 1.110041 201 154 138
5.870203 9.496249 0.713122 201 154 138
10.164967 18.492071 -0.080717 201 154 138
18.754494 36.483715 -1.668395 201 154 138
3.896055 4.911192 1.107088 155 102 86
6.216670 9.321957 0.707215 155 102 86
10.857900 18.143486 -0.092530 155 102 86
20.140360 35.786545 -1.692021 155 102 86
4.067379 4.816494 1.104717 109 113 116
6.559319 9.132562 0.702473 109 113 116
11.543200 17.764696 -0.102014 109 113 116
21.510960 35.028965 -1.710989 109 113 116
4.235938 4.714513 1.102953 136 140 139
6.896437 8.928599 0.698946 136 140 139
12.217434 17.356771 -0.109068 136 140 139
22.859428 34.213116 -1.725097 136 140 139
4.400897 4.605625 1.101814 128 131 136
7.226354 8.710822 0.696668 128 131 136
12.877268 16.921217 -0.113624 128 131 136
24.179096 33.342007 -1.734209 128 131 136
4.561461 4.490304 1.101308 115 121 121
7.547483 8.480181 0.695656 115 121 121
13.519527 16.459934 -0.115648 115 121 121
25.463615 32.419441 -1.738256 115 121 121
4.716901 4.369118 1.101435 185 189 190
7.858363 8.237808 0.695910 185 189 190
14.141287 15.975189 -0.115140 185 189 190
26.707134 31.449951 -1.737240 185 189 190
4.866563 4.242707 1.102186 116 120 123
8.157686 7.984988 0.697412 116 120 123
14.739932 15.469548 -0.112137 116 120 123
27.904425 30.438669 -1.731235 116 120 123
5.009883 4.111777 1.103543 114 120 122
8.444326 7.723126 0.700125 114 120 122
15.313214 14.945826 -0.106710 114 120 122
29.050989 29.391224 -1.720380 114 120 122
5.146401 3.977071 1.105481 182 187 183
8.717362 7.453714 0.704001 182 187 183
15.859285 14.407001 -0.098959 182 187 183
30.143131 28.313574 -1.704879 182 187 183
5.275759 3.839355 1.107967 191 196 192
8.976079 7.178283 0.708974 191 196 192
16.376719 13.856139 -0.089012 191 196 192
31.177998 27.211851 -1.684985 191 196 192
5.397709 3.699402 1.110966 120 124 123
9.219978 6.898377 0.714971 120 124 123
16.864517 13.296328 -0.077019 120 124 123
32.153595 26.092228 -1.660998 120 124 123
5.512107 3.557971 1.114434 103 109 107
9.448774 6.615515 0.721907 103 109 107
17.322109 12.730602 -0.063147 103 109 107
33.068779 24.960777 -1.633255 103 109 107
5.618907 3.415789 1.118326 99 105 105
9.662374 6.331151 0.729692 99 105 105
17.749310 12.161876 -0.047576 99 105 105
33.923180 23.823324 -1.602112 99 105 105
5.718153 3.273546 1.122597 101 107 107
9.860866 6.046665 0.738234 101 107 107
18.146292 11.592903 -0.030491 101 107 107
34.717144 22.685379 -1.567943 101 107 107
5.809970 3.131878 1.127199 100 106 106
10.044501 5.763329 0.747438 100 106 106
18.513563 11.026230 -0.012084 100 106 106
35.451687 21.552032 -1.531128 100 106 106
5.894550 2.991360 1.132086 98 104 102
10.213661 5.482293 0.757211 98 104 102
18.851883 10.464159 0.007461 98 104 102
36.128326 20.427891 -1.492039 98 104 102
5.972143 2.852508 1.137210 96 102 102
10.368846 5.204589 0.767460 96 102 102
19.162252 9.908751 0.027960 96 102 102
36.749065 19.317074 -1.451040 96 102 102
6.043040 2.715768 1.142530 96 102 100
10.510640 4.931109 0.778100 96 102 100
19.445841 9.361792 0.049240 96 102 100
37.316242 18.223156 -1.408480 96 102 100
6.107568 2.581525 1.148005 89 95 95
10.639696 4.662622 0.789049 89 95 95
19.703953 8.824818 0.071138 89 95 95
37.832466 17.149208 -1.364685 89 95 95
1.763670 5.472138 1.010313 113 117 116
1.951900 10.443850 0.513666 113 117 116
2.328360 20.387272 -0.479629 113 117 116
3.081281 40.274117 -2.466219 113 117 116
1.906324 5.463729 1.000850 115 122 116
2.237209 10.427032 0.494740 115 122 116
2.898978 20.353636 -0.517481 115 122 116
4.222517 40.206844 -2.541923 115 122 116
2.053701 5.450736 0.991492 118 121 116
2.531963 10.401045 0.476024 118 121 116
3.488486 20.301662 -0.554913 118 121 116
5.401533 40.102898 -2.616786 118 121 116
2.205630 5.432727 0.982294 136 127 122
2.835820 10.365027 0.457627 136 127 122
4.096201 20.229628 -0.591707 136 127 122
6.616963 39.958828 -2.690373 136 127 122
2.361874 5.409270 0.973314 151 121 110
3.148309 10.318113 0.439667 151 121 110
4.721178 20.135799 -0.627627 151 121 110
7.866916 39.771172 -2.762215 151 121 110
2.522126 5.379940 0.964615 117 102 94
3.468812 10.259453 0.422270 117 102 94
5.362185 20.018478 -0.662420 117 102 94
9.148932 39.536530 -2.831800 117 102 94
2.686003 5.344329 0.956266 161 129 118
3.796566 10.188231 0.405572 161 129 118
6.017693 19.876034 -0.695817 161 129 118
10.459947 39.251640 -2.898593 161 129 118
2.853045 5.302059 0.948336 193 142 123
4.130650 10.103690 0.389711 193 142 123
6.685860 19.706953 -0.727538 193 142 123
11.796281 38.913479 -2.962036 193 142 123
3.022712 5.252792 0.940896 182 129 111
4.469985 10.005157 0.374832 182 129 111
7.364531 19.509886 -0.757296 182 129 111
13.153623 38.519344 -3.021552 182 129 111
3.194393 5.196247 0.934019 163 111 89
4.813346 9.892067 0.361077 163 111 89
8.051252 19.283707 -0.784806 163 111 89
14.527065 38.066986 -3.076572 163 111 89
3.367402 5.132211 0.927774 154 93 72
5.159365 9.763994 0.348587 154 93 72
8.743291 19.027561 -0.809787 154 93 72
15.911142 37.554695 -3.126534 154 93 72
3.540996 5.060545 0.922227 145 92 74
5.506552 9.620664 0.337494 145 92 74
9.437664 18.740900 -0.831971 145 92 74
17.299889 36.981373 -3.170903 145 92 74
3.714378 4.981209 0.917442 144 93 74
5.853317 9.461991 0.327923 144 93 74
10.131194 18.423555 -0.851114 144 93 74
18.686949 36.346684 -3.209188 144 93 74
3.886721 4.894258 0.913471 156 107 90
6.198003 9.288089 0.319982 156 107 90
10.820566 18.075750 -0.866996 156 107 90
20.065693 35.651073 -3.240953 156 107 90
4.057179 4.799850 0.910361 140 146 136
6.538918 9.099274 0.313761 140 146 136
11.502398 17.698120 -0.879438 140 146 136
21.429356 34.895813 -3.265836 140 146 136
4.224906 4.698254 0.908146 110 114 113
6.874373 8.896081 0.309331 110 114 113
12.173306 17.291735 -0.888298 110 114 113
22.771173 34.083042 -3.283557 110 114 113
4.389080 4.589839 0.906849 112 118 116
7.202721 8.679252 0.306738 112 118 116
12.830003 16.858076 -0.893484 112 118 116
24.084566 33.215725 -3.293929 112 118 116
4.548920 4.475077 0.906482 113 117 118
7.522400 8.449726 0.306003 113 117 118
13.469361 16.399025 -0.894954 113 117 118
25.363283 32.297623 -3.296868 113 117 118
4.703703 4.354524 0.907041 112 118 116
7.831967 8.208621 0.307123 112 118 116
14.088494 15.916815 -0.892715 112 118 116
26.601549 31.333202 -3.292391 112 118 116
4.852785 4.228814 0.908513 109 115 113
8.130131 7.957201 0.310066 109 115 113
14.684822 15.413976 -0.886829 109 115 113
27.794205 30.327524 -3.280619 109 115 113
4.995608 4.098639 0.910870 109 115 113
8.415777 7.696849 0.314779 109 115 113
15.256115 14.893271 -0.877403 109 115 113
28.936790 29.286116 -3.261766 109 115 113
5.131715 3.964729 0.914073 111 117 117
8.687990 7.429031 0.321185 111 117 117
15.800541 14.357635 -0.864590 111 117 117
30.025642 28.214842 -3.236140 111 117 117
5.260752 3.827842 0.918075 110 116 114
8.946064 7.155258 0.329189 110 116 114
16.316689 13.810088 -0.848582 110 116 114
31.057938 27.119749 -3.204124 110 116 114
5.382467 3.688737 0.922820 111 118 111
9.189495 6.877046 0.338680 111 118 111
16.803551 13.253665 -0.829601 111 118 111
32.031662 26.006903 -3.166162 111 118 111
5.496716 3.548160 0.928246 106 112 112
9.417994 6.595892 0.349532 106 112 112
17.260548 12.691357 -0.807896 106 112 112
32.945656 24.882286 -3.122752 106 112 112
5.603450 3.406829 0.934287 99 105 105
9.631461 6.313231 0.361615 99 105 105
17.687483 12.126036 -0.783731 99 105 105
33.799526 23.751644 -3.074423 99 105 105
5.702707 3.265424 0.940875 102 108 106
9.829974 6.030420 0.374789 102 108 106
18.084509 11.560413 -0.757382 102 108 106
34.593578 22.620399 -3.021725 102 108 106
5.794605 3.124572 0.947938 101 107 107
10.013770 5.748717 0.388916 101 107 107
18.452101 10.997007 -0.729128 101 107 107
35.328762 21.493587 -2.965216 101 107 107
5.879329 2.984844 0.955410 97 103 103
10.183219 5.469260 0.403859 97 103 103
18.790998 10.438093 -0.699242 97 103 103
36.006557 20.375759 -2.905445 97 103 103
5.957121 2.846746 0.963222 95 101 101
10.338803 5.193066 0.419484 95 101 101
19.102167 9.885704 -0.667992 95 101 101
36.628895 19.270981 -2.842944 95 101 101
6.028266 2.710724 0.971312 92 98 98
10.481093 4.921021 0.435664 92 98 98
19.386747 9.341616 -0.635632 92 98 98
37.198055 18.182804 -2.778225 92 98 98
6.093083 2.577157 0.979620 90 96 96
10.610727 4.653887 0.452279 90 96 96
19.646015 8.807346 -0.602403 90 96 96
37.716591 17.114265 -2.711766 90 96 96
1.763918 5.453070 0.846805 114 75 58
1.952397 10.405713 0.186649 114 75 58
2.329354 20.310999 -1.133662 114 75 58
3.083268 40.121571 -3.774285 114 75 58
1.905915 5.443974 0.834558 145 100 79
2.236390 10.387522 0.162156 145 100 79
2.897341 20.274616 -1.182648 145 100 79
4.219242 40.048805 -3.872256 145 100 79
2.052567 5.430317 0.822463 112 75 57
2.529695 10.360207 0.137966 112 75 57
3.483950 20.219986 -1.231028 112 75 57
5.392461 39.939545 -3.969017 112 75 57
2.203703 5.411675 0.810591 132 87 68
2.831967 10.322923 0.114221 132 87 68
4.088494 20.145418 -1.278517 132 87 68
6.601549 39.790409 -4.063995 132 87 68
2.359087 5.387626 0.799018 126 81 60
3.142735 10.274825 0.091076 126 81 60
4.710030 20.049223 -1.324809 126 81 60
7.844621 39.598019 -4.156579 126 81 60
2.518413 5.357757 0.787827 124 77 59
3.461387 10.215086 0.068694 124 77 59
5.347334 19.929745 -1.369572 124 77 59
9.119228 39.359062 -4.246104 124 77 59
2.681302 5.321670 0.777106 127 80 60
3.787163 10.142912 0.047252 127 80 60
5.998888 19.785397 -1.412456 127 80 60
10.422336 39.070366 -4.331873 127 80 60
2.847297 5.278999 0.766945 134 83 66
4.119155 10.057571 0.026930 134 83 66
6.662871 19.614716 -1.453100 134 83 66
11.750303 38.729004 -4.413161 134 83 66
3.015870 5.229421 0.757436 140 89 70
4.456300 9.958414 0.007912 140 89 70
7.337161 19.416401 -1.491136 140 89 70
13.098883 38.332375 -4.489232 140 89 70
3.186414 5.172660 0.748673 144 92 70
4.797388 9.844893 -0.009615 144 92 70
8.019337 19.189358 -1.526190 144 92 70
14.463234 37.878288 -4.559341 144 92 70
3.358258 5.108515 0.740744 149 98 78
5.141076 9.716602 -0.025473 149 98 78
8.706712 18.932777 -1.557906 149 98 78
15.837984 37.365128 -4.622772 149 98 78
3.530669 5.036858 0.733736 146 96 79
5.485898 9.573288 -0.039489 146 96 79
9.396358 18.646149 -1.585939 146 96 79
17.217276 36.791870 -4.678838 146 96 79
3.702868 4.957651 0.727727 157 111 95
5.830297 9.414875 -0.051507 157 111 95
10.085154 18.329323 -1.609975 157 111 95
18.594868 36.158218 -4.726911 157 111 95
3.874042 4.870954 0.722786 166 123 107
6.172644 9.241480 -0.061388 166 123 107
10.769848 17.982533 -1.629737 166 123 107
19.964256 35.464638 -4.766434 166 123 107
4.043360 4.776926 0.718971 129 134 130
6.511281 9.053425 -0.069017 129 134 130
11.447122 17.606422 -1.644995 129 134 130
21.318804 34.712418 -4.796951 129 134 130
4.209994 4.675833 0.716327 104 106 105
6.844549 8.851239 -0.074306 104 106 105
12.113659 17.202051 -1.655573 104 106 105
22.651878 33.903675 -4.818106 104 106 105
4.373138 4.568042 0.714882 113 117 116
7.170837 8.635657 -0.077197 113 117 116
12.766235 16.770887 -1.661355 113 117 116
23.957031 33.041348 -4.829670 113 117 116
4.532025 4.454013 0.714648 110 116 114
7.488610 8.407598 -0.077665 110 116 114
13.401781 16.314770 -1.662291 110 116 114
25.228123 32.129112 -4.831542 110 116 114
4.685945 4.334294 0.715621 109 115 113
7.796451 8.168161 -0.075718 109 115 113
14.017462 15.835896 -1.658397 109 115 113
26.459484 31.171364 -4.823754 109 115 113
4.834263 4.209506 0.717782 107 113 111
8.093087 7.918584 -0.071397 107 113 111
14.610735 15.336740 -1.649754 107 113 111
27.646030 30.173054 -4.806468 107 113 111
4.976432 4.080324 0.721094 106 112 110
8.377425 7.660221 -0.064773 106 112 110
15.179411 14.820015 -1.636506 106 112 110
28.783382 29.139603 -4.779973 106 112 110
5.111998 3.947467 0.725507 106 112 112
8.648556 7.394506 -0.055947 106 112 112
15.721673 14.288585 -1.618855 106 112 112
29.867907 28.076742 -4.744670 106 112 112
5.240609 3.811674 0.730958 105 111 107
8.905779 7.122920 -0.045045 105 111 107
16.236118 13.745413 -1.597049 105 111 107
30.896797 26.990398 -4.701059 105 111 107
5.362016 3.673687 0.737375 106 110 111
9.148592 6.846948 -0.032211 106 110 111
16.721745 13.193468 -1.571382 106 110 111
31.868050 25.886509 -4.649724 106 110 111
5.476068 3.534240 0.744677 105 111 111
9.376697 6.568053 -0.017607 105 111 111
17.177954 12.635679 -1.542175 105 111 111
32.780468 24.770931 -4.591310 105 111 111
5.582712 3.394037 0.752777 102 108 108
9.589984 6.287647 -0.001407 102 108 108
17.604528 12.074866 -1.509773 102 108 108
33.633617 23.649305 -4.526507 102 108 108
5.681979 3.253743 0.761586 100 106 104
9.788519 6.007059 0.016213 100 106 104
18.001598 11.513691 -1.474535 100 106 104
34.427757 22.526955 -4.456031 100 106 104
5.773981 3.113976 0.771015 99 105 105
9.972522 5.727525 0.035069 99 105 105
18.369604 10.954622 -1.436822 99 105 105
35.163769 21.408817 -4.380605 99 105 105
5.858892 2.975296 0.780972 92 102 101
10.142344 5.450165 0.054984 92 102 101
18.709249 10.399903 -1.396992 92 102 101
35.843060 20.299379 -4.300944 92 102 101
5.936945 2.838205 0.791372 93 99 99
10.298450 5.175983 0.075784 93 99 99
19.021461 9.851539 -1.355392 93 99 99
36.467484 19.202650 -4.217744 93 99 99
6.008415 2.703140 0.802132 90 96 96
10.441390 4.905854 0.097304 90 96 96
19.307341 9.311280 -1.312353 90 96 96
37.039242 18.122133 -4.131667 90 96 96
6.073611 2.570478 0.813173 87 93 93
10.571782 4.640530 0.119386 87 93 93
19.568125 8.780632 -1.268189 87 93 93
37.560810 17.060837 -4.043338 87 93 93
1.763963 5.428898 0.685602 121 78 61
1.952487 10.357369 -0.135757 121 78 61
2.329534 20.214312 -1.778475 121 78 61
3.083627 39.928196 -5.063910 121 78 61
1.905145 5.418959 0.670694 118 77 59
2.234850 10.337490 -0.165573 118 77 59
2.894260 20.174553 -1.838106 118 77 59
4.213080 39.848679 -5.183173 118 77 59
2.050900 5.404485 0.655986 121 76 55
2.526361 10.308542 -0.194988 121 76 55
3.477283 20.116657 -1.896937 121 76 55
5.379127 39.732887 -5.300834 121 76 55
2.201057 5.385066 0.641565 127 81 59
2.826675 10.269705 -0.223830 127 81 59
4.077911 20.038982 -1.954619 127 81 59
6.580382 39.577538 -5.416199 127 81 59
2.355380 5.360292 0.627526 131 84 64
3.135321 10.220158 -0.251909 131 84 64
4.695203 19.939888 -2.010778 131 84 64
7.814966 39.379349 -5.528516 131 84 64
2.513565 5.329763 0.613968 133 86 68
3.451691 10.159099 -0.279025 133 86 68
5.327943 19.817770 -2.065010 133 86 68
9.080446 39.135113 -5.636981 133 86 68
2.675238 5.293096 0.600997 138 93 74
3.775036 10.085765 -0.304967 138 93 74
5.974632 19.671103 -2.116894 138 93 74
10.373824 38.841778 -5.740748 138 93 74
2.839948 5.249939 0.588723 103 61 49
4.104457 9.999451 -0.329514 103 61 49
6.633475 19.498474 -2.165988 103 61 49
11.691510 38.496521 -5.838937 103 61 49
3.007175 5.199979 0.577258 148 103 84
4.438911 9.899530 -0.352444 148 103 84
7.302382 19.298634 -2.211849 148 103 84
13.029325 38.096840 -5.930658 148 103 84
3.176325 5.142959 0.566713 155 110 91
4.777210 9.785491 -0.373534 155 110 91
7.978981 19.070555 -2.254028 155 110 91
14.382524 37.640682 -6.015017 155 110 91
3.346740 5.078685 0.557197 142 95 79
5.118040 9.656943 -0.392567 142 95 79
8.660641 18.813459 -2.292094 142 95 79
15.745842 37.126492 -6.091148 142 95 79
3.517702 5.007041 0.548812 159 115 102
5.459965 9.513655 -0.409337 159 115 102
9.344491 18.526882 -2.325635 159 115 102
17.113543 36.553337 -6.158230 159 115 102
3.688452 4.927996 0.541652 136 97 87
5.801464 9.355564 -0.423657 136 97 87
10.027488 18.210701 -2.354275 136 97 87
18.479536 35.920975 -6.215510 136 97 87
3.858192 4.841612 0.535800 137 136 131
6.140945 9.182796 -0.435361 137 136 131
10.706451 17.865166 -2.377682 137 136 131
19.837463 35.229904 -6.262324 137 136 131
4.026115 4.748053 0.531324 140 142 141
6.476791 8.995678 -0.444311 140 142 141
11.378143 17.490929 -2.395583 140 142 141
21.180847 34.481430 -6.298127 140 142 141
4.191411 4.647579 0.528278 121 123 120
6.807384 8.794731 -0.450405 121 123 120
12.039328 17.089035 -2.407770 121 123 120
22.503216 33.677643 -6.322501 121 123 120
4.353293 4.540552 0.526694 113 114 109
7.131147 8.580676 -0.453573 113 114 109
12.686855 16.660925 -2.414107 113 114 109
23.798271 32.821423 -6.335175 113 114 109
4.511011 4.427422 0.526586 118 122 121
7.446583 8.354416 -0.453788 118 122 121
13.317726 16.208405 -2.414536 118 122 121
25.060013 31.916382 -6.336033 118 122 121
4.663872 4.308724 0.527950 111 115 114
7.752305 8.117022 -0.451060 111 115 114
13.929170 15.733616 -2.409081 111 115 114
26.282900 30.966805 -6.325121 111 115 114
4.811253 4.185063 0.530760 108 114 114
8.047066 7.869700 -0.445440 108 114 114
14.518692 15.238973 -2.397840 108 114 114
27.461945 29.977518 -6.302640 108 114 114
4.952616 4.057100 0.534972 106 112 112
8.329792 7.613773 -0.437016 106 112 112
15.084145 14.727119 -2.380992 106 112 112
28.592850 28.953812 -6.268944 106 112 112
5.087513 3.925532 0.540526 101 107 107
8.599587 7.350636 -0.425909 101 107 107
15.623735 14.200845 -2.358778 101 107 107
29.672031 27.901262 -6.224517 101 107 107
5.215597 3.791079 0.547344 104 110 110
8.855755 7.081730 -0.412272 104 110 110
16.136070 13.663033 -2.331505 104 110 110
30.696703 26.825638 -6.169971 104 110 110
5.336617 3.654466 0.555339 103 109 109
9.097795 6.808505 -0.396282 103 109 109
16.620152 13.116583 -2.299525 103 109 109
31.664864 25.732738 -6.106009 103 109 109
5.450420 3.516407 0.564414 103 109 109
9.325401 6.532386 -0.378133 103 109 109
17.075363 12.564344 -2.263227 103 109 109
32.575287 24.628262 -6.033414 103 109 109
5.556946 3.377588 0.574462 100 106 106
9.538452 6.254748 -0.358036 100 106 106
17.501465 12.009069 -2.223032 100 106 106
33.427490 23.517712 -5.953023 100 106 106
5.656219 3.238661 0.585378 96 102 102
9.736998 5.976895 -0.336205 96 102 102
17.898556 11.453363 -2.179371 96 102 102
34.221672 22.406300 -5.865702 96 102 102
5.748338 3.100230 0.597049 96 102 102
9.921237 5.700032 -0.312862 96 102 102
18.267035 10.899637 -2.132684 96 102 102
34.958630 21.298847 -5.772328 96 102 102
5.833471 2.962844 0.609369 90 99 98
10.091502 5.425261 -0.288222 90 99 98
18.607565 10.350094 -2.083405 90 99 98
35.639690 20.199760 -5.673769 90 99 98
5.911836 2.826995 0.622231 89 95 95
10.248233 5.153563 -0.262497 89 95 95
18.921026 9.806699 -2.031955 89 95 95
36.266613 19.112970 -5.570871 89 95 95
5.983698 2.693115 0.635536 96 105 104
10.391956 4.885802 -0.235889 96 105 104
19.208473 9.271177 -1.978739 96 105 104
36.841507 18.041927 -5.464438 96 105 104
6.049353 2.561574 0.649187 86 95 94
10.523266 4.622720 -0.208587 86 95 94
19.471092 8.745012 -1.924135 86 95 94
37.366745 16.989597 -5.355230 86 95 94
1.763810 5.399867 0.527163 120 79 61
1.952181 10.299307 -0.452635 120 79 61
2.328923 20.098186 -2.412230 120 79 61
3.082406 39.695946 -6.331420 120 79 61
1.904028 5.388942 0.509737 121 83 64
2.232616 10.277456 -0.487486 121 83 64
2.889793 20.054485 -2.481932 121 83 64
4.204146 39.608543 -6.470824 121 83 64
2.048725 5.373517 0.492563 129 86 67
2.522010 10.246606 -0.521834 129 86 67
3.468581 19.992785 -2.550629 129 86 67
5.361722 39.485142 -6.608219 129 86 67
2.197727 5.353194 0.475741 135 92 75
2.820015 10.205961 -0.555478 135 92 75
4.064591 19.911495 -2.617916 135 92 75
6.553743 39.322563 -6.742793 135 92 75
2.350801 5.327579 0.459382 140 97 80
3.126162 10.154731 -0.588196 140 97 80
4.676885 19.809034 -2.683353 140 97 80
7.778330 39.117641 -6.873666 140 97 80
2.507644 5.296286 0.443602 140 97 80
3.439849 10.092144 -0.619756 140 97 80
5.304258 19.683861 -2.746473 140 97 80
9.033077 38.867294 -6.999906 140 97 80
2.667888 5.258950 0.428524 146 103 86
3.760336 10.017472 -0.649912 146 103 86
5.945232 19.534517 -2.806784 146 103 86
10.315024 38.568607 -7.120528 146 103 86
2.831090 5.215232 0.414276 144 101 84
4.086740 9.930037 -0.678409 144 101 84
6.598042 19.359646 -2.863778 144 101 84
11.620644 38.218864 -7.234516 144 101 84
2.996740 5.164838 0.400985 151 108 91
4.418040 9.829248 -0.704990 151 108 91
7.260641 19.158070 -2.916940 151 108 91
12.945842 37.815712 -7.340840 151 108 91
3.164257 5.107524 0.388782 153 114 97
4.753074 9.714621 -0.729397 153 114 97
7.930708 18.928814 -2.965755 153 114 97
14.285977 37.357201 -7.438470 153 114 97
3.332998 5.043109 0.377789 100 70 60
5.090557 9.585792 -0.751383 100 70 60
8.605674 18.671156 -3.009726 100 70 60
15.635908 36.841885 -7.526412 100 70 60
3.502266 4.971489 0.368125 122 121 116
5.429093 9.442551 -0.770711 122 121 116
9.282746 18.384674 -3.048382 122 121 116
16.990053 36.268921 -7.603724 122 121 116
3.671319 4.892640 0.359898 96 96 96
5.767199 9.284853 -0.787165 96 96 96
9.958958 18.069279 -3.081290 96 96 96
18.342476 35.638130 -7.669541 96 96 96
3.839385 4.806631 0.353202 123 124 119
6.103330 9.112835 -0.800557 123 124 119
10.631221 17.725243 -3.108074 123 124 119
19.687002 34.950058 -7.723108 123 124 119
4.005675 4.713624 0.348115 162 166 165
6.435912 8.926822 -0.810730 162 166 165
11.296384 17.353216 -3.128419 162 166 165
21.017328 34.206005 -7.763799 162 166 165
4.169406 4.613878 0.344698 181 186 182
6.763372 8.727329 -0.817565 181 186 182
11.951305 16.954231 -3.142091 181 186 182
22.327171 33.408035 -7.791142 181 186 182
4.329810 4.507747 0.342986 112 118 118
7.084180 8.515066 -0.820988 112 118 118
12.592920 16.529705 -3.148936 112 118 118
23.610401 32.558983 -7.804832 112 118 118
4.486158 4.395669 0.342998 111 117 115
7.396877 8.290911 -0.820965 111 117 115
13.218314 16.081394 -3.148890 111 117 115
24.861189 31.662363 -7.804740 111 117 115
4.637775 4.278166 0.344725 107 113 111
7.700111 8.055904 -0.817510 107 113 111
13.824783 15.611382 -3.141981 107 113 111
26.074127 30.722336 -7.790922 107 113 111
4.784054 4.155824 0.348138 106 112 110
7.992668 7.811221 -0.810684 106 112 110
14.409897 15.122014 -3.128328 106 112 110
27.244354 29.743601 -7.763617 106 112 110
4.924467 4.029284 0.353186 107 113 111
8.273494 7.558140 -0.800587 107 113 111
14.971548 14.615852 -3.108135 107 113 111
28.367657 28.731277 -7.723231 107 113 111
5.058573 3.899221 0.359800 108 114 112
8.541707 7.298015 -0.787361 108 114 112
15.507975 14.095602 -3.081683 108 114 112
29.440510 27.690777 -7.670326 108 114 112
5.186030 3.766335 0.367890 99 105 105
8.796621 7.032243 -0.771181 99 105 105
16.017803 13.564058 -3.049323 99 105 105
30.460167 26.627689 -7.605607 99 105 105
5.306585 3.631328 0.377355 98 104 104
9.037731 6.762228 -0.752251 98 104 104
16.500023 13.024029 -3.011463 98 104 104
31.424608 25.547630 -7.529887 98 104 104
5.420084 3.494892 0.388081 96 102 102
9.264729 6.489357 -0.730798 96 102 102
16.954018 12.478286 -2.968555 96 102 102
32.332596 24.456144 -7.444071 96 102 102
5.526458 3.357695 0.399950 102 108 108
9.477477 6.214963 -0.707060 102 108 108
17.379515 11.929499 -2.921081 102 108 108
33.183590 23.358570 -7.349123 102 108 108
5.625723 3.220371 0.412835 94 98 99
9.676006 5.940314 -0.681291 94 98 99
17.776573 11.380201 -2.869542 94 98 99
33.977707 22.259975 -7.246045 94 98 99
5.717968 3.083507 0.426609 91 97 97
9.860497 5.666587 -0.653743 91 97 97
18.145554 10.832747 -2.814446 91 97 97
34.715668 21.165066 -7.135852 91 97 97
5.803345 2.947641 0.441146 87 93 93
10.031251 5.394854 -0.624668 87 93 93
18.487062 10.289281 -2.756297 87 93 93
35.398685 20.078135 -7.019554 87 93 93
5.882062 2.813253 0.456324 84 93 92
10.188685 5.126079 -0.594312 84 93 92
18.801931 9.751730 -2.695584 84 93 92
36.028423 19.003033 -6.898128 84 93 92
5.954370 2.680767 0.472026 84 90 90
10.333300 4.861107 -0.562907 84 90 90
19.091160 9.221786 -2.632775 84 90 90
36.606880 17.943146 -6.772511 84 90 90
6.020551 2.550548 0.488142 83 92 91
10.465662 4.600669 -0.530677 83 92 91
19.355885 8.700911 -2.568315 83 92 91
37.136330 16.901394 -6.643590 83 92 91
1.763469 5.366257 0.371906 111 80 62
1.951497 10.232086 -0.763149 111 80 62
2.327555 19.963745 -3.033259 111 80 62
3.079671 39.427063 -7.573478 111 80 62
1.902582 5.354223 0.352124 126 89 70
2.229725 10.208018 -0.802713 126 89 70
2.884011 19.915609 -3.112387 126 89 70
4.192583 39.330791 -7.731734 126 89 70
2.046069 5.337730 0.332646 131 93 74
2.516699 10.175033 -0.841668 131 93 74
3.457959 19.849638 -3.190296 131 93 74
5.340478 39.198849 -7.887553 131 93 74
2.193754 5.316396 0.313589 134 95 78
2.812069 10.132364 -0.879783 134 95 78
4.048699 19.764301 -3.266527 134 95 78
6.521958 39.028175 -8.040014 134 95 78
2.345404 5.289842 0.295074 138 99 82
3.115368 10.079256 -0.916812 138 99 82
4.655297 19.658085 -3.340584 138 99 82
7.735155 38.815742 -8.188129 138 99 82
2.500721 5.257699 0.277235 142 104 85
3.426001 10.014970 -0.952490 142 104 85
5.276563 19.529512 -3.411941 142 104 85
8.977687 38.558598 -8.330841 142 104 85
2.659340 5.219619 0.260209 134 128 124
3.743240 9.938810 -0.986542 134 128 124
5.911040 19.377193 -3.480044 134 128 124
10.246641 38.253960 -8.467049 134 128 124
2.820830 5.175284 0.244139 86 87 81
4.066220 9.850141 -1.018682 86 87 81
6.557001 19.199854 -3.544325 86 87 81
11.538562 37.899281 -8.595612 86 87 81
2.984690 5.124414 0.229169 118 117 112
4.393941 9.748402 -1.048623 118 117 112
7.212442 18.996376 -3.604207 118 117 112
12.849445 37.492325 -8.715374 118 117 112
3.150356 5.066784 0.215441 114 116 111
4.725273 9.633141 -1.076079 114 116 111
7.875106 18.765854 -3.659118 114 116 111
14.174773 37.031281 -8.825195 114 116 111
3.317203 5.002226 0.203094 119 120 115
5.058966 9.504025 -1.100771 119 120 115
8.542492 18.507624 -3.708503 119 120 115
15.509544 36.514820 -8.923967 119 120 115
3.484552 4.930647 0.192261 114 118 115
5.393665 9.360868 -1.122439 114 118 115
9.211891 18.221308 -3.751839 114 118 115
16.848343 35.942188 -9.010637 114 118 115
3.651686 4.852035 0.183059 116 120 119
5.727932 9.203642 -1.140843 116 120 119
9.880425 17.906857 -3.788646 116 120 119
18.185411 35.313286 -9.084253 116 120 119
3.817856 4.766459 0.175593 110 114 113
6.060272 9.032492 -1.155774 110 114 113
10.545104 17.564556 -3.818508 110 114 113
19.514769 34.628685 -9.143976 110 114 113
3.982300 4.674087 0.169950 104 110 110
6.389160 8.847746 -1.167060 104 110 110
11.202881 17.195065 -3.841080 104 110 110
20.830322 33.889702 -9.189121 104 110 110
4.144257 4.575170 0.166195 107 113 111
6.713074 8.649913 -1.174570 107 113 111
11.850709 16.799398 -3.856101 107 113 111
22.125978 33.098370 -9.219162 107 113 111
4.302985 4.470055 0.164370 115 119 120
7.030531 8.439682 -1.178221 115 119 120
12.485622 16.378937 -3.863401 115 119 120
23.395805 32.257446 -9.233763 115 119 120
4.457779 4.359169 0.164492 194 200 200
7.340119 8.217912 -1.177977 194 200 200
13.104799 15.935396 -3.862915 194 200 200
24.634159 31.370365 -9.232790 194 200 200
4.607983 4.243017 0.166551 110 115 118
7.640526 7.985608 -1.173858 110 115 118
13.705613 15.470788 -3.854676 110 115 118
25.835787 30.441149 -9.216312 110 115 118
4.753006 4.122167 0.170516 104 110 110
7.930572 7.743906 -1.165927 104 110 110
14.285704 14.987384 -3.838815 104 110 110
26.995968 29.474340 -9.184591 104 110 110
4.892331 3.997233 0.176330 103 109 109
8.209223 7.494039 -1.154300 103 109 109
14.843006 14.487650 -3.815560 103 109 109
28.110573 28.474873 -9.138081 103 109 109
5.025531 3.868872 0.183914 107 113 113
8.475622 7.237316 -1.139132 107 113 113
15.375805 13.974205 -3.785225 107 113 113
29.176170 27.447983 -9.077412 107 113 113
5.152263 3.737756 0.193170 100 106 106
8.729086 6.975084 -1.120621 100 106 106
15.882732 13.449740 -3.748202 100 106 106
30.190025 26.399054 -9.003365 100 106 106
5.272276 3.604563 0.203984 94 103 102
8.969112 6.708698 -1.098993 94 103 102
16.362785 12.916969 -3.704946 94 103 102
31.150129 25.333511 -8.916851 94 103 102
5.385411 3.469962 0.216231 95 101 101
9.195382 6.439497 -1.074498 95 101 101
16.815325 12.378566 -3.655957 95 101 101
32.055210 24.256704 -8.818874 95 101 101
5.491593 3.334600 0.229776 97 106 105
9.407747 6.168774 -1.047408 97 106 105
17.240055 11.837120 -3.601777 97 106 105
32.904671 23.173813 -8.710514 97 106 105
5.590829 3.199091 0.244479 91 97 95
9.606219 5.897754 -1.018002 91 97 95
17.636999 11.295081 -3.542964 91 97 95
33.698559 22.089735 -8.592890 91 97 95
5.683195 3.064004 0.260198 84 93 92
9.790951 5.627580 -0.986565 84 93 92
18.006462 10.754733 -3.480090 84 93 92
34.437485 21.009039 -8.467140 84 93 92
5.768831 2.929862 0.276791 83 92 91
9.962222 5.359297 -0.953378 83 92 91
18.349005 10.218166 -3.413717 83 92 91
35.122570 19.935905 -8.334394 83 92 91
5.847928 2.797134 0.294122 81 90 89
10.120417 5.093842 -0.918717 81 90 89
18.665394 9.687256 -3.344394 81 90 89
35.755348 18.874084 -8.195749 81 90 89
5.920722 2.666235 0.312057 80 89 88
10.266006 4.832043 -0.882846 80 89 88
18.956572 9.163658 -3.272653 80 89 88
36.337704 17.826889 -8.052265 80 89 88
5.987482 2.537522 0.330473 77 86 85
10.399525 4.574617 -0.846014 77 86 85
19.223610 8.648808 -3.198989 77 86 85
36.871780 16.797188 -7.904939 77 86 85
1.762946 5.328376 0.220201 98 69 53
1.950453 10.156324 -1.066559 98 69 53
2.325467 19.812222 -3.640079 98 69 53
3.075495 39.124016 -8.787119 98 69 53
1.900828 5.315131 0.198238 127 91 75
2.226216 10.129834 -1.110485 127 91 75
2.876992 19.759241 -3.727931 127 91 75
4.178545 39.018055 -8.962822 127 91 75
2.042965 5.297474 0.176635 111 82 66
2.510491 10.094521 -1.153691 111 82 66
3.445542 19.688614 -3.814342 111 82 66
5.315644 38.876801 -9.135645 111 82 66
2.189183 5.275040 0.155519 101 74 53
2.802927 10.049652 -1.195922 101 74 53
4.030414 19.598877 -3.898804 101 74 53
6.485389 38.697327 -9.304567 101 74 53
2.339250 5.247468 0.135028 99 100 95
3.103060 9.994509 -1.236905 99 100 95
4.630681 19.488590 -3.980770 99 100 95
7.685922 38.476753 -9.468500 99 100 95
2.492871 5.214408 0.115305 108 109 103
3.410303 9.928389 -1.276351 108 109 103
5.245166 19.356350 -4.059662 108 109 103
8.914893 38.212273 -9.626286 108 109 103
2.649690 5.175531 0.096502 102 106 105
3.723940 9.850635 -1.313957 102 106 105
5.872441 19.200842 -4.134875 102 106 105
10.169443 37.901257 -9.776711 102 106 105
2.809283 5.130537 0.078774 103 107 97
4.043128 9.760647 -1.349413 103 107 97
6.510816 19.020866 -4.205787 103 107 97
11.446192 37.541306 -9.918533 103 107 97
2.971165 5.079166 0.062279 104 106 105
4.366890 9.657905 -1.382403 104 106 105
7.158340 18.815382 -4.271767 104 106 105
12.741241 37.130337 -10.050495 104 106 105
3.134785 5.021208 0.047171 111 115 114
4.694130 9.541989 -1.412618 111 115 114
7.812820 18.583551 -4.332196 111 115 114
14.050201 36.666676 -10.171352 111 115 114
3.299538 4.956513 0.033603 103 104 106
5.023637 9.412599 -1.439755 103 104 106
8.471834 18.324770 -4.386470 103 104 106
15.368230 36.149113 -10.279900 103 104 106
3.464770 4.885000 0.021715 102 111 108
5.354100 9.269572 -1.463531 102 111 108
9.132761 18.038717 -4.434021 102 111 108
16.690083 35.577007 -10.375004 102 111 108
3.629785 4.806664 0.011636 102 106 105
5.684130 9.112900 -1.483688 102 106 105
9.792821 17.725372 -4.474336 102 106 105
18.010202 34.950317 -10.455633 102 106 105
3.793862 4.721582 0.003480 101 107 105
6.012285 8.942737 -1.500000 101 107 105
10.449130 17.385046 -4.506961 101 107 105
19.322821 34.269665 -10.520884 101 107 105
3.956266 4.629920 -0.002661 100 104 103
6.337093 8.759412 -1.512283 100 104 103
11.098747 17.018396 -4.531526 100 104 103
20.622055 33.536366 -10.570013 100 104 103
4.116264 4.531927 -0.006717 101 107 107
6.657089 8.563426 -1.520395 101 107 107
11.738739 16.626425 -4.547750 101 107 107
21.902039 32.752422 -10.602461 101 107 107
4.273141 4.427939 -0.008644 100 106 106
6.970842 8.355452 -1.524248 100 106 106
12.366245 16.210476 -4.555456 100 106 106
23.157051 31.920523 -10.617872 100 106 106
4.426214 4.318372 -0.008422 105 111 111
7.276988 8.136316 -1.523804 105 111 111
12.978537 15.772206 -4.554569 105 111 111
24.381634 31.043985 -10.616098 105 111 111
4.574849 4.203711 -0.006061 107 109 108
7.574258 7.906993 -1.519083 107 109 108
13.573076 15.313560 -4.545126 107 109 108
25.570713 30.126692 -10.597214 107 109 108
4.718473 4.084502 -0.001599 196 205 202
7.861507 7.668576 -1.510158 196 205 202
14.147575 14.836725 -4.527276 196 205 202
26.719711 29.173023 -10.561512 196 205 202
4.856586 3.961338 0.004905 194 206 204
8.137733 7.422249 -1.497150 194 206 204
14.700027 14.344070 -4.501261 194 206 204
27.824615 28.187714 -10.509483 194 206 204
4.988767 3.834849 0.013364 104 108 107
8.402094 7.169271 -1.480232 104 108 107
15.228747 13.838114 -4.467424 104 108 107
28.882055 27.175800 -10.441809 104 108 107
5.114678 3.705681 0.023673 102 108 108
8.653916 6.910934 -1.459614 102 108 108
15.732393 13.321442 -4.426189 102 108 108
29.889347 26.142456 -10.359339 102 108 108
5.234071 3.574486 0.035708 95 101 101
8.892702 6.648544 -1.435544 95 101 101
16.209965 12.796660 -4.378048 95 101 101
30.844488 25.092894 -10.263058 95 101 101
5.346781 3.441907 0.049333 91 97 95
9.118122 6.383388 -1.408294 91 97 95
16.660805 12.266348 -4.323549 91 97 95
31.746170 24.032269 -10.154058 91 97 95
5.452728 3.308569 0.064401 87 96 95
9.330016 6.116711 -1.378158 87 96 95
17.084593 11.732994 -4.263277 87 96 95
32.593746 22.965561 -10.033514 87 96 95
5.551906 3.175061 0.080760 89 98 97
9.528372 5.849695 -1.345440 89 98 97
17.481304 11.198963 -4.197841 89 98 97
33.387169 21.897499 -9.902643 89 98 97
5.644380 3.041937 0.098254 88 94 94
9.713320 5.583447 -1.310452 88 94 94
17.851200 10.666466 -4.127865 88 94 94
34.126961 20.832504 -9.762690 88 94 94
5.730274 2.909702 0.116730 81 87 87
9.885109 5.318976 -1.273501 81 87 87
18.194778 10.137525 -4.053963 81 87 87
34.814117 19.774622 -9.614885 81 87 87
5.809766 2.778812 0.136035 77 83 82
10.044093 5.057198 -1.234890 77 83 82
18.512747 9.613968 -3.976739 77 83 82
35.450054 18.727509 -9.460440 77 83 82
5.883075 2.649672 0.156027 79 88 87
10.190711 4.798917 -1.194907 79 88 87
18.805983 9.097406 -3.896775 79 88 87
36.036526 17.694386 -9.300510 79 88 87
5.950453 2.522631 0.176566 77 86 83
10.325466 4.544835 -1.153829 77 86 83
19.075493 8.589243 -3.814618 77 86 83
36.575546 16.678059 -9.136196 77 86 83
5.738824 2.606375 2.993862 104 116 130
9.736437 5.208783 4.492717 104 116 130
17.731663 10.413599 7.490426 104 116 130
33.722115 20.823231 13.485844 104 116 130
5.806411 2.485669 3.016621 108 120 134
9.871611 4.967371 4.538235 108 120 134
18.002010 9.930774 7.581461 108 120 134
34.262810 19.857580 13.667915 108 120 134
5.872854 2.358965 3.038869 112 124 138
10.004498 4.713963 4.582730 112 124 138
18.267784 9.423958 7.670452 112 124 138
34.794357 18.843948 13.845896 112 124 138
5.937762 2.226199 3.060462 115 127 141
10.134314 4.448431 4.625915 115 127 141
18.527416 8.892896 7.756822 115 127 141
35.313622 17.781824 14.018635 115 127 141
6.000710 2.087358 3.081244 118 130 144
10.260210 4.170750 4.667480 118 130 144
18.779209 8.337532 7.839953 118 130 144
35.817207 16.671097 14.184898 118 130 144
6.061254 1.942484 3.101055 124 136 150
10.381296 3.881002 4.707101 124 136 150
19.021381 7.758036 7.919195 124 136 150
36.301552 15.512105 14.343382 124 136 150
6.118923 1.791684 3.119725 142 146 158
10.496635 3.579401 4.744441 142 146 158
19.252060 7.154836 7.993875 142 146 158
36.762909 14.305704 14.492741 142 146 158
6.173240 1.635134 3.137082 165 168 173
10.605269 3.266301 4.779155 165 168 173
19.469328 6.528636 8.063303 165 168 173
37.197445 13.053304 14.631598 165 168 173
6.223722 1.473086 3.152953 175 174 179
10.706232 2.942206 4.810899 175 174 179
19.671253 5.880444 8.126789 175 174 179
37.601295 11.756921 14.758572 175 174 179
6.269888 1.305871 3.167170 181 181 183
10.798566 2.607776 4.839333 181 181 183
19.855921 5.211584 8.183657 181 181 183
37.970631 10.419201 14.872307 181 181 183
6.311277 1.133900 3.179570 189 189 189
10.881343 2.263833 4.864132 189 189 189
20.021475 4.523699 8.233256 189 189 189
38.301739 9.043430 14.971504 189 189 189
6.347453 0.957663 3.190002 182 180 181
10.953694 1.911358 4.884995 182 180 181
20.166178 3.818749 8.274982 182 180 181
38.591145 7.633532 15.054958 182 180 181
6.378019 0.777726 3.198329 180 178 179
11.014828 1.551484 4.901650 180 178 179
20.288445 3.099001 8.308293 180 178 179
38.835678 6.194034 15.121578 180 178 179
6.402633 0.594723 3.204438 183 182 178
11.064055 1.185480 4.913868 183 182 178
20.386900 2.366992 8.332727 183 182 178
39.032589 4.730016 15.170448 183 182 178
6.421010 0.409350 3.208234 180 179 175
11.100809 0.814733 4.921461 180 179 175
20.460407 1.625499 8.347914 180 179 175
39.179604 3.247032 15.200819 180 179 175
6.432938 0.222349 3.209653 216 211 207
11.124664 0.440730 4.924298 216 211 207
20.508118 0.877493 8.353588 216 211 207
39.275024 1.751019 15.212170 216 211 207
6.438282 0.034494 3.208657 216 213 208
11.135353 0.065021 4.922306 216 213 208
20.529495 0.126074 8.349605 216 213 208
39.317780 0.248181 15.204201 216 213 208
6.436989 -0.153421 3.205240 191 189 190
11.132768 -0.310808 4.915472 191 189 190
20.524324 -0.625584 8.335936 191 189 190
39.307438 -1.255136 15.176863 191 189 190
6.429092 -0.340601 3.199425 196 194 195
11.116974 -0.685170 4.903843 196 194 195
20.492737 -1.374307 8.312677 196 194 195
39.244263 -2.752580 15.130346 196 194 195
6.414706 -0.526269 3.191267 193 193 195
11.088201 -1.056506 4.887526 193 193 195
20.435190 -2.116978 8.280045 193 193 195
39.129169 -4.237924 15.065081 193 193 195
6.394022 -0.709678 3.180848 194 192 193
11.046833 -1.423324 4.866688 194 192 193
20.352455 -2.850615 8.238367 194 192 193
38.963699 -5.705196 14.981728 194 192 193
6.367308 -0.890127 3.168275 180 178 179
10.993404 -1.784222 4.841543 180 178 179
20.245598 -3.572411 8.188078 180 178 179
38.749985 -7.148789 14.881147 180 178 179
6.334891 -1.066974 3.153680 176 174 175
10.928572 -2.137915 4.812351 176 174 175
20.115932 -4.279798 8.129694 176 174 175
38.490654 -8.563563 14.764381 176 174 175
6.297153 -1.239644 3.137208 176 176 176
10.853095 -2.483254 4.779408 176 176 176
19.964979 -4.970476 8.063809 176 176 176
38.188747 -9.944920 14.632610 176 176 176
6.254519 -1.407636 3.119025 169 169 169
10.767826 -2.819240 4.743041 169 169 169
19.794441 -5.642447 7.991075 169 169 169
37.847672 -11.288862 14.487141 169 169 169
6.207440 -1.570532 3.099300 162 162 162
10.673669 -3.145031 4.703591 162 162 162
19.606127 -6.294030 7.912175 162 162 162
37.471043 -12.592028 14.329342 162 162 162
6.156389 -1.727989 3.078211 154 158 159
10.571567 -3.459946 4.661415 154 158 159
19.401922 -6.923859 7.827821 154 158 159
37.062634 -13.851685 14.160635 154 158 159
6.101844 -1.879746 3.055938 154 158 159
10.462477 -3.763460 4.616868 154 158 159
19.183743 -7.530887 7.738728 154 158 159
36.626274 -15.065741 13.982449 154 158 159
6.044282 -2.025617 3.032657 148 152 153
10.347354 -4.055201 4.570306 148 152 153
18.953497 -8.114369 7.645604 148 152 153
36.165783 -16.232706 13.796200 148 152 153
5.984170 -2.165485 3.008539 139 143 144
10.227129 -4.334938 4.522070 139 143 144
18.713047 -8.673843 7.549132 139 143 144
35.684883 -17.351654 13.603256 139 143 144
5.921953 -2.299301 2.983748 143 147 148
10.102695 -4.602570 4.472489 143 147 148
18.464180 -9.209106 7.449970 143 147 148
35.187149 -18.422180 13.404932 143 147 148
5.858057 -2.427070 2.958441 127 134 140
9.974903 -4.858107 4.421874 127 134 140
18.208595 -9.720181 7.348739 127 134 140
34.675980 -19.444330 13.202471 127 134 140
5.775486 2.631338 2.844656 24 28 27
9.809761 5.258708 4.194303 24 28 27
17.878311 10.513450 6.893598 24 28 27
34.015411 21.022932 12.292189 24 28 27
5.844904 2.510339 2.865338 42 46 47
9.948597 5.016711 4.235667 42 46 47
18.155983 10.029454 6.976327 42 46 47
34.570755 20.054941 12.457645 42 46 47
5.913207 2.383213 2.885564 39 47 46
10.085202 4.762458 4.276120 39 47 46
18.429193 9.520948 7.057232 39 47 46
35.117176 19.037930 12.619457 39 47 46
5.979986 2.249884 2.905201 46 53 53
10.218761 4.495800 4.315395 46 53 53
18.696312 8.987633 7.135782 46 53 53
35.651413 17.971298 12.776556 46 53 53
6.044804 2.110329 2.924107 77 78 82
10.348397 4.216691 4.353206 77 78 82
18.955584 8.429414 7.211404 77 78 82
36.169956 16.854860 12.927799 77 78 82
6.107195 1.964583 2.942130 142 148 160
10.473180 3.925200 4.389252 142 148 160
19.205149 7.846432 7.283496 142 148 160
36.669086 15.688896 13.071985 142 148 160
6.166672 1.812747 2.959114 132 144 158
10.592134 3.621526 4.423220 132 144 158
19.443056 7.239085 7.351432 132 144 158
37.144901 14.474203 13.207855 132 144 158
6.222733 1.654993 2.974899 134 146 160
10.704254 3.306019 4.454789 134 146 160
19.667297 6.608071 7.414570 134 146 160
37.593384 13.212174 13.334133 134 146 160
6.274868 1.491574 2.989323 135 147 161
10.808526 2.979180 4.483637 135 147 161
19.875841 5.954392 7.472267 135 147 161
38.010471 11.904818 13.449526 135 147 161
6.322576 1.322822 3.002228 137 149 163
10.903941 2.641677 4.509448 137 149 163
20.066671 5.279387 7.523889 137 149 163
38.392132 10.554806 13.552769 137 149 163
6.365369 1.149157 3.013463 147 154 164
10.989527 2.294347 4.531918 147 154 164
20.237843 4.584726 7.568827 147 154 164
38.734474 9.165484 13.642647 147 154 164
6.402786 0.971080 3.022885 172 172 174
11.064361 1.938193 4.550763 172 172 174
20.387510 3.872418 7.606517 172 172 174
39.033810 7.740869 13.718027 172 172 174
6.434410 0.789173 3.030369 174 172 173
11.127609 1.574378 4.565730 174 172 173
20.514008 3.144789 7.636452 174 172 173
39.286804 6.285610 13.777895 174 172 173
6.459876 0.604089 3.035805 183 181 182
11.178541 1.204211 4.576602 183 181 182
20.615871 2.404454 7.658195 183 181 182
39.490532 4.804940 13.821383 183 181 182
6.478883 0.416546 3.039107 179 177 178
11.216556 0.829125 4.583206 179 177 178
20.691900 1.654283 7.671404 179 177 178
39.642590 3.304599 13.847801 179 177 178
6.491206 0.227313 3.040214 173 171 172
11.241201 0.450658 4.585420 173 171 172
20.741192 0.897349 7.675831 173 171 172
39.741173 1.790731 13.856653 173 171 172
6.496703 0.037192 3.039091 177 176 172
11.252194 0.070416 4.583175 177 176 172
20.763178 0.136864 7.671341 177 176 172
39.785145 0.269761 13.847673 177 176 172
6.495317 -0.152995 3.035734 193 192 188
11.249424 -0.309958 4.576459 193 192 188
20.757637 -0.623883 7.657911 193 192 188
39.774063 -1.251733 13.820814 193 192 188
6.487083 -0.342424 3.030165 187 185 186
11.232956 -0.688816 4.565322 187 185 186
20.724701 -1.381599 7.635635 187 185 186
39.708191 -2.767166 13.776262 187 185 186
6.472123 -0.530289 3.022437 181 181 181
11.203035 -1.064546 4.549865 181 181 181
20.664860 -2.133059 7.604722 181 181 181
39.588509 -4.270084 13.714436 181 181 181
6.450642 -0.715817 3.012628 170 173 180
11.160073 -1.435602 4.530247 170 173 180
20.578936 -2.875171 7.565486 170 173 180
39.416660 -5.754309 13.635963 170 173 180
6.422922 -0.898284 3.000840 180 178 179
11.104632 -1.800535 4.506672 180 178 179
20.468054 -3.605037 7.518336 180 178 179
39.194897 -7.214041 13.541664 180 178 179
6.389310 -1.077026 2.987197 174 174 174
11.037410 -2.158019 4.479386 174 174 174
20.333609 -4.320006 7.463765 174 174 174
38.926006 -8.643979 13.432522 174 174 174
6.350212 -1.251453 2.971839 173 173 175
10.959213 -2.506874 4.448671 173 173 175
20.177216 -5.017715 7.402334 173 173 175
38.613220 -10.039396 13.309660 173 173 175
6.306074 -1.421053 2.954920 164 165 167
10.870937 -2.846074 4.414832 164 165 167
20.000664 -5.696115 7.334655 164 165 167
38.260117 -11.396196 13.174303 164 165 167
6.257374 -1.585397 2.936600 161 161 161
10.773538 -3.174762 4.378191 161 161 161
19.805864 -6.353490 7.261375 161 161 161
37.870518 -12.710948 13.027742 161 161 161
6.204610 -1.744140 2.917046 155 159 160
10.668009 -3.492247 4.339084 155 159 160
19.594807 -6.988461 7.183160 155 159 160
37.448402 -13.980890 12.871311 155 159 160
6.148283 -1.897019 2.896425 148 156 158
10.555354 -3.798005 4.297843 148 156 158
19.369497 -7.599978 7.100678 148 156 158
36.997784 -15.203923 12.706348 148 156 158
6.088892 -2.043850 2.874903 165 165 165
10.436574 -4.091668 4.254798 165 165 165
19.131937 -8.187304 7.014589 165 165 165
36.522663 -16.378574 12.534170 165 165 165
6.026925 -2.184524 2.852639 164 160 161
10.312639 -4.373015 4.210269 164 160 161
18.884068 -8.749998 6.925530 164 160 161
36.026924 -17.503963 12.356052 164 160 161
5.962848 -2.318995 2.829784 171 172 167
10.184484 -4.641958 4.164559 171 172 167
18.627758 -9.287883 6.834111 171 172 167
35.514305 -18.579733 12.173214 171 172 167
5.897101 -2.447280 2.806482 158 160 159
10.052991 -4.898527 4.117956 158 160 159
18.364771 -9.801022 6.740903 158 160 159
34.988331 -19.606010 11.986799 158 160 159
5.808755 2.654109 2.691600 34 33 18
9.876300 5.304251 3.888192 34 33 18
18.011389 10.604535 6.281377 34 33 18
34.281567 21.205103 11.067745 34 33 18
5.879858 2.532868 2.710020 50 49 44
10.018506 5.061769 3.925033 50 49 44
18.295801 10.119571 6.355057 50 49 44
34.850391 20.235174 11.215107 50 49 44
5.949874 2.405381 2.728038 51 47 44
10.158538 4.806796 3.961068 51 47 44
18.575865 9.609624 6.427128 51 47 44
35.410519 19.215281 11.359249 51 47 44
6.018382 2.271564 2.745533 46 50 52
10.295553 4.539160 3.996057 46 50 52
18.849895 9.074353 6.497107 46 50 52
35.958580 18.144739 11.499205 46 50 52
6.084929 2.131383 2.762374 55 59 60
10.428646 4.258799 4.029740 55 59 60
19.116081 8.513631 6.564473 55 59 60
36.490952 17.023294 11.633938 55 59 60
6.149031 1.984867 2.778426 73 71 76
10.556850 3.965766 4.061844 73 71 76
19.372490 7.927565 6.628680 73 71 76
37.003769 15.851162 11.762352 73 71 76
6.210182 1.832108 2.793545 179 179 181
10.679153 3.660248 4.092083 179 179 181
19.617096 7.316529 6.689158 179 179 181
37.492981 14.629091 11.883308 179 179 181
6.267859 1.673277 2.807586 175 174 179
10.794507 3.342587 4.120164 175 174 179
19.847803 6.681206 6.745321 175 174 179
37.954395 13.358445 11.995634 175 174 179
6.321532 1.508625 2.820401 157 160 171
10.901853 3.013283 4.145793 157 160 171
20.062494 6.022599 6.796579 157 160 171
38.383778 12.041230 12.098150 157 160 171
6.370673 1.338489 2.831845 147 156 171
11.000135 2.673011 4.168682 147 156 171
20.259060 5.342055 6.842355 147 156 171
38.776909 10.680142 12.189703 147 156 171
6.414772 1.163293 2.841779 149 156 169
11.088333 2.322619 4.188550 149 156 169
20.435455 4.641272 6.882092 149 156 169
39.129700 9.278576 12.269176 149 156 169
6.453346 0.983550 2.850074 160 167 177
11.165481 1.963132 4.205139 160 167 177
20.589750 3.922297 6.915271 160 167 177
39.438290 7.840628 12.335533 160 167 177
6.485955 0.799854 2.856613 160 167 171
11.230699 1.595741 4.218217 160 167 171
20.720186 3.187515 6.941427 160 167 171
39.699162 6.371062 12.387846 160 167 171
6.512216 0.612878 2.861297 165 168 177
11.283220 1.221790 4.227586 165 168 177
20.825230 2.439612 6.960164 165 168 177
39.909248 4.875257 12.425320 165 168 177
6.531810 0.423361 2.864047 172 175 178
11.322409 0.842755 4.233086 172 175 178
20.903606 1.681543 6.971163 172 175 178
40.066002 3.359118 12.447319 172 175 178
6.544502 0.232094 2.864807 200 200 196
11.347794 0.460221 4.234607 200 200 196
20.954376 0.916475 6.974205 200 200 196
40.167542 1.828983 12.453402 200 200 196
6.550141 0.039907 2.863547 199 197 198
11.359071 0.075847 4.232087 199 197 198
20.976931 0.147727 6.969165 199 197 198
40.212650 0.291486 12.443323 199 197 198
6.548668 -0.152351 2.860263 202 198 197
11.356125 -0.308670 4.225519 202 198 197
20.971039 -0.621307 6.956029 202 198 197
40.200867 -1.246581 12.417051 202 198 197
6.540119 -0.343831 2.854978 179 178 178
11.339026 -0.691628 4.214948 179 178 178
20.936842 -1.387224 6.934888 179 178 178
40.132473 -2.778415 12.374767 179 178 178
6.524623 -0.533698 2.847740 184 182 183
11.308035 -1.071363 4.200473 184 182 183
20.874859 -2.146693 6.905938 184 182 183
40.008507 -4.297352 12.316868 184 182 183
6.502397 -0.721156 2.838624 218 214 211
11.263583 -1.446279 4.182241 218 214 211
20.785955 -2.896525 6.869474 218 214 211
39.830700 -5.797018 12.243940 218 214 211
6.473738 -0.905458 2.827725 224 220 217
11.206264 -1.814884 4.160442 224 220 217
20.671318 -3.633735 6.825877 224 220 217
39.601425 -7.271438 12.156746 224 220 217
6.439013 -1.085924 2.815158 201 200 196
11.136815 -2.175815 4.135307 201 200 196
20.532419 -4.355598 6.775607 201 200 196
39.323627 -8.715163 12.056206 201 200 196
6.398647 -1.261946 2.801052 178 178 180
11.056083 -2.527860 4.107096 178 178 180
20.370955 -5.059688 6.719183 178 178 180
39.000698 -10.123343 11.943359 178 178 180
6.353111 -1.433003 2.785549 172 175 177
10.965011 -2.869973 4.076090 172 175 177
20.188810 -5.743913 6.657173 172 175 177
38.636410 -11.491794 11.819338 172 175 177
6.302906 -1.598657 2.768798 173 171 174
10.864600 -3.201281 4.042589 173 171 174
19.987989 -6.406529 6.590170 173 171 174
38.234768 -12.817025 11.685331 173 171 174
6.248549 -1.758559 2.750953 162 165 167
10.755888 -3.521085 4.006898 162 165 167
19.770565 -7.046137 6.518788 162 165 167
37.799919 -14.096242 11.542568 162 165 167
6.190570 -1.912447 2.732166 130 144 157
10.639929 -3.828861 3.969325 130 144 157
19.538647 -7.661690 6.443641 130 144 157
37.336082 -15.327348 11.392275 130 144 157
6.129486 -2.060139 2.712589 142 149 154
10.517761 -4.124246 3.930170 142 149 154
19.294312 -8.252460 6.365331 142 149 154
36.847412 -16.508886 11.235655 142 149 154
6.065804 -2.201531 2.692366 143 148 151
10.390398 -4.407029 3.889724 143 148 151
19.039585 -8.818026 6.284441 143 148 151
36.337959 -17.640018 11.073874 143 148 151
6.000009 -2.336585 2.671637 137 141 142
10.258807 -4.677137 3.848266 137 141 142
18.776403 -9.358241 6.201523 137 141 142
35.811596 -18.720449 10.908039 137 141 142
5.932555 -2.465324 2.650530 133 135 134
10.123899 -4.934615 3.806051 133 135 134
18.506588 -9.873198 6.117095 133 135 134
35.271965 -19.750362 10.739182 133 135 134
5.838352 2.674505 2.535039 29 30 25
9.935493 5.345042 3.575070 29 30 25
18.129774 10.686116 5.655132 29 30 25
34.518337 21.368265 9.815256 29 30 25
5.910973 2.553069 2.551023 45 42 35
10.080734 5.102170 3.607039 45 42 35
18.420258 10.200373 5.719070 45 42 35
35.099304 20.396778 9.943132 45 42 35
5.982532 2.425282 2.566657 52 49 44
10.223853 4.846596 3.638306 52 49 44
18.706495 9.689225 5.781603 52 49 44
35.671780 19.374483 10.068199 52 49 44
6.052599 2.291050 2.581832 55 52 47
10.363987 4.578133 3.668655 55 52 47
18.986763 9.152298 5.842303 55 52 47
36.232315 18.300629 10.189598 55 52 47
6.120706 2.150333 2.596434 55 51 48
10.500201 4.296698 3.697859 55 51 48
19.259192 8.589429 5.900711 55 51 48
36.777172 17.174891 10.306414 55 51 48
6.186356 2.003148 2.610341 64 64 64
10.631500 4.002329 3.725673 64 64 64
19.521790 8.000691 5.956339 64 64 64
37.302368 15.997416 10.417669 64 64 64
6.249022 1.849586 2.623426 78 78 78
10.756833 3.695205 3.751845 78 78 78
19.772455 7.386444 6.008682 78 78 78
37.803699 14.768920 10.522356 78 78 78
6.308164 1.689813 2.635561 185 183 184
10.875117 3.375659 3.776114 185 183 184
20.009024 6.747351 6.057220 185 183 184
38.276836 13.490734 10.619431 185 183 184
6.363231 1.524079 2.646613 179 179 181
10.985250 3.044190 3.798218 179 179 181
20.229290 6.084413 6.101427 179 179 181
38.717369 12.164859 10.707846 179 179 181
6.413673 1.352722 2.656453 172 179 187
11.086136 2.701477 3.817898 172 179 187
20.431061 5.398986 6.140788 172 179 187
39.120911 10.794004 10.786568 172 179 187
6.458960 1.176173 2.664958 177 176 180
11.176708 2.348378 3.834907 177 176 180
20.612206 4.692789 6.174806 177 176 180
39.483200 9.381611 10.854603 177 176 180
6.498585 0.994953 2.672011 183 182 186
11.255960 1.985938 3.849014 183 182 186
20.770708 3.967908 6.203020 183 182 186
39.800205 7.931849 10.911032 183 182 186
6.532091 0.809669 2.677510 189 189 189
11.322971 1.615372 3.860012 189 189 189
20.904732 3.226776 6.225016 189 189 189
40.068253 6.449584 10.955025 189 189 189
6.559074 0.621011 2.681366 181 180 182
11.376938 1.238056 3.867724 181 180 182
21.012665 2.472144 6.240440 181 180 182
40.284119 4.940320 10.985872 181 180 182
6.579205 0.429736 2.683509 185 183 184
11.417199 0.855505 3.872011 185 183 184
21.093187 1.707044 6.249013 185 183 184
40.445164 3.410120 11.003019 185 183 184
6.592233 0.236658 2.683891 207 203 200
11.443254 0.469348 3.872773 207 203 200
21.145298 0.934729 6.250539 207 203 200
40.549385 1.865492 11.006069 207 203 200
6.598001 0.042629 2.682484 206 202 199
11.454790 0.081290 3.869960 206 202 199
21.168369 0.158613 6.244912 206 202 199
40.595528 0.313259 10.994816 206 202 199
6.596447 -0.151477 2.679287 213 210 205
11.451683 -0.306922 3.863566 213 210 205
21.162155 -0.617810 6.232124 213 210 205
40.583099 -1.239588 10.969240 213 210 205
6.587611 -0.344785 2.674322 213 209 206
11.434011 -0.693537 3.853636 213 209 206
21.126810 -1.391041 6.212263 213 209 206
40.512409 -2.786050 10.929518 213 209 206
6.571627 -0.536438 2.667634 221 217 214
11.402042 -1.076843 3.840260 221 217 214
21.062874 -2.157653 6.185512 221 217 214
40.384537 -4.319273 10.876015 221 217 214
6.548721 -0.725616 2.659290 197 196 192
11.356231 -1.455200 3.823573 197 196 192
20.971251 -2.914366 6.152137 197 196 192
40.201290 -5.832700 10.809267 197 196 192
6.519207 -0.911554 2.649379 184 182 183
11.297204 -1.827075 3.803750 184 182 183
20.853197 -3.658118 6.112492 184 182 183
39.965183 -7.320204 10.729977 184 182 183
6.483469 -1.093553 2.638003 191 189 190
11.225726 -2.191073 3.780999 191 189 190
20.710241 -4.386114 6.066990 191 189 190
39.679272 -8.776196 10.638971 191 189 190
6.441951 -1.270994 2.625282 200 199 195
11.142691 -2.545955 3.755556 200 199 195
20.544170 -5.095877 6.016103 200 199 195
39.347130 -10.195721 10.537199 200 199 195
6.395144 -1.443343 2.611341 195 193 194
11.049078 -2.890652 3.727675 195 193 194
20.356945 -5.785272 5.960342 195 193 194
38.972679 -11.574512 10.425676 195 193 194
6.343572 -1.610157 2.596317 160 168 181
10.945932 -3.224281 3.697626 160 168 181
20.150654 -6.452529 5.900243 160 168 181
38.560097 -12.909025 10.305479 160 168 181
6.287774 -1.771084 2.580345 162 167 175
10.834337 -3.546136 3.665682 162 167 175
19.927464 -7.096239 5.836357 162 167 175
38.113716 -14.196445 10.177706 162 167 175
6.228298 -1.925863 2.563564 140 153 161
10.715384 -3.855692 3.632119 140 153 161
19.689558 -7.715352 5.769230 140 153 161
37.637905 -15.434671 10.043453 140 153 161
6.165682 -2.074312 2.546107 138 148 157
10.590154 -4.152592 3.597206 138 148 157
19.439096 -8.309151 5.699404 138 148 157
37.136982 -16.622269 9.903801 138 148 157
6.100451 -2.216333 2.528104 133 143 147
10.459692 -4.436633 3.561201 133 143 147
19.178173 -8.877234 5.627393 133 143 147
36.615135 -17.758434 9.759779 133 143 147
6.033106 -2.351895 2.509679 131 139 141
10.325001 -4.707757 3.524349 131 139 141
18.908791 -9.419482 5.553690 131 139 141
36.076370 -18.842932 9.612373 131 139 141
5.964114 -2.481029 2.490944 125 129 130
10.187016 -4.966025 3.486880 125 129 130
18.632822 -9.936017 5.478751 125 129 130
35.524433 -19.876001 9.462495 125 129 130
5.864020 2.692353 2.375364 28 25 20
9.986830 5.380739 3.255720 28 25 20
18.232449 10.757511 5.016433 28 25 20
34.723686 21.511055 8.537857 28 25 20
5.937967 2.570766 2.388755 48 52 52
10.134723 5.137565 3.282503 48 52 52
18.528234 10.271163 5.069998 48 52 52
35.315258 20.538359 8.644987 48 52 52
6.010877 2.442738 2.401844 72 76 75
10.280543 4.881508 3.308680 72 76 75
18.819876 9.759048 5.122351 72 76 75
35.898540 19.514130 8.749695 72 76 75
6.082310 2.308165 2.414538 73 77 78
10.423409 4.612363 3.334068 73 77 78
19.105606 9.220758 5.173127 73 77 78
36.470001 18.437550 8.851247 73 77 78
6.151786 2.167000 2.426739 47 48 43
10.562361 4.330033 3.358470 47 48 43
19.383511 8.656099 5.221932 47 48 43
37.025810 17.308231 8.948856 47 48 43
6.218792 2.019255 2.438343 52 51 49
10.696373 4.034543 3.381677 52 51 49
19.651535 8.065118 5.268347 52 51 49
37.561859 16.126268 9.041685 52 51 49
6.282791 1.865013 2.449240 64 61 56
10.824370 3.726059 3.403471 64 61 56
19.907530 7.448151 5.311935 64 61 56
38.073849 14.892335 9.128862 64 61 56
6.343222 1.704439 2.459319 86 86 88
10.945232 3.404910 3.423629 86 86 88
20.149254 6.805853 5.352251 86 86 88
38.557297 13.607739 9.209494 86 86 88
6.399515 1.537780 2.468466 179 178 174
11.057819 3.071592 3.441924 179 178 174
20.374428 6.139217 5.388841 179 178 174
39.007645 12.274467 9.282673 179 178 174
6.451104 1.365377 2.476571 183 182 178
11.160997 2.726787 3.458135 183 182 178
20.580784 5.449607 5.421261 183 182 178
39.420357 10.895247 9.347515 183 182 178
6.497437 1.187666 2.483528 179 177 177
11.253664 2.371365 3.472047 179 177 177
20.766117 4.738762 5.449086 179 177 177
39.791023 9.473557 9.403164 179 177 177
6.537991 1.005174 2.489235 184 183 179
11.334770 2.006381 3.483463 184 183 179
20.928329 4.008795 5.471917 184 183 179
40.115448 8.013622 9.448826 184 183 179
6.572288 0.818522 2.493606 196 192 189
11.403364 1.633076 3.492204 196 192 189
21.065517 3.262186 5.489400 196 192 189
40.389824 6.520404 9.483792 196 192 189
6.599910 0.628411 2.496564 205 201 198
11.458610 1.252854 3.498120 205 201 198
21.176008 2.501741 5.501233 205 201 198
40.610806 4.999514 9.507458 205 201 198
6.620512 0.435615 2.498050 207 203 200
11.499814 0.867263 3.501092 207 203 200
21.258417 1.730558 5.507175 207 203 200
40.775623 3.457150 9.519342 207 203 200
6.633837 0.240968 2.498023 209 205 202
11.526464 0.477969 3.501037 209 205 202
21.311716 0.951971 5.507066 209 205 202
40.882221 1.899975 9.519125 209 205 202
6.639719 0.045344 2.496461 206 202 199
11.538226 0.086720 3.497913 206 202 199
21.335241 0.169472 5.500819 206 202 199
40.929272 0.334977 9.506630 206 202 199
6.638094 -0.150364 2.493364 205 201 198
11.534978 -0.304695 3.491720 205 201 198
21.328745 -0.613356 5.488432 205 201 198
40.916279 -1.230680 9.481855 205 201 198
6.629004 -0.345256 2.488753 208 204 201
11.516796 -0.694480 3.482498 208 204 201
21.292381 -1.392928 5.469989 208 204 201
40.843552 -2.789823 9.444969 208 204 201
6.612586 -0.538457 2.482669 205 201 198
11.483962 -1.080881 3.470331 205 201 198
21.226713 -2.165730 5.445654 205 201 198
40.712215 -4.335426 9.396299 205 201 198
6.589081 -0.729126 2.475173 219 214 210
11.436952 -1.462220 3.455338 219 214 210
21.132692 -2.928407 5.415669 219 214 210
40.524174 -5.860782 9.336330 219 214 210
6.558813 -0.916481 2.466342 232 227 223
11.376415 -1.836929 3.437676 232 227 223
21.011620 -3.677825 5.380343 232 227 223
40.282028 -7.359618 9.265679 232 227 223
6.522180 -1.099807 2.456267 195 191 188
11.303148 -2.203582 3.417526 195 191 188
20.865086 -4.411131 5.340044 195 191 188
39.988960 -8.826229 9.185081 195 191 188
6.479645 -1.278474 2.445052 240 235 231
11.218079 -2.560916 3.395097 240 235 231
20.694946 -5.125799 5.295185 240 235 231
39.648682 -10.255565 9.095362 240 235 231
6.431719 -1.451940 2.432809 197 193 190
11.122227 -2.907847 3.370611 197 193 190
20.503242 -5.819661 5.246213 197 193 190
39.265274 -11.643290 8.997418 197 193 190
6.378942 -1.619756 2.419655 174 178 179
11.016674 -3.243479 3.344302 174 178 179
20.292137 -6.490924 5.193597 174 178 179
38.843063 -12.985816 8.892185 174 178 179
6.321876 -1.781567 2.405710 201 201 201
10.902541 -3.567101 3.316411 201 201 201
20.063871 -7.138169 5.137814 201 201 201
38.386532 -14.280305 8.780620 201 201 201
6.261085 -1.937110 2.391091 154 165 166
10.780958 -3.878188 3.287174 154 165 166
19.820705 -7.760343 5.079340 154 165 166
37.900200 -15.524653 8.663671 154 165 166
6.197124 -2.086210 2.375916 140 154 163
10.653036 -4.176387 3.256824 140 154 163
19.564861 -8.356741 5.018640 140 154 163
37.388512 -16.717449 8.542273 140 154 163
6.130534 -2.228770 2.360296 135 152 159
10.519857 -4.461507 3.225585 135 152 159
19.298504 -8.926981 4.956161 135 152 159
36.855797 -17.857929 8.417315 135 152 159
6.061830 -2.364765 2.344337 160 162 161
10.382448 -4.733498 3.193667 160 162 161
19.023685 -9.470963 4.892325 160 162 161
36.306160 -18.945894 8.289642 160 162 161
5.991491 -2.494235 2.328137 192 188 185
10.241772 -4.992437 3.161265 192 188 185
18.742332 -9.988841 4.827523 192 188 185
35.743454 -19.981649 8.160038 192 188 185
5.885529 2.707502 2.213013 27 26 21
10.029846 5.411036 2.931017 27 26 21
18.318481 10.818106 4.367027 27 26 21
34.895752 21.632244 7.239046 27 26 21
5.960591 2.585804 2.223672 38 40 35
10.179971 5.167642 2.952337 38 40 35
18.618731 10.331316 4.409665 38 40 35
35.496250 20.658665 7.324323 38 40 35
6.034638 2.457590 2.234076 76 80 79
10.328065 4.911212 2.973143 76 80 79
18.914919 9.818458 4.451278 76 80 79
36.088627 19.632948 7.407548 76 80 79
6.107221 2.322749 2.244147 82 86 85
10.473230 4.641531 2.993286 82 86 85
19.205250 9.279094 4.491565 82 86 85
36.669289 18.554220 7.488121 82 86 85
6.177851 2.181226 2.253806 59 60 62
10.614491 4.358485 3.012604 59 60 62
19.487770 8.713002 4.530200 59 60 62
37.234329 17.422037 7.565392 59 60 62
6.246003 2.033028 2.262966 32 34 33
10.750795 4.062089 3.030925 32 34 33
19.760380 8.120211 4.566841 32 34 33
37.779549 16.236454 7.638674 32 34 33
6.311126 1.878234 2.271538 45 46 41
10.881041 3.752501 3.048069 45 46 41
20.020870 7.501036 4.601129 45 46 41
38.300529 14.998104 7.707250 45 46 41
6.372645 1.717005 2.279430 91 93 92
11.004080 3.430043 3.063851 91 93 92
20.266949 6.856118 4.632694 91 93 92
38.792686 13.708268 7.770381 91 93 92
6.429976 1.549588 2.286548 190 186 183
11.118742 3.095208 3.078088 190 186 183
20.496273 6.186449 4.661168 190 186 183
39.251335 12.368931 7.827328 190 186 183
6.482535 1.376324 2.292802 189 185 186
11.223860 2.748681 3.090596 189 185 186
20.706509 5.493395 4.686184 189 185 186
39.671806 10.982823 7.877360 189 185 186
6.529755 1.197653 2.298104 193 192 188
11.318298 2.391339 3.101201 193 192 188
20.895386 4.778711 4.707394 193 192 188
40.049561 9.553455 7.919779 193 192 188
6.571094 1.014110 2.302374 186 185 181
11.400977 2.024252 3.109740 186 185 181
21.060743 4.044537 4.724472 186 185 181
40.380276 8.085106 7.953936 186 185 181
6.606062 0.826322 2.305538 203 200 195
11.470913 1.648677 3.116069 203 200 195
21.200615 3.293386 4.737130 203 200 195
40.660019 6.582804 7.979251 203 200 195
6.634225 0.635004 2.307537 214 211 206
11.527240 1.266041 3.120065 214 211 206
21.313269 2.528114 4.745122 214 211 206
40.885326 5.052261 7.995237 214 211 206
6.655229 0.440944 2.308321 213 210 205
11.569246 0.877921 3.121633 213 210 205
21.397282 1.751875 4.748259 213 210 205
41.053352 3.499783 8.001509 213 210 205
6.668804 0.244992 2.307858 209 206 201
11.596397 0.486016 3.120709 209 206 201
21.451584 0.968065 4.746410 209 206 201
41.161957 1.932163 7.997812 209 206 201
6.674783 0.048038 2.306134 209 206 201
11.608355 0.092108 3.117261 209 206 201
21.475498 0.180249 4.739513 209 206 201
41.209785 0.356531 7.984019 209 206 201
6.673098 -0.149004 2.303150 205 201 198
11.604984 -0.301976 3.111292 205 201 198
21.468758 -0.607918 4.727576 205 201 198
41.196304 -1.219804 7.960145 205 201 198
6.663791 -0.345219 2.298925 212 209 204
11.586370 -0.694405 3.102842 212 209 204
21.431530 -1.392777 4.710676 212 209 204
41.121849 -2.789521 7.926344 212 209 204
6.647007 -0.539710 2.293495 211 208 203
11.552802 -1.083387 3.091982 211 208 203
21.364393 -2.170742 4.688956 211 208 203
40.987576 -4.345451 7.882905 211 208 203
6.622993 -0.731623 2.286913 198 197 193
11.504774 -1.467214 3.078818 198 197 193
21.268337 -2.938394 4.662628 198 197 193
40.795464 -5.880756 7.830248 198 197 193
6.592083 -0.920159 2.279244 216 213 208
11.442955 -1.844285 3.063481 216 213 208
21.144699 -3.692537 4.631953 216 213 208
40.548187 -7.389042 7.768898 216 213 208
6.554692 -1.104592 2.270567 194 193 189
11.368174 -2.213151 3.046127 194 193 189
20.995136 -4.430270 4.597245 194 193 189
40.249062 -8.864508 7.699482 194 193 189
6.511297 -1.284281 2.260969 188 187 183
11.281383 -2.572530 3.026930 188 187 183
20.821554 -5.149026 4.558852 188 187 183
39.901897 -10.302020 7.622695 188 187 183
6.462422 -1.458677 2.250543 194 193 189
11.183634 -2.921321 3.006079 194 193 189
20.626057 -5.846610 4.517149 194 193 189
39.510902 -11.697186 7.539290 194 193 189
6.408628 -1.627326 2.239388 174 174 174
11.076044 -3.258620 2.983768 174 174 174
20.410877 -6.521207 4.472529 174 174 174
39.080544 -13.046381 7.450050 174 174 174
6.350489 -1.789873 2.227603 215 216 210
10.959767 -3.583712 2.960199 215 216 210
20.178324 -7.171392 4.425389 215 216 210
38.615437 -14.346751 7.355771 215 216 210
6.288587 -1.946053 2.215288 207 207 199
10.835962 -3.896072 2.935567 207 207 199
19.930714 -7.796112 4.376126 207 207 199
38.120216 -15.596191 7.257245 207 207 199
6.223491 -2.095692 2.202537 160 160 160
10.705770 -4.195352 2.910066 160 160 160
19.670330 -8.394670 4.325124 160 160 160
37.599449 -16.793308 7.155241 160 160 160
6.155756 -2.238699 2.189444 139 143 142
10.570300 -4.481365 2.883880 139 143 142
19.399389 -8.966698 4.272752 139 143 142
37.057568 -17.937363 7.050497 139 143 142
6.085906 -2.375054 2.176095 135 139 138
10.430601 -4.754076 2.857182 135 139 138
19.119991 -9.512118 4.219357 135 139 138
36.498772 -19.028204 6.943705 135 139 138
6.014434 -2.504802 2.162570 133 137 136
10.287658 -5.013571 2.830133 133 137 136
18.834105 -10.031109 4.165257 133 137 136
35.926998 -20.066185 6.835507 133 137 136
5.902682 2.719819 2.048463 23 22 17
10.064153 5.435670 2.601918 23 22 17
18.387094 10.867373 3.708827 23 22 17
35.032978 21.730778 5.922647 23 22 17
5.978630 2.598048 2.056275 46 43 36
10.216049 5.192128 2.617543 46 43 36
18.690887 10.380289 3.740078 46 43 36
35.640564 20.756611 5.985148 46 43 36
6.053582 2.469701 2.063877 50 47 40
10.365953 4.935435 2.632745 50 47 40
18.990696 9.866902 3.770482 50 47 40
36.240181 19.729837 6.045956 50 47 40
6.127080 2.334662 2.071208 46 43 38
10.512950 4.665358 2.647407 46 43 38
19.284689 9.326748 3.799807 46 43 38
36.828167 18.649529 6.104605 46 43 38
6.198629 2.192872 2.078206 54 51 44
10.656048 4.381777 2.661404 54 51 44
19.570885 8.759586 3.827801 54 51 44
37.400558 17.515205 6.160594 54 51 44
6.267694 2.044331 2.084806 55 56 50
10.794178 4.084695 2.674604 55 56 50
19.847145 8.165422 3.854200 55 56 50
37.953079 16.326878 6.213392 55 56 50
6.333714 1.889115 2.090938 46 41 38
10.926216 3.774263 2.686868 46 41 38
20.111221 7.544559 3.878729 46 41 38
38.481232 15.085152 6.262449 46 41 38
6.396102 1.727383 2.096532 110 114 113
11.050993 3.450798 2.698056 110 114 113
20.360775 6.897628 3.901104 110 114 113
38.980339 13.791289 6.307200 110 114 113
6.454261 1.559379 2.101516 172 172 170
11.167311 3.114791 2.708025 172 172 170
20.593410 6.225615 3.921042 172 172 170
39.445610 12.447262 6.347076 172 172 170
6.507595 1.385448 2.105822 188 187 183
11.273979 2.766929 2.716636 188 187 183
20.806747 5.529890 3.938265 188 187 183
39.872284 11.055813 6.381521 188 187 183
6.555522 1.206030 2.109383 198 194 191
11.369833 2.408093 2.723757 198 194 191
20.998455 4.812219 3.952506 198 194 191
40.255699 9.620470 6.410004 198 194 191
6.597489 1.021666 2.112136 188 187 183
11.453768 2.039364 2.729264 188 187 183
21.166325 4.074760 3.963521 188 187 183
40.591438 8.145554 6.432034 188 187 183
6.632993 0.832990 2.114029 184 183 179
11.524776 1.662013 2.733050 184 183 179
21.308340 3.320059 3.971092 184 183 179
40.875469 6.636151 6.447177 184 183 179
6.661590 0.640727 2.115016 186 185 181
11.581968 1.277486 2.735023 186 185 181
21.422726 2.551005 3.975038 186 185 181
41.104240 5.098043 6.455069 186 185 181
6.682914 0.445675 2.115061 186 185 181
11.624617 0.887383 2.735114 186 185 181
21.508022 1.770799 3.975220 186 185 181
41.274834 3.537631 6.455432 186 185 181
6.696691 0.248697 2.114143 183 182 178
11.652170 0.493427 2.733277 183 182 178
21.563129 0.982887 3.971547 183 182 178
41.385048 1.961806 6.448086 183 182 178
6.702745 0.050698 2.112251 198 195 190
11.664280 0.097428 2.729494 198 195 190
21.587349 0.190889 3.963980 198 195 190
41.433487 0.377810 6.432953 198 195 190
6.701012 -0.147395 2.109390 184 181 176
11.660812 -0.298757 2.723773 184 181 176
21.580414 -0.601482 3.952538 184 181 176
41.419617 -1.206931 6.410067 184 181 176
6.691531 -0.344651 2.105578 179 178 174
11.641850 -0.693269 2.716148 179 178 174
21.542490 -1.390505 3.937288 179 178 174
41.343769 -2.784976 6.379567 179 178 174
6.674454 -0.540160 2.100845 184 183 179
11.607697 -1.084287 2.706681 184 183 179
21.474184 -2.172541 3.918355 184 183 179
41.207157 -4.349049 6.341702 184 183 179
6.650033 -0.733053 2.095234 173 172 168
11.558854 -1.470074 2.695460 173 172 168
21.376497 -2.944115 3.895911 173 172 168
41.011784 -5.892198 6.296814 173 172 168
6.618611 -0.922521 2.088799 172 172 170
11.496011 -1.849010 2.682589 172 172 170
21.250811 -3.701987 3.870170 172 172 170
40.760410 -7.407941 6.245332 172 172 170
6.580614 -1.107828 2.081602 162 162 162
11.420016 -2.219623 2.668195 162 162 162
21.098822 -4.443213 3.841383 162 162 162
40.456432 -8.890392 6.187757 162 162 162
6.536530 -1.288324 2.073713 153 155 154
11.331848 -2.580614 2.652417 153 155 154
20.922485 -5.165196 3.809826 153 155 154
40.103760 -10.334359 6.124644 153 155 154
6.486898 -1.463454 2.065206 150 150 150
11.232586 -2.930875 2.635403 150 150 150
20.723961 -5.865717 3.775799 150 150 150
39.706711 -11.735401 6.056590 150 150 150
6.432291 -1.632762 2.056158 154 156 155
11.123371 -3.269491 2.617308 154 156 155
20.505531 -6.542949 3.739609 154 156 155
39.269852 -13.089866 5.984210 154 156 155
6.373296 -1.795889 2.046648 204 201 194
11.005382 -3.595744 2.598288 204 201 194
20.269552 -7.195456 3.701567 204 201 194
38.797894 -14.394879 5.908127 204 201 194
6.310507 -1.952572 2.036752 201 198 191
10.879804 -3.909111 2.578496 201 198 191
20.018396 -7.822190 3.661985 201 198 191
38.295582 -15.648347 5.828961 201 198 191
6.244507 -2.102639 2.026546 160 161 156
10.747804 -4.209246 2.558083 160 161 156
19.754396 -8.422459 3.621159 160 161 156
37.767582 -16.848885 5.747309 160 161 156
6.175859 -2.246001 2.016100 151 153 148
10.610508 -4.495969 2.537191 151 153 148
19.479805 -8.995906 3.579375 151 153 148
37.218399 -17.995779 5.663741 151 153 148
6.105098 -2.382642 2.005481 130 134 133
10.468986 -4.769251 2.515954 130 134 133
19.196760 -9.542470 3.536899 130 134 133
36.652309 -19.088907 5.578790 130 134 133
6.032724 -2.512611 1.994750 120 124 123
10.324238 -5.029190 2.494493 120 124 123
18.907265 -10.062346 3.493978 120 124 123
36.073318 -20.128660 5.492948 120 124 123
5.915320 2.729196 1.882227 25 22 15
10.089430 5.454425 2.269446 25 22 15
18.437649 10.904883 3.043884 25 22 15
35.134087 21.805799 4.592760 25 22 15
5.991913 2.607387 1.887104 37 40 33
10.242615 5.210807 2.279200 37 40 33
18.744019 10.417647 3.063393 37 40 33
35.746826 20.831327 4.631778 37 40 33
6.067521 2.478960 1.891813 44 41 36
10.393831 4.953952 2.288617 44 41 36
19.046452 9.903936 3.082226 44 41 36
36.351692 19.803905 4.669445 44 41 36
6.141685 2.343793 1.896312 51 48 40
10.542158 4.683619 2.297616 51 48 40
19.343105 9.363271 3.100223 51 48 40
36.945000 18.722574 4.705438 51 48 40
6.213901 2.201824 1.900559 55 52 45
10.686590 4.399682 2.306109 55 52 45
19.631969 8.795396 3.117210 55 52 45
37.522728 17.586824 4.739413 55 52 45
6.283629 2.053051 1.904507 58 55 48
10.826048 4.102134 2.314007 58 55 48
19.910885 8.200301 3.133006 58 55 48
38.080559 16.396635 4.771004 58 55 48
6.350301 1.897546 1.908111 120 105 74
10.959391 3.791124 2.321215 120 105 74
20.177570 7.578280 3.147422 120 105 74
38.613930 15.152594 4.799835 120 105 74
6.413321 1.735464 1.911322 69 64 58
11.085430 3.466960 2.327636 69 64 58
20.429649 6.929953 3.160264 69 64 58
39.118088 13.855939 4.825521 69 64 58
6.472082 1.567052 1.914092 155 157 156
11.202952 3.130136 2.333176 155 157 156
20.664694 6.256305 3.171343 155 157 156
39.588177 12.508642 4.847678 155 157 156
6.525979 1.392652 1.916374 162 162 162
11.310747 2.781337 2.337739 162 162 162
20.880283 5.558708 3.180471 162 162 162
40.019356 11.113448 4.865934 162 162 162
6.574421 1.212709 1.918124 167 165 166
11.407631 2.421450 2.341240 167 165 166
21.074051 4.838933 3.187472 167 165 166
40.406891 9.673900 4.879935 167 165 166
6.616846 1.027764 1.919302 162 162 160
11.492481 2.051561 2.343596 162 162 160
21.243752 4.099155 3.192184 162 162 160
40.746292 8.194344 4.889361 162 162 160
6.652739 0.838460 1.919873 164 164 164
11.564267 1.672952 2.344738 164 164 164
21.387323 3.341937 3.194468 164 164 164
41.033436 6.679906 4.893929 164 164 164
6.681651 0.645524 1.919809 161 161 161
11.622091 1.287081 2.344609 161 161 161
21.502972 2.570195 3.194210 161 161 161
41.264732 5.136423 4.893412 161 161 161
6.703208 0.449766 1.919087 152 152 152
11.665205 0.895565 2.343166 152 152 152
21.589199 1.787162 3.191325 152 152 152
41.437187 3.570358 4.887641 152 152 152
6.717132 0.252056 1.917697 160 160 158
11.693052 0.500145 2.340386 160 160 158
21.644894 0.996322 3.185764 160 160 158
41.548576 1.988677 4.876520 160 160 158
6.723243 0.053309 1.915635 157 157 155
11.705275 0.102651 2.336262 157 157 155
21.669338 0.201335 3.177516 157 157 155
41.597466 0.398702 4.860023 157 157 155
6.721473 -0.145536 1.912907 151 151 151
11.701735 -0.295039 2.330806 151 151 151
21.662258 -0.594045 3.166605 151 151 151
41.583305 -1.192058 4.838201 151 151 151
6.711866 -0.343538 1.909530 146 146 146
11.682521 -0.691044 2.324051 146 146 146
21.623831 -1.386055 3.153095 146 146 146
41.506451 -2.776078 4.811181 146 146 146
6.694574 -0.539778 1.905527 143 145 144
11.647938 -1.083523 2.316046 143 145 144
21.554665 -2.171014 3.137085 143 145 144
41.368118 -4.345994 4.779161 143 145 144
6.669857 -0.733377 1.900933 135 136 138
11.598502 -1.470721 2.306858 135 136 138
21.455793 -2.945409 3.118708 135 136 138
41.170376 -5.894785 4.742407 135 136 138
6.638062 -0.923516 1.895787 129 133 134
11.534914 -1.850999 2.296566 129 133 134
21.328617 -3.705964 3.098124 129 133 134
40.916023 -7.415896 4.701240 129 133 134
6.599624 -1.109452 1.890135 151 153 152
11.458036 -2.222871 2.285263 151 153 152
21.174862 -4.449710 3.075518 151 153 152
40.608513 -8.903387 4.656027 151 153 152
6.555038 -1.290530 1.884029 146 146 146
11.368866 -2.585028 2.273049 146 146 146
20.996521 -5.174024 3.051091 146 146 146
40.251831 -10.352015 4.607173 146 146 146
6.504856 -1.466192 1.877520 132 136 137
11.268501 -2.936351 2.260033 132 136 137
20.795792 -5.876670 3.025057 132 136 137
39.850372 -11.757307 4.555106 132 136 137
6.449656 -1.635977 1.870665 133 137 138
11.158102 -3.275922 2.246323 133 137 138
20.574993 -6.555811 2.997637 133 137 138
39.408775 -13.115589 4.500266 133 137 138
6.390039 -1.799526 1.863519 143 147 146
11.038868 -3.603020 2.232029 143 147 146
20.336525 -7.210007 2.969050 143 147 146
38.931839 -14.423981 4.443093 143 147 146
6.326607 -1.956577 1.856135 146 149 148
10.912003 -3.917121 2.217261 146 149 148
20.082794 -7.838209 2.939515 146 149 148
38.424377 -15.680386 4.384021 146 149 148
6.259949 -2.106957 1.848565 140 144 143
10.778687 -4.217882 2.202123 140 144 143
19.816164 -8.439731 2.909237 140 144 143
37.891117 -16.883429 4.323466 140 144 143
6.190638 -2.250580 1.840860 153 154 149
10.640065 -4.505128 2.186712 153 154 149
19.538919 -9.014223 2.878416 153 154 149
37.336628 -18.032413 4.261823 153 154 149
6.119215 -2.387434 1.833064 144 146 141
10.497219 -4.778834 2.171121 144 146 141
19.253227 -9.561636 2.847233 144 146 141
36.765244 -19.127239 4.199458 144 146 141
6.046186 -2.517569 1.825220 114 116 111
10.351162 -5.039106 2.155433 114 116 111
18.961113 -10.082179 2.815857 114 116 111
36.181015 -20.168325 4.136706 114 116 111
5.923327 2.735555 1.714845 26 26 18
10.105444 5.467144 1.934682 26 26 18
18.469677 10.930320 2.374355 26 26 18
35.198143 21.856672 3.253703 26 26 18
6.000310 2.613740 1.716726 38 38 30
10.259409 5.223513 1.938444 38 38 30
18.777607 10.443059 2.381881 38 38 30
35.814003 20.882151 3.268754 38 38 30
6.076317 2.485281 1.718481 42 40 28
10.411423 4.966596 1.941953 42 40 28
19.081635 9.929224 2.388899 42 40 28
36.422058 19.854481 3.282790 42 40 28
6.150883 2.350056 1.720086 63 67 68
10.560555 4.696145 1.945164 63 67 68
19.379898 9.388323 2.395321 63 67 68
37.018585 18.772678 3.295634 63 67 68
6.223503 2.207998 1.721519 78 82 81
10.705795 4.412029 1.948031 78 82 81
19.670380 8.820090 2.401054 78 82 81
37.599548 17.636213 3.307099 78 82 81
6.293633 2.059103 1.722756 86 86 86
10.846055 4.114238 1.950504 86 86 86
19.950899 8.224508 2.406001 86 86 86
38.160587 16.445049 3.316993 86 86 86
6.360699 1.903441 1.723772 113 113 77
10.980186 3.802916 1.952536 113 113 77
20.219162 7.601864 2.410064 113 113 77
38.697113 15.199760 3.325119 113 113 77
6.424099 1.741168 1.724542 95 101 101
11.106988 3.478369 1.954076 95 101 101
20.472765 6.952771 2.413144 95 101 101
39.204319 13.901575 3.331280 95 101 101
6.483226 1.572528 1.725042 143 143 143
11.225241 3.141089 1.955077 143 143 143
20.709270 6.278212 2.415145 143 143 143
39.677330 12.552456 3.335282 143 143 143
6.537464 1.397865 1.725250 145 145 145
11.333716 2.791763 1.955492 145 145 145
20.926222 5.579558 2.415976 145 145 145
40.111233 11.155149 3.336945 145 145 145
6.586217 1.217622 1.725144 148 148 148
11.431223 2.431277 1.955281 148 148 148
21.121235 4.858587 2.415554 148 148 148
40.501259 9.713207 3.336099 148 148 148
6.628918 1.032345 1.724707 148 148 148
11.516624 2.060723 1.954406 148 148 148
21.292038 4.117479 2.413804 148 148 148
40.842865 8.230990 3.332600 148 148 148
6.665047 0.842677 1.723923 146 146 148
11.588882 1.681388 1.952838 146 146 148
21.436554 3.358808 2.410668 146 146 148
41.131897 6.713649 3.326327 146 146 148
6.694149 0.649353 1.722781 144 148 147
11.647087 1.294738 1.950554 144 148 147
21.552963 2.585508 2.406101 144 148 147
41.364716 5.167049 3.317193 144 148 147
6.715847 0.453183 1.721275 149 149 149
11.690484 0.902398 1.947543 149 149 149
21.639757 1.800829 2.400077 149 149 149
41.538303 3.597691 3.305146 149 149 149
6.729858 0.255044 1.719404 153 153 153
11.718506 0.506122 1.943799 153 153 153
21.695801 1.008276 2.392591 153 153 153
41.650391 2.012584 3.290174 153 153 153
6.736003 0.055858 1.717170 156 156 156
11.730796 0.107750 1.939332 156 156 156
21.720381 0.211532 2.383657 156 156 156
41.699551 0.419097 3.272305 156 156 156
6.734212 -0.143430 1.714583 154 155 150
11.727213 -0.290827 1.934159 154 155 150
21.713215 -0.585622 2.373309 154 155 150
41.685219 -1.175212 3.251610 154 155 150
6.724529 -0.341874 1.711657 156 155 151
11.707847 -0.687716 1.928306 156 155 151
21.674482 -1.379399 2.361604 156 155 151
41.607754 -2.762766 3.228200 156 155 151
6.707108 -0.538548 1.708410 153 152 150
11.673005 -1.081063 1.921812 153 152 150
21.604799 -2.166093 2.348616 153 152 150
41.468388 -4.336154 3.202224 153 152 150
6.682210 -0.732567 1.704865 150 150 148
11.623210 -1.469101 1.914721 150 150 148
21.505209 -2.942170 2.334435 150 150 148
41.269207 -5.888307 3.173862 150 150 148
6.650190 -0.923108 1.701047 147 149 146
11.559170 -1.850182 1.907087 147 149 146
21.377129 -3.704332 2.319165 147 149 146
41.013046 -7.412631 3.143323 147 149 146
6.611485 -1.109422 1.696987 143 145 144
11.481758 -2.222812 1.898965 143 145 144
21.222305 -4.449591 2.302923 143 145 144
40.703400 -8.903150 3.110837 143 145 144
6.566597 -1.290853 1.692713 141 142 137
11.391983 -2.585673 1.890419 141 142 137
21.042755 -5.175313 2.285829 141 142 137
40.344299 -10.354594 3.076650 141 142 137
6.516081 -1.466837 1.688259 136 135 130
11.290952 -2.937642 1.881510 136 135 130
20.840693 -5.879251 2.268011 136 135 130
39.940174 -11.762468 3.041015 136 135 130
6.460525 -1.636914 1.683655 76 75 71
11.179838 -3.277796 1.872302 76 75 71
20.618465 -6.559559 2.249596 76 75 71
39.495720 -13.123085 3.004185 76 75 71
6.400531 -1.800724 1.678934 55 57 52
11.059851 -3.605414 1.862859 55 57 52
20.378490 -7.214796 2.230710 55 57 52
39.015770 -14.433559 2.966412 55 57 52
6.336708 -1.958002 1.674124 53 57 58
10.932205 -3.919972 1.853240 53 57 58
20.123199 -7.843911 2.211473 53 57 58
38.505188 -15.691790 2.927938 53 57 58
6.269653 -2.108580 1.669256 44 48 49
10.798095 -4.221128 1.843504 44 48 49
19.854979 -8.446222 2.192000 44 48 49
37.968746 -16.896412 2.888991 44 48 49
6.199940 -2.252370 1.664355 52 57 53
10.658669 -4.508708 1.833702 52 57 53
19.576126 -9.021383 2.172397 52 57 53
37.411041 -18.046734 2.849786 52 57 53
6.128116 -2.389362 1.659446 25 31 29
10.515020 -4.782692 1.823885 25 31 29
19.288830 -9.569351 2.152761 25 31 29
36.836449 -19.142670 2.810515 25 31 29
6.054690 -2.519610 1.654551 30 36 36
10.368169 -5.043188 1.814095 30 36 36
18.995127 -10.090343 2.133181 30 36 36
36.249043 -20.184654 2.771354 30 36 36
5.926632 2.738845 1.546875 29 33 36
10.112053 5.473723 1.598741 29 33 36
18.482895 10.943480 1.702475 29 33 36
35.224579 21.882992 1.909942 29 33 36
6.003745 2.617055 1.545730 41 35 21
10.266279 5.230143 1.596453 41 35 21
18.791348 10.456319 1.697898 41 35 21
35.841484 20.908670 1.900788 41 35 21
6.079884 2.488613 1.544501 43 40 35
10.418556 4.973259 1.593993 43 40 35
19.095901 9.942552 1.692979 43 40 35
36.450592 19.881136 1.890950 43 40 35
6.154583 2.353397 1.543182 62 65 64
10.567956 4.702827 1.591356 62 65 64
19.394701 9.401688 1.687704 62 65 64
37.048191 18.799408 1.880400 62 65 64
6.227337 2.211339 1.541771 44 45 40
10.713463 4.418710 1.588534 44 45 40
19.685715 8.833452 1.682061 44 45 40
37.630219 17.662937 1.869114 44 45 40
6.297599 2.062433 1.540266 49 50 45
10.853987 4.120898 1.585524 49 50 45
19.966763 8.237828 1.676040 49 50 45
38.192314 16.471689 1.857072 49 50 45
6.364793 1.906749 1.538664 64 67 58
10.988375 3.809532 1.582321 64 67 58
20.235538 7.615096 1.669634 64 67 58
38.729866 15.226225 1.844260 64 67 58
6.428319 1.744443 1.536966 33 33 33
11.115428 3.484919 1.578924 33 33 33
20.489645 6.965871 1.662840 33 33 33
39.238079 13.927774 1.830672 33 33 33
6.487563 1.575758 1.535171 43 43 41
11.233915 3.147549 1.575333 43 43 41
20.726620 6.291131 1.655659 43 43 41
39.712029 12.578296 1.816309 43 43 41
6.541912 1.401038 1.533280 87 86 91
11.342612 2.798108 1.571552 87 86 91
20.944014 5.592249 1.648097 87 86 91
40.146816 11.180531 1.801185 87 86 91
6.590766 1.220726 1.531297 68 67 72
11.440321 2.437484 1.567586 68 67 72
21.139431 4.871001 1.640165 68 67 72
40.537651 9.738034 1.785321 68 67 72
6.633556 1.035368 1.529226 100 99 104
11.525902 2.066768 1.563444 100 99 104
21.310593 4.129569 1.631879 100 99 104
40.879974 8.255171 1.768750 100 99 104
6.669762 0.845608 1.527072 86 87 89
11.598313 1.687249 1.559135 86 87 89
21.455416 3.370530 1.623262 86 87 89
41.169621 6.737093 1.751517 86 87 89
6.698925 0.652181 1.524842 46 48 43
11.656639 1.300394 1.554675 46 48 43
21.572067 2.596822 1.614342 46 48 43
41.402924 5.189676 1.733676 46 48 43
6.720668 0.455900 1.522544 71 71 73
11.700126 0.907833 1.550080 71 71 73
21.659040 1.811698 1.605152 71 71 73
41.576870 3.619429 1.715295 71 71 73
6.734708 0.257643 1.520188 65 65 67
11.728206 0.511319 1.545368 65 65 67
21.715200 1.018670 1.595728 65 65 67
41.689190 2.033373 1.696448 65 65 67
6.740863 0.058333 1.517784 75 71 70
11.740516 0.112698 1.540561 75 71 70
21.739820 0.221429 1.586114 75 71 70
41.738430 0.438890 1.677220 75 71 70
6.739065 -0.141084 1.515344 70 74 73
11.736918 -0.286136 1.535681 70 74 73
21.732626 -0.576240 1.576354 70 74 73
41.724041 -1.156446 1.657699 70 74 73
6.729357 -0.339659 1.512880 81 80 85
11.717504 -0.683286 1.530751 81 80 85
21.693796 -1.370540 1.566495 81 80 85
41.646381 -2.745047 1.637981 81 80 85
6.711895 -0.536464 1.510402 118 119 121
11.682578 -1.076896 1.525796 118 119 121
21.623945 -2.157759 1.556585 118 119 121
41.506680 -4.319485 1.618161 118 119 121
6.686939 -0.730613 1.507924 128 127 123
11.632667 -1.465194 1.520840 128 127 123
21.524122 -2.934355 1.546672 128 127 123
41.307034 -5.872676 1.598336 128 127 123
6.654846 -0.921281 1.505457 77 77 77
11.568481 -1.846529 1.515905 77 77 77
21.395752 -3.697025 1.536802 77 77 77
41.050293 -7.398017 1.578597 77 77 77
6.616053 -1.107718 1.503011 58 54 53
11.490895 -2.219403 1.511014 58 54 53
21.240580 -4.442774 1.527021 58 54 53
40.739948 -8.889515 1.559034 58 54 53
6.571068 -1.289266 1.500598 50 52 49
11.400925 -2.582500 1.506188 50 52 49
21.060638 -5.168966 1.517368 50 52 49
40.380066 -10.341900 1.539729 50 52 49
6.520444 -1.465361 1.498227 75 76 71
11.299677 -2.934690 1.501445 75 76 71
20.858143 -5.873346 1.507882 75 76 71
39.975075 -11.750660 1.520756 75 76 71
6.464770 -1.635542 1.495905 56 58 55
11.188330 -3.275051 1.496801 56 58 55
20.635448 -6.554070 1.498595 56 58 55
39.529686 -13.112107 1.502182 56 58 55
6.404654 -1.799447 1.493640 117 119 119
11.068096 -3.602861 1.492272 117 119 119
20.394981 -7.209690 1.489535 117 119 119
39.048752 -14.423347 1.484063 117 119 119
6.340703 -1.956814 1.491438 73 77 78
10.940195 -3.917595 1.487867 73 77 78
20.139179 -7.839158 1.480727 73 77 78
38.537148 -15.682283 1.466446 73 77 78
6.273516 -2.107472 1.489303 87 84 79
10.805821 -4.218911 1.483598 87 84 79
19.870432 -8.441790 1.472189 87 84 79
37.999653 -16.887547 1.449369 87 84 79
6.203671 -2.251335 1.487240 30 34 36
10.666131 -4.506637 1.479471 30 34 36
19.591051 -9.017241 1.463935 30 34 36
37.440891 -18.038448 1.432862 30 34 36
6.131714 -2.388392 1.485250 26 30 31
10.522217 -4.780751 1.475492 26 30 31
19.303223 -9.565470 1.455976 26 30 31
36.865234 -19.134907 1.416943 26 30 31
6.058157 -2.518699 1.483335 22 28 28
10.375103 -5.041365 1.471663 22 28 28
19.008995 -10.086697 1.448317 22 28 28
36.276779 -20.177361 1.401626 22 28 28
5.925211 2.739047 1.378884 51 52 47
10.109211 5.474126 1.262760 51 52 47
18.477211 10.944284 1.030512 51 52 47
35.213211 21.884602 0.566016 51 52 47
6.002192 2.617312 1.374715 58 60 59
10.263173 5.230656 1.254423 58 60 59
18.785135 10.457345 1.013837 58 60 59
35.829060 20.910723 0.532667 58 60 59
6.078195 2.488935 1.370503 54 53 49
10.415179 4.973903 1.245998 54 53 49
19.089148 9.943839 0.996988 54 53 49
36.437084 19.883711 0.498967 54 53 49
6.152757 2.353795 1.366262 59 58 53
10.564302 4.703623 1.237516 59 58 53
19.387394 9.403278 0.980023 59 58 53
37.033577 18.802589 0.465038 59 58 53
6.225369 2.211824 1.362009 72 73 68
10.709528 4.419681 1.229010 72 73 68
19.677845 8.835395 0.963012 72 73 68
37.614479 17.666822 0.431017 72 73 68
6.295492 2.063018 1.357764 78 79 74
10.849772 4.122069 1.220520 78 79 74
19.958334 8.240171 0.946032 78 79 74
38.175457 16.476376 0.397056 78 79 74
6.362547 1.907448 1.353548 80 81 76
10.983883 3.810928 1.212088 80 81 76
20.226555 7.617889 0.929168 80 81 76
38.711899 15.231812 0.363327 80 81 76
6.425939 1.745267 1.349384 80 80 72
11.110666 3.486566 1.203759 80 80 72
20.480122 6.969165 0.912511 80 80 72
39.219032 13.934363 0.330013 80 80 72
6.485053 1.576720 1.345296 90 89 85
11.228895 3.149472 1.195584 90 89 85
20.716579 6.294978 0.896160 90 89 85
39.691948 12.585988 0.297311 90 89 85
6.539279 1.402149 1.341311 90 87 80
11.337348 2.800331 1.187613 90 87 80
20.933485 5.596695 0.880218 90 87 80
40.125759 11.189424 0.265428 90 87 80
6.588022 1.221999 1.337454 96 91 88
11.434834 2.440030 1.179899 96 91 88
21.128456 4.876093 0.864791 96 91 88
40.515701 9.748219 0.234573 96 91 88
6.630713 1.036812 1.333752 41 43 40
11.520215 2.069657 1.172496 41 43 40
21.299219 4.135347 0.849984 41 43 40
40.857227 8.266726 0.204961 41 43 40
6.666833 0.847233 1.330232 25 30 24
11.592455 1.690498 1.165455 25 30 24
21.443699 3.377028 0.835903 25 30 24
41.146187 6.750090 0.176797 25 30 24
6.695927 0.653992 1.326917 27 27 29
11.650643 1.304017 1.158826 27 27 29
21.560076 2.604066 0.822645 27 27 29
41.378941 5.204165 0.150282 27 27 29
6.717620 0.457902 1.323832 66 67 72
11.694029 0.911837 1.152656 66 67 72
21.646847 1.819707 0.810303 66 67 72
41.552483 3.635447 0.125598 66 67 72
6.731627 0.259838 1.320996 55 55 55
11.722042 0.515709 1.146983 55 55 55
21.702873 1.027450 0.798959 55 55 55
41.664536 2.050933 0.102909 55 55 55
6.737769 0.060720 1.318426 92 88 85
11.734327 0.117472 1.141844 92 88 85
21.727444 0.230976 0.788680 92 88 85
41.713676 0.457985 0.082352 92 88 85
6.735979 -0.138509 1.316137 85 75 66
11.730747 -0.280986 1.137265 85 75 66
21.720284 -0.565938 0.779522 85 75 66
41.699356 -1.135844 0.064036 85 75 66
6.726298 -0.336902 1.314137 76 77 72
11.711386 -0.677771 1.133266 76 77 72
21.681561 -1.359510 0.771523 76 77 72
41.621910 -2.722987 0.048039 76 77 72
6.708882 -0.533534 1.312432 74 73 69
11.676554 -1.071034 1.129857 74 73 69
21.611897 -2.146036 0.764705 74 73 69
41.482582 -4.296039 0.034402 74 73 69
6.683991 -0.727520 1.311024 73 73 71
11.626771 -1.459007 1.127041 73 73 71
21.512331 -2.921982 0.759073 73 73 71
41.283451 -5.847931 0.023138 73 73 71
6.651979 -0.918038 1.309910 61 62 57
11.562748 -1.840044 1.124812 61 62 57
21.384285 -3.684055 0.754615 61 62 57
41.027359 -7.372077 0.014222 61 62 57
6.613283 -1.104341 1.309082 74 69 63
11.485355 -2.212650 1.123156 74 69 63
21.229500 -4.429266 0.751305 74 69 63
40.717789 -8.862500 0.007601 74 69 63
6.568406 -1.285770 1.308531 63 64 59
11.395600 -2.575507 1.122055 63 64 59
21.049990 -5.154982 0.749102 63 64 59
40.358768 -10.313931 0.003195 63 64 59
6.517900 -1.461762 1.308244 41 46 40
11.294588 -2.927492 1.121481 41 46 40
20.847965 -5.858951 0.747954 41 46 40
39.954720 -11.721869 0.000900 41 46 40
6.462353 -1.631857 1.308206 95 96 91
11.183495 -3.267682 1.121404 95 96 91
20.625778 -6.539331 0.747800 95 96 91
39.510345 -13.082630 0.000593 95 96 91
6.402369 -1.795694 1.308399 94 95 90
11.063528 -3.595355 1.121790 94 95 90
20.385845 -7.194676 0.748572 94 95 90
39.030479 -14.393320 0.002136 94 95 90
6.338555 -1.953008 1.308805 89 89 89
10.935899 -3.909983 1.122602 89 89 89
20.130587 -7.823933 0.750196 89 89 89
38.519962 -15.651833 0.005383 89 89 89
6.271508 -2.103629 1.309404 92 93 88
10.801805 -4.211225 1.123801 92 93 88
19.862398 -8.426417 0.752594 92 93 88
37.983585 -16.856802 0.010179 92 93 88
6.201801 -2.247469 1.310178 63 64 59
10.662392 -4.498906 1.125349 63 64 59
19.583572 -9.001780 0.755690 63 64 59
37.425934 -18.007526 0.016371 63 64 59
6.129982 -2.384518 1.311108 57 58 53
10.518754 -4.773004 1.127207 57 58 53
19.296297 -9.549975 0.759406 57 58 53
36.851383 -19.103918 0.023804 57 58 53
6.056561 -2.514828 1.312173 44 45 40
10.371910 -5.033624 1.129338 44 45 40
19.002609 -10.071216 0.763669 44 45 40
36.264008 -20.146399 0.032329 44 45 40
5.919087 2.736171 1.211440 81 81 79
10.096963 5.468375 0.927872 81 81 79
18.452715 10.932783 0.360736 81 81 79
35.164219 21.861599 -0.773535 81 81 79
5.995677 2.614522 1.204279 51 53 48
10.250143 5.225076 0.913551 51 53 48
18.759075 10.446185 0.332094 51 53 48
35.776939 20.888403 -0.830820 51 53 48
6.071280 2.486259 1.197118 50 50 48
10.401348 4.968550 0.899227 50 50 48
19.061485 9.933133 0.303447 50 50 48
36.381760 19.862299 -0.888114 50 50 48
6.145433 2.351262 1.189988 52 55 50
10.549655 4.698556 0.884968 52 55 50
19.358099 9.393145 0.274929 52 55 50
36.974987 18.782322 -0.945150 52 55 50
6.217636 2.209466 1.182928 58 58 58
10.694060 4.414966 0.870848 58 58 58
19.646910 8.825964 0.246688 58 58 58
37.552608 17.647961 -1.001632 58 58 58
6.287349 2.060871 1.175978 62 62 60
10.833487 4.117774 0.856947 62 62 60
19.925762 8.231582 0.218887 62 62 60
38.110313 16.459196 -1.057235 62 62 60
6.354001 1.905546 1.169181 65 65 63
10.966791 3.807125 0.843354 65 65 63
20.192371 7.610283 0.191700 65 65 63
38.643532 15.216599 -1.111608 65 65 63
6.417000 1.743648 1.162585 67 68 63
11.092790 3.483329 0.830161 67 68 63
20.444368 6.962690 0.165315 67 68 63
39.147526 13.921412 -1.164379 67 68 63
6.475740 1.575420 1.156237 69 69 67
11.210270 3.146874 0.817466 69 69 67
20.679329 6.289780 0.139923 69 69 67
39.617447 12.575593 -1.215162 69 69 67
6.529616 1.401206 1.150187 69 70 65
11.318021 2.798444 0.805366 69 70 65
20.894831 5.592921 0.115724 69 70 65
40.048450 11.181875 -1.263560 69 70 65
6.578036 1.221445 1.144485 76 77 72
11.414862 2.438923 0.793962 76 77 72
21.088512 4.873879 0.092916 76 77 72
40.435814 9.743791 -1.309176 76 77 72
6.620441 1.036681 1.139179 77 78 73
11.499672 2.069394 0.783350 77 78 73
21.258133 4.134821 0.071692 77 78 73
40.775055 8.265676 -1.351625 77 78 73
6.656317 0.847551 1.134315 75 76 71
11.571423 1.691135 0.773622 75 76 71
21.401634 3.378302 0.052236 75 76 71
41.062057 6.752636 -1.390536 75 76 71
6.685214 0.654783 1.129935 76 77 72
11.629216 1.305599 0.764863 76 77 72
21.517221 2.607232 0.034717 76 77 72
41.293232 5.210496 -1.425574 76 77 72
6.706759 0.459184 1.126077 78 79 74
11.672307 0.914401 0.757146 78 79 74
21.603403 1.824834 0.019285 78 79 74
41.465595 3.645700 -1.456439 78 79 74
6.720674 0.261621 1.122772 76 77 72
11.700137 0.519275 0.750535 76 77 72
21.659063 1.034583 0.006062 76 77 72
41.576916 2.065199 -1.482884 76 77 72
6.726782 0.063008 1.120042 80 79 75
11.712353 0.122049 0.745076 80 79 75
21.683495 0.240132 -0.004856 80 79 75
41.625778 0.476296 -1.504720 80 79 75
6.725013 -0.135718 1.117905 80 79 77
11.708816 -0.275403 0.740802 80 79 77
21.676420 -0.554773 -0.013405 80 79 77
41.611629 -1.113513 -1.521817 80 79 77
6.715411 -0.333618 1.116367 79 80 75
11.689610 -0.671203 0.737726 79 80 75
21.638010 -1.346374 -0.019555 79 80 75
41.534809 -2.696716 -1.534119 79 80 75
6.698129 -0.529774 1.115428 79 80 75
11.655047 -1.063515 0.735848 79 80 75
21.568884 -2.130998 -0.023311 79 80 75
41.396557 -4.265964 -1.541631 79 80 75
6.673424 -0.723308 1.115078 78 79 74
11.605638 -1.450584 0.735149 78 79 74
21.470064 -2.905136 -0.024711 78 79 74
41.198917 -5.814239 -1.544429 78 79 74
6.641645 -0.913403 1.115301 79 79 77
11.542079 -1.830773 0.735594 79 79 77
21.342947 -3.665514 -0.023820 79 79 77
40.944683 -7.334994 -1.542648 79 79 77
6.603224 -1.099315 1.116072 79 80 75
11.465238 -2.202598 0.737135 79 80 75
21.189264 -4.409163 -0.020738 79 80 75
40.637318 -8.822292 -1.536483 79 80 75
6.558659 -1.280390 1.117360 78 79 74
11.376107 -2.564748 0.739713 78 79 74
21.011003 -5.133463 -0.015582 78 79 74
40.280796 -10.270893 -1.526172 78 79 74
6.508497 -1.456068 1.119133 78 79 74
11.275783 -2.916103 0.743258 78 79 74
20.810354 -5.836174 -0.008492 78 79 74
39.879498 -11.676315 -1.511993 78 79 74
6.453318 -1.625889 1.121350 74 75 70
11.165424 -3.255745 0.747692 74 75 70
20.589638 -6.515457 0.000376 74 75 70
39.438065 -13.034882 -1.494255 74 75 70
6.393720 -1.789491 1.123971 69 72 66
11.046228 -3.582950 0.752935 69 72 66
20.351246 -7.169867 0.010861 69 72 66
38.961281 -14.343701 -1.473285 69 72 66
6.330304 -1.946612 1.126954 68 71 66
10.919397 -3.897192 0.758900 68 71 66
20.097584 -7.798351 0.022793 68 71 66
38.453957 -15.600670 -1.449422 68 71 66
6.263662 -2.097079 1.130256 65 70 64
10.786113 -4.198124 0.765504 65 70 64
19.831015 -8.400216 0.036001 65 70 64
37.920818 -16.804399 -1.423006 65 70 64
6.194364 -2.240802 1.133836 67 69 67
10.647516 -4.485570 0.772663 67 69 67
19.553822 -8.975108 0.050318 67 69 67
37.366432 -17.954184 -1.394372 67 69 67
6.122950 -2.377767 1.137651 64 66 61
10.504688 -4.759502 0.780295 64 66 61
19.268166 -9.522971 0.065581 64 66 61
36.795120 -19.049910 -1.363845 64 66 61
6.049927 -2.508026 1.141665 62 64 59
10.358644 -5.020020 0.788322 62 64 59
18.976076 -10.044007 0.081636 62 64 59
36.210941 -20.091982 -1.331735 62 64 59
5.908332 2.730262 1.045101 46 51 47
10.075454 5.456556 0.595194 46 51 47
18.409697 10.909145 -0.304621 46 51 47
35.078182 21.814323 -2.104249 46 51 47
5.984278 2.608729 1.035011 46 51 47
10.227345 5.213491 0.575014 46 51 47
18.713480 10.423016 -0.344980 46 51 47
35.685749 20.842064 -2.184968 46 51 47
6.059221 2.480628 1.024964 50 55 51
10.377232 4.957288 0.554920 50 55 51
19.013252 9.910608 -0.385168 50 55 51
36.285294 19.817249 -2.265344 50 55 51
6.132706 2.345841 1.015011 54 56 53
10.524200 4.687715 0.535015 54 56 53
19.307190 9.371463 -0.424979 54 56 53
36.873169 18.738958 -2.344965 54 56 53
6.204236 2.204309 1.005209 58 58 56
10.667260 4.404652 0.515411 58 58 56
19.593309 8.805336 -0.464187 58 58 56
37.445408 17.606705 -2.423382 58 58 56
6.273278 2.056033 0.995619 57 58 53
10.805346 4.108099 0.496231 57 58 53
19.869480 8.212230 -0.502547 57 58 53
37.997749 16.420492 -2.500101 57 58 53
6.339272 1.901086 0.986307 58 59 54
10.937332 3.798205 0.477606 58 59 54
20.133453 7.592443 -0.539796 58 59 54
38.525696 15.180920 -2.574601 58 59 54
6.401630 1.739626 0.977341 62 62 62
11.062050 3.475284 0.459675 62 62 62
20.382889 6.946601 -0.575659 62 62 62
39.024567 13.889235 -2.646326 62 62 62
6.459759 1.571897 0.968794 64 64 64
11.178307 3.139827 0.442580 64 64 64
20.615402 6.275686 -0.609849 64 64 64
39.489594 12.547405 -2.714706 64 64 64
6.513062 1.398240 0.960737 65 66 61
11.284912 2.792513 0.426465 65 66 61
20.828613 5.581059 -0.642078 65 66 61
39.916016 11.158151 -2.779163 65 66 61
6.560957 1.219094 0.953242 69 70 65
11.380704 2.434221 0.411475 69 70 65
21.020197 4.864475 -0.672057 69 70 65
40.299183 9.724983 -2.839122 69 70 65
6.602896 1.034997 0.946378 69 70 65
11.464581 2.066026 0.397749 69 70 65
21.187950 4.128086 -0.699511 69 70 65
40.634689 8.252204 -2.894030 69 70 65
6.638373 0.846581 0.940211 71 72 67
11.535536 1.689194 0.385415 71 72 67
21.329861 3.374422 -0.724178 71 72 67
40.918510 6.744876 -2.943365 71 72 67
6.666948 0.654566 0.934800 70 70 68
11.592685 1.305165 0.374592 70 70 68
21.444159 2.606364 -0.745824 70 70 68
41.147106 5.208760 -2.986655 70 70 68
6.688255 0.459750 0.930195 74 74 72
11.635300 0.915533 0.365382 74 74 72
21.529388 1.827098 -0.764245 74 74 72
41.317566 3.650229 -3.023497 74 74 72
6.702021 0.262990 0.926437 76 77 72
11.662830 0.522014 0.357866 76 77 72
21.584450 1.040060 -0.779276 76 77 72
41.427689 2.076152 -3.053560 76 77 72
6.708070 0.065190 0.923556 74 75 70
11.674930 0.126412 0.352105 74 75 70
21.608648 0.248857 -0.790799 74 75 70
41.476086 0.493747 -3.076605 74 75 70
6.706338 -0.132727 0.921571 75 76 71
11.671465 -0.269421 0.348134 75 76 71
21.601719 -0.542808 -0.798741 75 76 71
41.462227 -1.089584 -3.092489 75 76 71
6.696865 -0.329831 0.920486 74 75 70
11.652518 -0.663630 0.345964 74 75 70
21.563826 -1.331226 -0.803080 74 75 70
41.386440 -2.666420 -3.101169 74 75 70
6.679801 -0.525216 0.920294 75 76 71
11.618390 -1.054399 0.345581 75 76 71
21.495569 -2.112766 -0.803847 75 76 71
41.249928 -4.229498 -3.102701 75 76 71
6.655397 -0.718014 0.920977 75 76 71
11.569584 -1.439995 0.346946 75 76 71
21.397957 -2.883958 -0.801117 75 76 71
41.054703 -5.771883 -3.097242 75 76 71
6.623999 -0.907416 0.922502 73 74 69
11.506786 -1.818799 0.349997 73 74 69
21.272362 -3.641566 -0.795014 73 74 69
40.803513 -7.287099 -3.085037 73 74 69
6.586028 -1.092687 0.924831 75 76 71
11.430844 -2.189341 0.354654 75 76 71
21.120478 -4.382649 -0.785701 75 76 71
40.499744 -8.769266 -3.066410 75 76 71
6.541972 -1.273177 0.927913 75 76 71
11.342733 -2.550321 0.360818 75 76 71
20.944256 -5.104609 -0.773372 75 76 71
40.147301 -10.213186 -3.041753 75 76 71
6.492370 -1.448331 0.931693 68 73 67
11.243528 -2.900630 0.368378 68 73 67
20.745846 -5.805226 -0.758253 68 73 67
39.750481 -11.614420 -3.011514 68 73 67
6.437790 -1.617691 0.936110 71 72 67
11.134370 -3.239350 0.377212 71 72 67
20.527529 -6.482667 -0.740584 71 72 67
39.313847 -12.969301 -2.976177 71 72 67
6.378823 -1.780897 0.941100 66 67 62
11.016435 -3.565762 0.387193 66 67 62
20.291658 -7.135490 -0.720622 66 67 62
38.842106 -14.274948 -2.936252 66 67 62
6.316059 -1.937685 0.946599 62 67 61
10.890907 -3.879337 0.398190 62 67 61
20.040604 -7.762641 -0.698627 62 67 61
38.339996 -15.529250 -2.892263 62 67 61
6.250081 -2.087879 0.952541 63 65 62
10.758950 -4.179726 0.410074 63 65 62
19.776690 -8.363420 -0.674860 63 65 62
37.812168 -16.730806 -2.844729 63 65 62
6.181450 -2.231390 0.958862 62 63 58
10.621690 -4.466746 0.422716 62 63 58
19.502169 -8.937460 -0.649576 62 63 58
37.263126 -17.878887 -2.794160 62 63 58
6.110703 -2.368197 0.965501 59 64 58
10.480195 -4.740361 0.435994 59 64 58
19.219179 -9.484690 -0.623020 59 64 58
36.697147 -18.973347 -2.741049 59 64 58
6.038337 -2.498348 0.972400 53 58 52
10.335464 -5.000664 0.449791 53 58 52
18.929716 -10.005295 -0.595425 53 58 52
36.118221 -20.014557 -2.685858 53 58 52
5.893063 2.721391 0.880405 46 48 43
10.044914 5.438815 0.265802 46 48 43
18.348618 10.873662 -0.963404 46 48 43
34.956024 21.743357 -3.421817 46 48 43
5.968122 2.600008 0.867477 46 48 45
10.195033 5.196049 0.239946 46 48 45
18.648855 10.388130 -1.015116 46 48 45
35.556499 20.772293 -3.525240 46 48 45
6.042160 2.472117 0.854638 50 52 50
10.343108 4.940268 0.214268 50 52 50
18.945005 9.876568 -1.066473 50 52 50
36.148800 19.749168 -3.627954 50 52 50
6.114727 2.337610 0.841956 51 53 50
10.488242 4.671252 0.188905 51 53 50
19.235273 9.338536 -1.117198 51 53 50
36.729336 18.673105 -3.729405 51 53 50
6.185334 2.196428 0.829508 54 56 51
10.629457 4.388889 0.164007 54 56 51
19.517702 8.773810 -1.166994 54 56 51
37.294193 17.543653 -3.828996 54 56 51
6.253458 2.048579 0.817372 56 58 53
10.765705 4.093190 0.139737 56 58 53
19.790199 8.182413 -1.215534 56 58 53
37.839188 16.360859 -3.926077 56 58 53
6.318548 1.894140 0.805637 56 61 57
10.895885 3.784313 0.116267 56 61 57
20.050560 7.564658 -1.262474 56 61 57
38.359909 15.125349 -4.019957 56 61 57
6.380031 1.733269 0.794393 61 62 57
11.018851 3.462572 0.093778 61 62 57
20.296492 6.921176 -1.307452 61 62 57
38.851772 13.838385 -4.109912 61 62 57
6.437324 1.566213 0.783732 61 61 61
11.133436 3.128459 0.072457 61 61 61
20.525661 6.252952 -1.350095 61 61 61
39.310112 12.501936 -4.195198 61 61 61
6.489843 1.393311 0.773749 60 60 58
11.238476 2.782654 0.052490 60 60 58
20.735741 5.561340 -1.390028 60 60 58
39.730270 11.118713 -4.275064 60 60 58
6.537024 1.214997 0.764536 62 63 58
11.332836 2.426027 0.034064 62 63 58
20.924461 4.848086 -1.426881 62 63 58
40.107712 9.692205 -4.348770 62 63 58
6.578327 1.031804 0.756182 63 65 60
11.415442 2.059641 0.017355 63 65 60
21.089674 4.115315 -1.460298 63 65 60
40.438137 8.226664 -4.415604 63 65 60
6.613261 0.844357 0.748769 64 69 63
11.485311 1.684747 0.002530 64 69 63
21.229410 3.365527 -1.489948 64 69 63
40.717609 6.727087 -4.474903 64 69 63
6.641397 0.653366 0.742373 71 72 67
11.541583 1.302765 -0.010262 71 72 67
21.341955 2.601562 -1.515533 71 72 67
40.942699 5.199158 -4.526074 71 72 67
6.662379 0.459615 0.737056 71 72 66
11.583547 0.915263 -0.020896 71 72 66
21.425882 1.826558 -1.536800 71 72 66
41.110554 3.649149 -4.568609 71 72 66
6.675941 0.263949 0.732869 70 72 67
11.610670 0.523931 -0.029270 70 72 67
21.480129 1.043895 -1.553549 70 72 67
41.219048 2.083823 -4.602106 70 72 67
6.681912 0.067256 0.729847 72 72 70
11.622613 0.130545 -0.035313 72 72 70
21.504015 0.257122 -1.565635 72 72 70
41.266819 0.510277 -4.626277 72 72 70
6.680228 -0.129555 0.728011 72 73 68
11.619246 -0.263077 -0.038986 72 73 68
21.497280 -0.530121 -1.572979 72 73 68
41.253349 -1.064209 -4.640967 72 73 68
6.670930 -0.325571 0.727364 70 71 66
11.600649 -0.655109 -0.040281 70 71 66
21.460087 -1.314185 -1.575569 70 71 66
41.178963 -2.632338 -4.646146 70 71 66
6.654163 -0.519899 0.727892 72 73 67
11.567115 -1.043766 -0.039224 72 73 67
21.393019 -2.091499 -1.573456 72 73 67
41.044827 -4.186965 -4.641920 72 73 67
6.630172 -0.711687 0.729567 73 75 70
11.519133 -1.427341 -0.035874 73 75 70
21.297054 -2.858649 -1.566756 73 75 70
40.852898 -5.721266 -4.628520 73 75 70
6.599291 -0.900136 0.732346 70 71 66
11.457371 -1.804239 -0.030317 70 71 66
21.173531 -3.612446 -1.555641 70 71 66
40.605850 -7.228858 -4.606290 70 71 66
6.561933 -1.084522 0.736172 69 70 65
11.382654 -2.173011 -0.022665 69 70 65
21.024097 -4.349990 -1.540337 69 70 65
40.306984 -8.703947 -4.575683 69 70 65
6.518572 -1.264203 0.740978 65 67 62
11.295934 -2.532374 -0.013052 65 67 62
20.850657 -5.068715 -1.521111 65 67 62
39.960102 -10.141397 -4.537231 65 67 62
6.469735 -1.438630 0.746690 69 70 65
11.198258 -2.881227 -0.001629 69 70 65
20.655306 -5.766421 -1.498266 69 70 65
39.569401 -11.536809 -4.491539 69 70 65
6.415976 -1.607347 0.753225 65 67 62
11.090740 -3.218662 0.011441 65 67 62
20.440269 -6.441290 -1.472125 65 67 62
39.139328 -12.886548 -4.439258 65 67 62
6.357871 -1.769996 0.760498 68 69 64
10.974530 -3.543960 0.025988 68 69 64
20.207850 -7.091887 -1.443031 68 69 64
38.674488 -14.187742 -4.381071 68 69 64
6.295999 -1.926313 0.768423 64 67 61
10.850786 -3.856593 0.041838 64 67 61
19.960361 -7.717154 -1.411332 64 67 61
38.179512 -15.438274 -4.317672 64 67 61
6.230930 -2.076119 0.776913 59 61 56
10.720650 -4.156206 0.058817 59 61 56
19.700089 -8.316379 -1.377373 59 61 56
37.658966 -16.636724 -4.249755 59 61 56
6.163217 -2.219320 0.785883 55 60 54
10.585222 -4.442607 0.076757 55 60 54
19.429234 -8.889182 -1.341493 55 60 54
37.117256 -17.782331 -4.177995 55 60 54
6.093382 -2.355894 0.795252 55 57 54
10.445554 -4.715755 0.095496 55 57 54
19.149897 -9.435476 -1.304016 55 57 54
36.558582 -18.874920 -4.103039 55 57 54
6.021920 -2.485880 0.804944 51 53 50
10.302629 -4.975728 0.114880 51 53 50
18.864046 -9.955423 -1.265248 51 53 50
35.986881 -19.914814 -4.025503 51 53 50
5.873436 2.709658 0.717864 37 43 39
10.005661 5.415349 -0.059280 37 43 39
18.270111 10.826731 -1.613569 37 43 39
34.799011 21.649494 -4.722145 37 43 39
5.947382 2.588460 0.702215 43 48 42
10.153553 5.172953 -0.090579 43 48 42
18.565895 10.341938 -1.676165 43 48 42
35.390579 20.679909 -4.847339 43 48 42
6.020283 2.460832 0.686703 50 52 49
10.299356 4.917696 -0.121602 50 52 49
18.857500 9.831425 -1.738212 50 52 49
35.973789 19.658882 -4.971432 50 52 49
6.091699 2.326670 0.671414 51 56 52
10.442186 4.649373 -0.152181 51 56 52
19.143162 9.294779 -1.799369 51 56 52
36.545113 18.585590 -5.093747 51 56 52
6.161150 2.185926 0.656439 51 53 50
10.581088 4.367885 -0.182129 51 53 50
19.420965 8.731803 -1.859267 51 53 50
37.100719 17.459639 -5.213542 51 53 50
6.228125 2.038611 0.641880 50 55 51
10.715039 4.073255 -0.211249 50 55 51
19.688868 8.142542 -1.917505 50 55 51
37.636524 16.281116 -5.330019 50 55 51
6.292086 1.884806 0.627841 55 57 54
10.842961 3.765645 -0.239326 55 57 54
19.944712 7.527323 -1.973661 55 57 54
38.148212 15.050678 -5.442330 55 57 54
6.352475 1.724673 0.614432 54 56 53
10.963739 3.445379 -0.266143 54 56 53
20.186268 6.886792 -2.027294 54 56 53
38.631325 13.769616 -5.549596 54 56 53
6.408724 1.558459 0.601768 62 63 58
11.076238 3.112950 -0.291472 62 63 58
20.411264 6.221932 -2.077952 62 63 58
39.081318 12.439898 -5.650911 62 63 58
6.460268 1.386499 0.589962 63 63 61
11.179324 2.769031 -0.315085 63 63 61
20.617437 5.534095 -2.125178 63 63 61
39.493664 11.064222 -5.745363 63 63 61
6.506556 1.209227 0.579124 60 62 57
11.271900 2.414486 -0.336760 60 62 57
20.802589 4.825005 -2.168527 60 62 57
39.863968 9.646042 -5.832063 60 62 57
6.547066 1.027166 0.569363 61 63 59
11.352921 2.050364 -0.356282 61 63 59
20.964632 4.096760 -2.207573 61 63 59
40.188053 8.189553 -5.910153 61 63 59
6.581325 0.840931 0.560777 64 66 61
11.421439 1.677894 -0.373455 64 66 61
21.101667 3.351821 -2.241918 64 66 61
40.462124 6.699676 -5.978843 64 66 61
6.608914 0.651220 0.553454 65 66 61
11.476618 1.298473 -0.388101 65 66 61
21.212025 2.592978 -2.271209 65 66 61
40.682838 5.181989 -6.037426 65 66 61
6.629492 0.458803 0.547469 67 68 63
11.517774 0.913638 -0.400070 67 68 63
21.294336 1.823309 -2.295149 67 68 63
40.847462 3.642650 -6.085305 67 68 63
6.642800 0.264507 0.542881 65 66 61
11.544390 0.525046 -0.409246 65 66 61
21.347569 1.046125 -2.313500 65 66 61
40.953926 2.088283 -6.122009 65 66 61
6.648674 0.069201 0.539731 68 70 65
11.556136 0.134435 -0.415546 68 70 65
21.371061 0.264903 -2.326101 68 70 65
41.000912 0.525839 -6.147210 68 70 65
6.647050 -0.126223 0.538040 67 68 63
11.552890 -0.256413 -0.418929 67 68 63
21.364569 -0.516794 -2.332866 67 68 63
40.987926 -1.037555 -6.160739 67 68 63
6.637970 -0.320873 0.537809 67 68 63
11.534729 -0.645713 -0.419389 67 68 63
21.328247 -1.295393 -2.333787 67 68 63
40.915283 -2.594753 -6.162581 67 68 63
6.621573 -0.513874 0.539021 68 69 64
11.501935 -1.031715 -0.416966 68 69 64
21.262659 -2.067396 -2.328940 68 69 64
40.784107 -4.138760 -6.152889 68 69 64
6.598094 -0.704389 0.541638 68 69 64
11.454977 -1.412745 -0.411733 68 69 64
21.168743 -2.829458 -2.318474 68 69 64
40.596275 -5.662884 -6.131956 68 69 64
6.567858 -0.891637 0.545604 66 67 62
11.394506 -1.787241 -0.403800 66 67 62
21.047800 -3.578450 -2.302608 66 67 62
40.354389 -7.160868 -6.100224 66 67 62
6.531263 -1.074905 0.550850 66 68 63
11.321316 -2.153778 -0.393308 66 68 63
20.901421 -4.311522 -2.281623 66 68 63
40.061630 -8.627012 -6.058255 66 68 63
6.488769 -1.253562 0.557293 61 66 60
11.236327 -2.511091 -0.380422 61 66 60
20.731443 -5.026149 -2.255853 61 66 60
39.721676 -10.056266 -6.006714 61 66 60
6.440885 -1.427064 0.564838 68 69 64
11.140558 -2.858096 -0.365332 68 69 64
20.539906 -5.720160 -2.225671 68 69 64
39.338600 -11.444286 -5.946350 68 69 64
6.388150 -1.594963 0.573386 63 68 62
11.035089 -3.193893 -0.348236 63 68 62
20.328966 -6.391753 -2.191479 63 68 62
38.916721 -12.787474 -5.877966 63 68 62
6.331122 -1.756899 0.582832 60 65 59
10.921033 -3.517766 -0.329345 60 65 59
20.100855 -7.039499 -2.153697 60 65 59
38.460499 -14.082966 -5.802402 60 65 59
6.270365 -1.912609 0.593067 57 62 58
10.799520 -3.829186 -0.308873 57 62 58
19.857828 -7.662339 -2.112754 57 62 58
37.974445 -15.328646 -5.720517 57 62 58
6.206435 -2.061913 0.603987 55 60 56
10.671659 -4.127792 -0.287034 55 60 56
19.602106 -8.259552 -2.069076 55 60 56
37.463001 -16.523071 -5.633159 55 60 56
6.139869 -2.204709 0.615487 52 57 53
10.538527 -4.413386 -0.264034 52 57 53
19.335842 -8.830739 -2.023076 52 57 53
36.930473 -17.665445 -5.541159 52 57 53
6.071180 -2.340972 0.627468 56 57 59
10.401150 -4.685911 -0.240073 56 57 59
19.061089 -9.375790 -1.975153 56 57 59
36.380966 -18.755547 -5.445314 56 57 59
6.000850 -2.470734 0.639835 49 54 50
10.260489 -4.945436 -0.215339 49 54 50
18.779768 -9.894839 -1.925685 49 54 50
35.818325 -19.793646 -5.346379 49 54 50
5.849648 2.695189 0.557955 42 44 43
9.958086 5.386410 -0.379099 42 44 43
18.174961 10.768853 -2.253206 42 44 43
34.608711 21.533739 -6.001420 42 44 43
5.922272 2.574213 0.539724 43 45 44
10.103333 5.144458 -0.415560 43 45 44
18.465456 10.284949 -2.326128 43 45 44
35.189701 20.565931 -6.147263 43 45 44
5.993824 2.446899 0.521682 44 49 43
10.246438 4.889832 -0.451643 44 49 43
18.751665 9.775696 -2.398295 44 49 43
35.762119 19.547424 -6.291597 44 49 43
6.063874 2.313154 0.503929 44 46 41
10.386538 4.622340 -0.487150 44 46 41
19.031864 9.240712 -2.469307 44 46 41
36.322517 18.477457 -6.433623 44 46 41
6.131957 2.172933 0.486574 51 53 52
10.522702 4.341899 -0.521861 51 53 52
19.304193 8.679832 -2.538730 51 53 52
36.867176 17.355696 -6.572467 51 53 52
6.197572 2.026256 0.469733 51 53 48
10.653934 4.048545 -0.555542 51 53 48
19.566656 8.093122 -2.606092 51 53 48
37.392101 16.182278 -6.707193 51 53 48
6.260200 1.873209 0.453530 54 59 55
10.779188 3.742451 -0.587948 54 59 55
19.817165 7.480934 -2.670904 54 59 55
37.893120 14.957901 -6.836816 54 59 55
6.319297 1.713956 0.438094 54 56 53
10.897383 3.423945 -0.618820 54 56 53
20.053555 6.843922 -2.732649 54 56 53
38.365898 13.683877 -6.960306 54 56 53
6.374315 1.548744 0.423555 58 58 56
11.007419 3.093520 -0.647897 58 58 56
20.273626 6.183073 -2.790802 58 58 56
38.806042 12.362179 -7.076613 58 58 56
6.424708 1.377908 0.410046 57 61 60
11.108205 2.751848 -0.674916 57 61 60
20.475199 5.499730 -2.844839 57 61 60
39.209187 10.995492 -7.184686 57 61 60
6.469944 1.201874 0.397695 57 59 56
11.198678 2.399781 -0.699617 57 59 56
20.656145 4.795595 -2.894243 57 59 56
39.571079 9.587222 -7.283494 57 59 56
6.509524 1.021159 0.386625 63 65 60
11.277837 2.038351 -0.721758 63 65 60
20.814463 4.072735 -2.938525 63 65 60
39.887714 8.141502 -7.372057 63 65 60
6.542988 0.836366 0.376949 64 65 60
11.344765 1.668764 -0.741111 64 65 60
20.948318 3.333561 -2.977229 64 65 60
40.155426 6.663155 -7.449466 64 65 60
6.569935 0.648177 0.368767 63 63 61
11.398659 1.292386 -0.757473 63 63 61
21.056107 2.580805 -3.009954 63 63 61
40.371002 5.157643 -7.514917 63 63 61
6.590037 0.457345 0.362165 65 65 63
11.438864 0.910722 -0.770677 65 65 63
21.136517 1.817476 -3.036362 65 65 63
40.531822 3.630985 -7.567732 65 65 63
6.603046 0.264677 0.357209 64 66 63
11.464882 0.525386 -0.780590 64 66 63
21.188553 1.046806 -3.056188 64 66 63
40.635895 2.089644 -7.607383 64 66 63
6.608806 0.071021 0.353943 65 65 63
11.476400 0.138076 -0.787121 65 65 63
21.211590 0.272184 -3.069250 65 65 63
40.681969 0.540400 -7.633508 65 65 63
6.607254 -0.122753 0.352392 67 68 63
11.473296 -0.249474 -0.790225 67 68 63
21.205381 -0.502915 -3.075458 67 68 63
40.669552 -1.009797 -7.645923 67 68 63
6.598428 -0.315777 0.352553 63 65 60
11.455646 -0.635521 -0.789902 63 65 60
21.170080 -1.275008 -3.074811 63 65 60
40.598949 -2.553984 -7.644631 63 65 60
6.582465 -0.507195 0.354405 63 65 60
11.423719 -1.018358 -0.786198 63 65 60
21.106228 -2.040684 -3.067404 63 65 60
40.471245 -4.085335 -7.629816 63 65 60
6.559589 -0.696193 0.357902 62 67 61
11.377967 -1.396354 -0.779204 62 67 61
21.014723 -2.796676 -3.053416 62 67 61
40.288235 -5.597319 -7.601840 62 67 61
6.530111 -0.882006 0.362979 63 64 59
11.319011 -1.767979 -0.769050 63 64 59
20.896811 -3.539926 -3.033107 63 64 59
40.052410 -7.083819 -7.561223 63 64 59
6.494413 -1.063936 0.369553 58 63 57
11.247616 -2.131840 -0.755901 58 63 57
20.754021 -4.267647 -3.006810 58 63 57
39.766830 -8.539261 -7.508628 58 63 57
6.452940 -1.241364 0.377527 62 67 61
11.164668 -2.486695 -0.739954 62 67 61
20.588125 -4.977358 -2.974916 62 67 61
39.435040 -9.958683 -7.444839 62 67 61
6.406178 -1.413755 0.386791 57 62 56
11.071145 -2.831477 -0.721426 57 62 56
20.401079 -5.666922 -2.937860 57 62 56
39.060947 -11.337811 -7.370728 57 62 56
6.354650 -1.580665 0.397227 59 61 58
10.968088 -3.165297 -0.700554 59 61 58
20.194965 -6.334562 -2.896116 59 61 58
38.648720 -12.673091 -7.287241 59 61 58
6.298894 -1.741739 0.408712 57 59 58
10.856577 -3.487445 -0.677583 57 59 58
19.971943 -6.978857 -2.850175 57 59 58
38.202675 -13.961681 -7.195358 57 59 58
6.239454 -1.896710 0.421122 56 61 57
10.737698 -3.797388 -0.652764 56 61 57
19.734184 -7.598742 -2.800536 56 61 57
37.727158 -15.201452 -7.096079 56 61 57
6.176870 -2.045397 0.434332 62 64 61
10.612529 -4.094761 -0.626345 62 64 61
19.483847 -8.193490 -2.747698 62 64 61
37.226482 -16.390947 -6.990404 62 64 61
6.111663 -2.187695 0.448219 54 59 55
10.482116 -4.379357 -0.598569 54 59 55
19.223021 -8.762681 -2.692147 54 59 55
36.704830 -17.529329 -6.879302 54 59 55
6.044332 -2.323568 0.462669 53 55 52
10.347453 -4.651104 -0.569670 53 55 52
18.953695 -9.306175 -2.634348 53 55 52
36.166180 -18.616318 -6.763705 53 55 52
5.975347 -2.453045 0.477570 47 49 46
10.209482 -4.910058 -0.539869 47 49 46
18.677753 -9.824083 -2.574745 47 49 46
35.614296 -19.652134 -6.644498 47 49 46
5.821929 2.678128 0.401113 35 40 36
9.902647 5.352290 -0.692781 35 40 36
18.064083 10.700612 -2.880571 35 40 36
34.386955 21.397257 -7.256150 35 40 36
5.893040 2.557416 0.380461 40 45 41
10.044869 5.110865 -0.734086 40 45 41
18.348528 10.217762 -2.963181 40 45 41
34.955845 20.431557 -7.421369 40 45 41
5.963052 2.430472 0.360051 39 44 38
10.184894 4.856977 -0.774907 39 44 38
18.628576 9.709986 -3.044821 39 44 38
35.515942 19.416004 -7.584651 39 44 38
6.031547 2.297211 0.339997 46 48 45
10.321882 4.590456 -0.815014 46 48 45
18.902554 9.176944 -3.125037 46 48 45
36.063896 18.349920 -7.745081 46 48 45
6.098069 2.157600 0.320423 46 51 45
10.454927 4.311234 -0.854161 46 51 45
19.168644 8.618500 -3.203331 46 51 45
36.596077 17.233032 -7.901669 46 51 45
6.162139 2.011663 0.301463 52 54 51
10.583068 4.019360 -0.892083 52 54 51
19.424925 8.034752 -3.279173 52 54 51
37.108639 16.065536 -8.053354 52 54 51
6.223250 1.859493 0.283254 51 56 52
10.705290 3.715018 -0.928500 51 56 52
19.669369 7.426069 -3.352007 51 56 52
37.597527 14.848170 -8.199022 51 56 52
6.280882 1.701256 0.265943 50 55 49
10.820554 3.398544 -0.963123 50 55 49
19.899897 6.793120 -3.421254 50 55 49
38.058582 13.582273 -8.337515 50 55 49
6.334505 1.537199 0.249675 56 58 55
10.927798 3.070431 -0.995657 56 58 55
20.114386 6.136895 -3.486323 56 58 55
38.487560 12.269822 -8.467653 56 58 55
6.383594 1.367656 0.234599 52 57 51
11.025977 2.731345 -1.025810 52 57 51
20.310743 5.458723 -3.546627 52 57 51
38.880276 10.913479 -8.588263 52 57 51
6.427642 1.193047 0.220858 56 58 53
11.114073 2.382126 -1.053292 56 58 53
20.486935 4.760285 -3.601592 56 58 53
39.232658 9.516603 -8.698193 56 58 53
6.466166 1.013877 0.208588 55 60 53
11.191122 2.023787 -1.077832 55 60 53
20.641033 4.043607 -3.650671 55 60 53
39.540855 8.083247 -8.796350 55 60 53
6.498731 0.830738 0.197916 58 58 58
11.256251 1.657508 -1.099177 58 58 58
20.771292 3.311049 -3.693362 58 58 58
39.801373 6.618132 -8.881731 58 58 58
6.524954 0.644294 0.188951 61 66 60
11.308697 1.284621 -1.117106 61 66 60
20.876183 2.565276 -3.729220 61 66 60
40.011154 5.126584 -8.953447 61 66 60
6.544519 0.455279 0.181788 55 60 54
11.347828 0.906591 -1.131432 55 60 54
20.954445 1.809215 -3.757871 55 60 54
40.167679 3.614463 -9.010750 55 60 54
6.557191 0.264478 0.176499 56 61 55
11.373172 0.524989 -1.142010 56 61 55
21.005133 1.046011 -3.779027 56 61 55
40.269054 2.088054 -9.053062 56 61 55
6.562821 0.072714 0.173133 65 66 61
11.384431 0.141461 -1.148743 65 66 61
21.027651 0.278956 -3.792493 65 66 61
40.314091 0.553944 -9.079994 65 66 61
6.561349 -0.119169 0.171713 56 61 55
11.381487 -0.242305 -1.151582 56 61 55
21.021763 -0.488576 -3.798173 56 61 55
40.302315 -0.981120 -9.091354 56 61 55
6.552812 -0.310325 0.172238 62 63 58
11.364412 -0.624618 -1.150532 62 63 58
20.987614 -1.253204 -3.796072 62 63 58
40.234016 -2.510375 -9.087152 62 63 58
6.537337 -0.499927 0.174680 61 63 60
11.333464 -1.003822 -1.145647 61 63 60
20.925716 -2.011611 -3.786302 61 63 60
40.110222 -4.027190 -9.067612 61 63 60
6.515141 -0.687180 0.178989 62 64 61
11.289071 -1.378328 -1.137030 62 64 61
20.836931 -2.760624 -3.769067 62 64 61
39.932652 -5.525215 -9.033142 62 64 61
6.486519 -0.871340 0.185090 56 61 55
11.231828 -1.746648 -1.124828 56 61 55
20.722445 -3.497263 -3.744665 56 61 55
39.703678 -6.998494 -8.984337 56 61 55
6.451837 -1.051727 0.192889 59 61 56
11.162462 -2.107421 -1.109231 59 61 56
20.583714 -4.218809 -3.713469 59 61 56
39.426216 -8.441586 -8.921946 59 61 56
6.411517 -1.227734 0.202276 56 60 59
11.081822 -2.459435 -1.090457 56 60 59
20.422434 -4.922837 -3.675922 56 60 59
39.103657 -9.849641 -8.846851 56 60 59
6.366027 -1.398837 0.213127 55 60 54
10.990843 -2.801641 -1.068754 55 60 54
20.240475 -5.607248 -3.632516 55 60 54
38.739738 -11.218464 -8.760040 55 60 54
6.315866 -1.564597 0.225310 57 59 56
10.890522 -3.133162 -1.044387 57 59 56
20.039833 -6.270292 -3.583783 57 59 56
38.338455 -12.544551 -8.662573 57 59 56
6.261553 -1.724664 0.238687 50 54 53
10.781896 -3.453295 -1.017634 50 54 53
19.822580 -6.910558 -3.530276 50 54 53
37.903950 -13.825084 -8.555561 50 54 53
6.203610 -1.878770 0.253116 53 58 54
10.666009 -3.761508 -0.988777 53 58 54
19.590807 -7.526982 -3.472561 53 58 54
37.440403 -15.057932 -8.440130 53 58 54
6.142556 -2.026730 0.268456 50 55 49
10.543901 -4.057427 -0.958096 50 55 49
19.346592 -8.118821 -3.411199 50 55 49
36.951973 -16.241610 -8.317406 50 55 49
6.078897 -2.168434 0.284571 49 56 50
10.416582 -4.340836 -0.925866 49 56 50
19.091953 -8.685639 -3.346740 49 56 50
36.442696 -17.375246 -8.188488 49 56 50
6.013113 -2.303841 0.301328 49 51 48
10.285015 -4.611650 -0.892352 49 51 48
18.828819 -9.227267 -3.279712 49 51 48
35.916428 -18.458502 -8.054432 49 51 48
5.945662 -2.432970 0.318602 43 48 42
10.150113 -4.869906 -0.857804 43 48 42
18.559015 -9.743780 -3.210616 43 48 42
35.376820 -19.491528 -7.916239 43 48 42
5.790532 2.658643 0.247731 28 37 32
9.839853 5.313318 -0.999547 28 37 32
17.938496 10.622668 -3.494102 28 37 32
34.135780 21.241369 -8.483212 28 37 32
5.859964 2.538236 0.224831 36 41 35
9.978718 5.072505 -1.045346 36 41 35
18.216225 10.141044 -3.585701 36 41 35
34.691238 20.278120 -8.666409 36 41 35
5.928269 2.411719 0.202229 39 44 40
10.115328 4.819470 -1.090549 39 44 40
18.489445 9.634974 -3.676107 39 44 40
35.237679 19.265980 -8.847221 39 44 40
5.995040 2.279014 0.180053 42 46 45
10.248869 4.554060 -1.134902 42 46 45
18.756527 9.104153 -3.764812 42 46 45
35.771843 18.204338 -9.024632 42 46 45
6.059838 2.140095 0.158440 46 48 45
10.378465 4.276224 -1.178129 46 48 45
19.015718 8.548480 -3.851265 46 48 45
36.290226 17.092993 -9.197538 46 48 45
6.122200 1.994998 0.137535 46 48 43
10.503188 3.986028 -1.219938 46 48 43
19.265165 7.968088 -3.934885 46 48 43
36.789120 15.932209 -9.364777 46 48 43
6.181639 1.843818 0.117492 48 48 48
10.622067 3.683668 -1.260024 48 48 48
19.502924 7.363369 -4.015056 48 48 48
37.264637 14.722771 -9.525120 48 48 48
6.237655 1.686725 0.098470 48 53 49
10.734098 3.369483 -1.298067 48 53 49
19.726986 6.734999 -4.091142 48 53 49
37.712761 13.466030 -9.677292 48 53 49
6.289742 1.523968 0.080631 50 55 49
10.838273 3.043970 -1.333746 50 55 49
19.935335 6.083972 -4.162501 50 55 49
38.129459 12.163977 -9.820009 50 55 49
6.337399 1.355876 0.064134 41 46 42
10.933586 2.707786 -1.366741 41 46 42
20.125961 5.411604 -4.228489 41 46 42
38.510712 10.819241 -9.951986 41 46 42
6.380139 1.182862 0.049135 52 57 51
11.019068 2.361758 -1.396737 52 57 51
20.296925 4.719548 -4.288483 52 57 51
38.852638 9.435128 -10.071974 52 57 51
6.417508 1.005423 0.035784 56 58 55
11.093804 2.006878 -1.423441 56 58 55
20.446398 4.009789 -4.341890 56 58 55
39.151585 8.015610 -10.178787 56 58 55
6.449087 0.824132 0.024214 54 56 53
11.156963 1.644296 -1.446579 54 56 53
20.572716 3.284626 -4.388167 54 56 53
39.404221 6.565284 -10.271341 54 56 53
6.474514 0.639638 0.014548 56 58 55
11.207817 1.275308 -1.465913 56 58 55
20.674423 2.546649 -4.426834 56 58 55
39.607635 5.089331 -10.348675 56 58 55
6.493491 0.452651 0.006884 55 60 56
11.245771 0.901334 -1.481241 55 60 56
20.750332 1.798701 -4.457489 55 60 56
39.759453 3.593435 -10.409986 55 60 56
6.505794 0.263932 0.001300 57 57 55
11.270377 0.523898 -1.492409 57 57 55
20.799543 1.043828 -4.479826 57 57 55
39.857876 2.083689 -10.454660 57 57 55
6.511281 0.074279 -0.002153 56 60 61
11.281350 0.144592 -1.499314 56 60 61
20.821489 0.285216 -4.493636 56 60 61
39.901768 0.566465 -10.482279 56 60 61
6.509896 -0.115492 -0.003449 54 59 53
11.278581 -0.234952 -1.501905 54 59 53
20.815950 -0.473870 -4.498819 54 59 53
39.890690 -0.951708 -10.492645 54 59 53
6.501674 -0.304565 -0.002591 55 61 51
11.262136 -0.613096 -1.500190 55 61 51
20.783062 -1.230160 -4.495389 55 61 51
39.824913 -2.464288 -10.485785 55 61 51
6.486734 -0.492136 0.000389 55 59 58
11.232258 -0.988239 -1.494230 55 59 58
20.723305 -1.980445 -4.483469 55 59 58
39.705399 -3.964857 -10.461945 55 59 58
6.465283 -0.677436 0.005435 56 61 55
11.189356 -1.358840 -1.484138 56 61 55
20.637501 -2.721647 -4.463285 56 61 55
39.533791 -5.447262 -10.421577 56 61 55
6.437600 -0.859744 0.012465 55 60 54
11.133989 -1.723456 -1.470078 55 60 54
20.526768 -3.450879 -4.435165 55 60 54
39.312325 -6.905725 -10.365337 55 60 54
6.404030 -1.038398 0.021377 52 57 53
11.066850 -2.080763 -1.452255 52 57 53
20.392488 -4.165493 -4.399518 52 57 53
39.043766 -8.334954 -10.294043 52 57 53
6.364977 -1.212806 0.032049 55 60 56
10.988743 -2.429580 -1.430910 55 60 56
20.236275 -4.863127 -4.356829 55 60 56
38.731339 -9.730222 -10.208666 55 60 56
6.320884 -1.382456 0.044347 52 57 51
10.900558 -2.768880 -1.406315 52 57 51
20.059904 -5.541727 -4.307638 52 57 51
38.378597 -11.087421 -10.110283 52 57 51
6.272229 -1.546917 0.058125 49 54 50
10.803246 -3.097801 -1.378759 49 54 50
19.865282 -6.199570 -4.252525 49 54 50
37.989353 -12.403107 -10.000059 49 54 50
6.219504 -1.705840 0.073231 49 54 50
10.697798 -3.415647 -1.348547 49 54 50
19.654385 -6.835260 -4.192101 49 54 50
37.567558 -13.674488 -9.879210 49 54 50
6.163211 -1.858958 0.089510 46 51 47
10.585211 -3.721883 -1.315987 46 51 47
19.429211 -7.447734 -4.126982 46 51 47
37.117210 -14.899435 -9.748972 46 51 47
6.103848 -2.006084 0.106809 48 53 49
10.466484 -4.016136 -1.281390 48 53 49
19.191757 -8.036239 -4.057788 48 53 49
36.642303 -16.076445 -9.610584 48 53 49
6.041898 -2.147102 0.124975 45 50 46
10.342586 -4.298172 -1.245058 45 50 46
18.943960 -8.600310 -3.985124 45 50 46
36.146709 -17.204588 -9.465256 45 50 46
5.977829 -2.281964 0.143863 39 48 43
10.214446 -4.567894 -1.207282 39 48 43
18.687681 -9.139756 -3.909572 39 48 43
35.634151 -18.283480 -9.314152 39 48 43
5.912078 -2.410678 0.163335 42 47 43
10.082945 -4.825324 -1.168338 42 47 43
18.424679 -9.654614 -3.831685 42 47 43
35.108147 -19.313196 -9.158377 42 47 43
5.937492 -2.567140 2.962502 162 167 171
10.255233 -4.633486 4.407259 162 167 171
18.890715 -8.766179 7.296773 162 167 171
36.161678 -17.031565 13.075801 162 167 171
5.869726 -2.689101 2.983699 161 165 168
10.119701 -4.877409 4.449653 161 165 168
18.619652 -9.254024 7.381560 161 165 168
35.619553 -18.007254 13.245375 161 165 168
5.796197 -2.813209 3.004361 172 176 179
9.972644 -5.125625 4.490977 172 176 179
18.325537 -9.750456 7.464210 172 176 179
35.031322 -19.000118 13.410674 172 176 179
5.716646 -2.939152 3.024349 179 180 184
9.813541 -5.377511 4.530952 179 180 184
18.007332 -10.254228 7.544160 179 180 184
34.394913 -20.007662 13.570576 179 180 184
5.630841 -3.066566 3.043512 180 181 185
9.641932 -5.632338 4.569279 180 181 185
17.664112 -10.763883 7.620813 180 181 185
33.708473 -21.026972 13.723882 180 181 185
5.538587 -3.195036 3.061695 180 184 187
9.457423 -5.889278 4.605645 180 184 187
17.295095 -11.277762 7.693544 180 184 187
32.970440 -22.054731 13.869344 180 184 187
5.439734 -3.324097 3.078735 198 197 202
9.259716 -6.147400 4.639725 198 197 202
16.899681 -11.794006 7.761704 198 197 202
32.179611 -23.087219 14.005663 198 197 202
5.334187 -3.453236 3.094467 194 193 198
9.048622 -6.405678 4.671189 194 193 198
16.477493 -12.310562 7.824634 194 193 198
31.335236 -24.120331 14.131523 194 193 198
5.221914 -3.581896 3.108728 196 196 198
8.824077 -6.662999 4.699711 196 196 198
16.028402 -12.825204 7.881676 196 196 198
30.437054 -25.149614 14.245607 196 196 198
5.102956 -3.709487 3.121357 203 201 204
8.586161 -6.918180 4.724968 203 201 204
15.552571 -13.335567 7.932192 203 201 204
29.485392 -26.170341 14.346639 203 201 204
4.977430 -3.835388 3.132201 205 203 206
8.335110 -7.169983 4.746657 205 203 206
15.050469 -13.839172 7.975570 205 203 206
28.481188 -27.177551 14.433394 205 203 206
4.845539 -3.958965 3.141120 220 218 219
8.071326 -7.417136 4.764496 220 218 219
14.522902 -14.333479 8.011248 220 218 219
27.426052 -28.166164 14.504749 220 218 219
4.707567 -4.079576 3.147990 207 205 208
7.795384 -7.658360 4.778234 207 205 208
13.971017 -14.815926 8.038725 207 205 208
26.322283 -29.131058 14.559704 207 205 208
4.563891 -4.196594 3.152705 214 213 211
7.508032 -7.892395 4.787665 214 213 211
13.396313 -15.283997 8.057585 214 213 211
25.172874 -30.067200 14.597425 214 213 211
4.414966 -4.309411 3.155184 219 217 218
7.210181 -8.118029 4.792623 219 217 218
12.800611 -15.735265 8.067499 219 217 218
23.981470 -30.969736 14.617254 219 217 218
4.261324 -4.417459 3.155370 208 206 209
6.902897 -8.334126 4.792996 208 206 209
12.186043 -16.167458 8.068247 208 206 209
22.752335 -31.834124 14.618749 208 206 209
4.103569 -4.520223 3.153238 176 176 178
6.587386 -8.539652 4.788732 176 176 178
11.555021 -16.578510 8.059718 176 176 178
21.490292 -32.656227 14.601691 176 176 178
3.942358 -4.617248 3.148790 171 171 173
6.264964 -8.733702 4.779834 171 171 173
10.910177 -16.966610 8.041924 171 171 173
20.200603 -33.432426 14.566102 171 171 173
3.778392 -4.708154 3.142055 166 166 168
5.937034 -8.915515 4.766365 166 166 168
10.254316 -17.330236 8.014985 166 166 168
18.888882 -34.159679 14.512225 166 166 168
3.612402 -4.792645 3.133095 165 165 165
5.605054 -9.084496 4.748446 165 165 165
9.590357 -17.668198 7.979146 165 165 165
17.560963 -34.835602 14.440546 165 165 165
3.445130 -4.870503 3.121996 163 163 163
5.270509 -9.240213 4.726247 163 163 163
8.921267 -17.979633 7.934750 163 163 163
16.222782 -35.458473 14.351754 163 163 163
3.277312 -4.941606 3.108869 149 153 154
4.934874 -9.382419 4.699993 149 153 154
8.249996 -18.264044 7.882240 149 153 154
14.880241 -36.027294 14.246736 149 153 154
3.109669 -5.005908 3.093844 157 161 162
4.599587 -9.511022 4.669943 157 161 162
7.579424 -18.521250 7.822140 157 161 162
13.539097 -36.541706 14.126535 157 161 162
2.942887 -5.063448 3.077068 142 146 147
4.266022 -9.626103 4.636392 142 146 147
6.912293 -18.751413 7.755038 142 146 147
12.204836 -37.002033 13.992332 142 146 147
2.777608 -5.114340 3.058702 66 60 47
3.935466 -9.727887 4.599660 66 60 47
6.251181 -18.954981 7.681575 66 60 47
10.882610 -37.409168 13.845405 66 60 47
2.614424 -5.158762 3.038914 41 36 30
3.609097 -9.816730 4.560083 41 36 30
5.598444 -19.132668 7.602421 41 36 30
9.577137 -37.764542 13.687097 41 36 30
2.453864 -5.196948 3.017875 55 50 45
3.287977 -9.893103 4.518004 55 50 45
4.956203 -19.285412 7.518264 55 50 45
8.292656 -38.070030 13.518783 55 50 45
2.296393 -5.229179 2.995757 138 142 143
2.973036 -9.957565 4.473769 138 142 143
4.326321 -19.414337 7.429792 138 142 143
7.032890 -38.327881 13.341840 138 142 143
2.142413 -5.255774 2.972731 151 155 156
2.665075 -10.010755 4.427716 151 155 156
3.710399 -19.520716 7.337687 151 155 156
5.801046 -38.540638 13.157630 151 155 156
1.992255 -5.277075 2.948959 154 158 159
2.364759 -10.053357 4.380174 154 158 159
3.109767 -19.605921 7.242602 154 158 159
4.599783 -38.711048 12.967460 154 158 159
1.846190 -5.293443 2.924599 153 157 158
2.072629 -10.086092 4.331453 153 157 158
2.525508 -19.671391 7.145162 153 157 158
3.431264 -38.841988 12.772578 153 157 158
1.704426 -5.305246 2.899796 140 146 146
1.789101 -10.109699 4.281847 140 146 146
1.958450 -19.718605 7.045950 140 146 146
2.297150 -38.936417 12.574155 140 146 146
5.976938 -2.584175 2.811748 157 161 170
10.334126 -4.667556 4.105750 157 161 170
19.048500 -8.834319 6.693755 157 161 170
36.477249 -17.167845 11.869764 157 161 170
5.909857 -2.707792 2.830814 174 178 181
10.199963 -4.914790 4.143882 174 178 181
18.780174 -9.328787 6.770020 174 178 181
35.940598 -18.156780 12.022294 174 178 181
5.836918 -2.833644 2.849401 198 198 200
10.054086 -5.166494 4.181058 198 198 200
18.488420 -9.832194 6.844371 198 198 200
35.357090 -19.163595 12.170997 198 198 200
5.757847 -2.961412 2.867382 193 192 197
9.895943 -5.422030 4.217020 193 192 197
18.172134 -10.343267 6.916294 193 192 197
34.724518 -20.185741 12.314843 193 192 197
5.672394 -3.090724 2.884619 176 179 184
9.725038 -5.680655 4.251493 176 179 184
17.830324 -10.860518 6.985240 176 179 184
34.040897 -21.220242 12.452735 176 179 184
5.580349 -3.221154 2.900966 179 182 187
9.540947 -5.941515 4.284187 179 182 187
17.462143 -11.382237 7.050630 179 182 187
33.304535 -22.263681 12.583515 179 182 187
5.481546 -3.352222 2.916276 170 174 183
9.343342 -6.203650 4.314807 170 174 183
17.066933 -11.906507 7.111870 170 174 183
32.514114 -23.312222 12.705995 170 174 183
5.375878 -3.483397 2.930396 183 186 193
9.132006 -6.466002 4.343047 183 186 193
16.644260 -12.431210 7.168349 183 186 193
31.668768 -24.361626 12.818954 183 186 193
5.263300 -3.614104 2.943174 212 210 213
8.906849 -6.727415 4.368603 212 210 213
16.193947 -12.954037 7.219461 212 210 213
30.768143 -25.407280 12.921177 212 210 213
5.143842 -3.743728 2.954461 209 207 208
8.667933 -6.986663 4.391177 209 207 208
15.716115 -13.472533 7.264610 209 207 208
29.812479 -26.444273 13.011475 209 207 208
5.017617 -3.871627 2.964117 214 212 213
8.415483 -7.242460 4.410489 214 212 213
15.211214 -13.984127 7.303233 214 212 213
28.802677 -27.467461 13.088721 214 212 213
4.884823 -3.997137 2.972010 217 215 216
8.149895 -7.493481 4.426275 217 215 216
14.680038 -14.486168 7.334806 217 215 216
27.740326 -28.471542 13.151867 217 215 216
4.745749 -4.119594 2.978026 215 213 216
7.871748 -7.738394 4.438307 215 213 216
14.123745 -14.975995 7.358869 215 213 216
26.627739 -29.451197 13.199993 215 213 216
4.600775 -4.238340 2.982067 234 230 231
7.581800 -7.975886 4.446388 234 230 231
13.543848 -15.450979 7.375031 234 230 231
25.467945 -30.401165 13.232318 234 230 231
4.450369 -4.352745 2.984057 225 223 224
7.280987 -8.204696 4.450370 225 223 224
12.942223 -15.908598 7.382995 225 223 224
24.264694 -31.316402 13.248244 225 223 224
4.295078 -4.462217 2.983947 214 212 213
6.970406 -8.423640 4.450149 214 212 213
12.321060 -16.346487 7.382553 214 212 213
23.022369 -32.192181 13.247361 214 212 213
4.135525 -4.566219 2.981711 185 189 192
6.651299 -8.631645 4.445678 185 189 192
11.682847 -16.762497 7.373611 185 189 192
21.745943 -33.024200 13.229477 185 189 192
3.972389 -4.664282 2.977354 202 202 204
6.325027 -8.827770 4.436962 202 202 204
11.030304 -17.154747 7.356180 202 202 204
20.440857 -33.808701 13.194614 202 202 204
3.806399 -4.756013 2.970904 180 180 180
5.993048 -9.011232 4.424064 180 180 180
10.366344 -17.521671 7.330382 180 180 180
19.112938 -34.542549 13.143020 180 180 180
3.638311 -4.841108 2.962421 158 160 162
5.656871 -9.181422 4.407097 158 160 162
9.693991 -17.862051 7.296449 158 160 162
17.768230 -35.223309 13.075153 158 160 162
3.468894 -4.919348 2.951986 152 152 154
5.318036 -9.337903 4.386227 152 152 154
9.016321 -18.175013 7.254708 152 152 154
16.412891 -35.849232 12.991672 152 152 154
3.298913 -4.990610 2.939703 149 153 154
4.978074 -9.480426 4.361661 149 153 154
8.336397 -18.460058 7.205578 149 153 154
15.053043 -36.419323 12.893411 149 153 154
3.129114 -5.054857 2.925696 144 148 149
4.638476 -9.608921 4.333648 144 148 149
7.657202 -18.717049 7.149550 144 148 149
13.694653 -36.933304 12.781355 144 148 149
2.960208 -5.112140 2.910103 72 65 49
4.300664 -9.723486 4.302462 72 65 49
6.981578 -18.946178 7.087179 72 65 49
12.343405 -37.391563 12.656612 72 65 49
2.792860 -5.162583 2.893074 69 63 49
3.965969 -9.824372 4.268404 69 63 49
6.312187 -19.147951 7.019062 69 63 49
11.004623 -37.795109 12.520379 69 63 49
2.627679 -5.206384 2.874765 57 53 50
3.635607 -9.911974 4.231786 57 53 50
5.651463 -19.323154 6.945827 57 53 50
9.683174 -38.145515 12.373908 57 53 50
2.465210 -5.243793 2.855337 38 33 30
3.310669 -9.986793 4.192929 38 33 30
5.001588 -19.472792 6.868113 38 33 30
8.383425 -38.444790 12.218481 38 33 30
2.305932 -5.275113 2.834949 137 141 142
2.992112 -10.049433 4.152153 137 141 142
4.364473 -19.598072 6.786561 137 141 142
7.109196 -38.695351 12.055377 137 141 142
2.150253 -5.300680 2.813759 163 167 168
2.680754 -10.100567 4.109772 163 167 168
3.741757 -19.700340 6.701799 163 167 168
5.863763 -38.899887 11.885854 163 167 168
1.998512 -5.320858 2.791916 158 160 159
2.377272 -10.140924 4.066088 158 160 159
3.134794 -19.781054 6.614431 158 160 159
4.649836 -39.061314 11.711117 158 160 159
1.850982 -5.336026 2.769566 164 166 165
2.082214 -10.171259 4.021387 164 166 165
2.544676 -19.841724 6.525029 164 166 165
3.469602 -39.182655 11.532313 164 166 165
1.707873 -5.346570 2.746841 152 156 155
1.795994 -10.192348 3.975938 152 156 155
1.972238 -19.883902 6.434131 152 156 155
2.324725 -39.267010 11.350517 152 156 155
6.012634 -2.599388 2.657254 151 156 159
10.405518 -4.697982 3.796764 151 156 159
19.191284 -8.895170 6.075782 151 156 159
36.762817 -17.289547 10.633820 151 156 159
5.946201 -2.724502 2.674011 158 162 165
10.272651 -4.948211 3.830276 158 162 165
18.925550 -9.395629 6.142807 158 162 165
36.231350 -18.290464 10.767869 158 162 165
5.873826 -2.851933 2.690342 164 168 171
10.127901 -5.203073 3.862940 164 168 171
18.636051 -9.905353 6.208135 164 168 171
35.652351 -19.309912 10.898524 164 168 171
5.795219 -2.981357 2.706135 172 172 174
9.970687 -5.461921 3.894525 172 172 174
18.321623 -10.423048 6.271304 172 172 174
35.023495 -20.345303 11.024863 172 172 174
5.710117 -3.112392 2.721264 176 175 180
9.800483 -5.723991 3.924783 176 175 180
17.981215 -10.947189 6.331821 176 175 180
34.342678 -21.393585 11.145897 176 175 180
5.618293 -3.244603 2.735600 177 177 179
9.616836 -5.988412 3.953455 177 177 179
17.613920 -11.476030 6.389165 177 177 179
33.608089 -22.451267 11.260585 177 177 179
5.519568 -3.377495 2.749008 181 181 183
9.419386 -6.254197 3.980271 181 181 183
17.219021 -12.007601 6.442797 181 181 183
32.818291 -23.514408 11.367849 181 181 183
5.413821 -3.510524 2.761351 185 185 187
9.207891 -6.520254 4.004957 185 185 187
16.796030 -12.539715 6.492169 185 185 187
31.972309 -24.578636 11.466594 185 185 187
5.300995 -3.643095 2.772491 183 183 185
8.982239 -6.785396 4.027238 183 183 185
16.344727 -13.069998 6.536730 183 183 185
31.069702 -25.639202 11.555716 183 183 185
5.181111 -3.774572 2.782295 189 189 191
8.742472 -7.048350 4.046844 189 189 191
15.865192 -13.595907 6.575943 189 189 191
30.110634 -26.691021 11.634141 189 189 191
5.054277 -3.904290 2.790633 200 198 199
8.488803 -7.307787 4.063521 200 198 199
15.357855 -14.114780 6.609297 200 198 199
29.095959 -27.728767 11.700850 200 198 199
4.920687 -4.031563 2.797389 196 194 195
8.221622 -7.562333 4.077033 196 194 195
14.823494 -14.623873 6.636320 196 194 195
28.027237 -28.746952 11.754895 196 194 195
4.780632 -4.155701 2.802457 203 201 202
7.941512 -7.810608 4.087170 203 201 202
14.263273 -15.120422 6.656594 203 201 202
26.906796 -29.740051 11.795444 203 201 202
4.634497 -4.276022 2.805751 224 220 217
7.649242 -8.051250 4.093757 224 220 217
13.678733 -15.601707 6.669769 224 220 217
25.737715 -30.702621 11.821794 224 220 217
4.482759 -4.391871 2.807202 255 254 250
7.345767 -8.282948 4.096660 255 254 250
13.071782 -16.065104 6.675574 255 254 250
24.523813 -31.629414 11.833403 255 254 250
4.325981 -4.502636 2.806766 170 172 184
7.032210 -8.504478 4.095788 170 172 184
12.444670 -16.508163 6.673830 170 172 184
23.269588 -32.515533 11.829915 170 172 184
4.164802 -4.607760 2.804422 190 189 194
6.709853 -8.714727 4.091099 190 189 194
11.799955 -16.928661 6.664453 190 189 194
21.980160 -33.356529 11.811160 190 189 194
3.999923 -4.706760 2.800174 191 191 193
6.380096 -8.912727 4.082603 191 191 193
11.140441 -17.324661 6.647460 191 191 193
20.661131 -34.148529 11.777174 191 191 193
3.832097 -4.799232 2.794051 219 218 214
6.044442 -9.097670 4.070357 219 218 214
10.469133 -17.694546 6.622970 219 218 214
19.318516 -34.888298 11.728194 219 218 214
3.662102 -4.884862 2.786108 203 199 200
5.704453 -9.268930 4.054472 203 199 200
9.789156 -18.037067 6.591199 203 199 200
17.958561 -35.573341 11.664653 203 199 200
3.490737 -4.963432 2.776422 195 195 197
5.361722 -9.426070 4.035099 195 195 197
9.103694 -18.351347 6.552453 195 195 197
16.587637 -36.201900 11.587161 195 195 197
3.318790 -5.034821 2.765089 179 179 181
5.017828 -9.568848 4.012433 179 179 181
8.415906 -18.636902 6.507121 179 179 181
15.212061 -36.773010 11.496496 179 179 181
3.147032 -5.098997 2.752222 71 68 52
4.674313 -9.697201 3.986700 71 68 52
7.728875 -18.893608 6.455654 71 68 52
13.837998 -37.286423 11.393563 71 68 52
2.976196 -5.156023 2.737950 89 81 78
4.332642 -9.811252 3.958155 89 81 78
7.045533 -19.121710 6.398564 89 81 78
12.471314 -37.742626 11.279384 89 81 78
2.806969 -5.206035 2.722408 144 148 149
3.994186 -9.911277 3.927072 144 148 149
6.368621 -19.321760 6.336399 144 148 149
11.117492 -38.142727 11.155052 144 148 149
2.639975 -5.249247 2.705742 142 146 147
3.660198 -9.997701 3.893738 142 146 147
5.700645 -19.494608 6.269732 142 146 147
9.781540 -38.488422 11.021718 142 146 147
2.475774 -5.285927 2.688095 62 55 39
3.331797 -10.071061 3.858444 62 55 39
5.043843 -19.641329 6.199143 62 55 39
8.467936 -38.781864 10.880542 62 55 39
2.314856 -5.316396 2.669614 140 144 145
3.009961 -10.131999 3.821482 140 144 145
4.400172 -19.763205 6.125219 140 144 145
7.180593 -39.025616 10.732694 140 144 145
2.157638 -5.341008 2.650440 145 149 148
2.695526 -10.181223 3.783135 145 149 148
3.771301 -19.861652 6.048526 145 149 148
5.922850 -39.222511 10.579307 145 149 148
2.004464 -5.360146 2.630711 170 172 171
2.389178 -10.219499 3.743676 170 172 171
3.158605 -19.938204 5.969607 170 172 171
4.697459 -39.375614 10.421470 170 172 171
1.855611 -5.374205 2.610554 150 154 153
2.091470 -10.247616 3.703363 150 154 153
2.563190 -19.994438 5.888981 150 154 153
3.506629 -39.488083 10.260217 150 154 153
1.711286 -5.383590 2.590091 139 143 142
1.802821 -10.266386 3.662436 139 143 142
1.985891 -20.031979 5.807127 139 143 142
2.352032 -39.563164 10.096510 139 143 142
6.044283 -2.612640 2.499385 142 158 174
10.468815 -4.724487 3.481024 142 158 174
19.317879 -8.948181 5.444304 142 158 174
37.016006 -17.395569 9.370861 142 158 174
5.978447 -2.739077 2.513664 147 161 178
10.337143 -4.977361 3.509583 147 161 178
19.054535 -9.453928 5.501422 147 161 178
36.489319 -18.407063 9.485099 147 161 178
5.906596 -2.867903 2.527572 156 163 168
10.193440 -5.235013 3.537399 156 163 168
18.767130 -9.969234 5.557053 156 163 168
35.914509 -19.437674 9.596360 156 163 168
5.828426 -2.998791 2.541007 149 153 156
10.037101 -5.496789 3.564269 149 153 156
18.454451 -10.492784 5.610793 149 153 156
35.289150 -20.484774 9.703841 149 153 156
5.743660 -3.131352 2.553861 152 156 159
9.867569 -5.761910 3.589977 152 156 159
18.115387 -11.023026 5.662209 152 156 159
34.611023 -21.545259 9.806672 152 156 159
5.652059 -3.265140 2.566020 159 159 161
9.684366 -6.029487 3.614295 159 159 161
17.748981 -11.558180 5.710844 159 159 161
33.878212 -22.615566 9.903943 159 159 161
5.553429 -3.399651 2.577365 70 71 66
9.487107 -6.298509 3.636986 70 71 66
17.354464 -12.096225 5.756227 70 71 66
33.089176 -23.691656 9.994709 70 71 66
5.447638 -3.534325 2.587778 162 162 164
9.275524 -6.567857 3.657810 162 162 164
16.931297 -12.634921 5.797875 162 162 164
32.242844 -24.769049 10.078006 162 162 164
5.334617 -3.668551 2.597135 171 171 173
9.049483 -6.836309 3.676525 171 171 173
16.479216 -13.171824 5.835306 171 171 173
31.338680 -25.842855 10.152866 171 171 173
5.214379 -3.801675 2.605320 168 168 170
8.809008 -7.102557 3.692896 168 168 170
15.998265 -13.704321 5.868047 168 168 170
30.376780 -26.907848 10.218349 168 168 170
5.087028 -3.933012 2.612221 152 152 150
8.554304 -7.365230 3.706698 152 152 150
15.488856 -14.229666 5.895650 152 152 150
29.357962 -27.958538 10.273556 152 152 150
4.952751 -4.061852 2.617734 134 134 133
8.285751 -7.622910 3.717723 134 134 133
14.951751 -14.745027 5.917702 134 134 133
28.283751 -28.989260 10.317658 134 134 133
4.811843 -4.187483 2.621768 147 146 141
8.003936 -7.874173 3.725790 147 146 141
14.388121 -15.247553 5.933835 147 146 141
27.156490 -29.994312 10.349925 147 146 141
4.664694 -4.309203 2.624246 180 178 179
7.709636 -8.117613 3.730746 180 178 179
13.799521 -15.734432 5.943747 180 178 179
25.979292 -30.968071 10.369749 180 178 179
4.511787 -4.426334 2.625110 225 221 218
7.403824 -8.351875 3.732474 225 221 218
13.187897 -16.202957 5.947204 225 221 218
24.756042 -31.905119 10.376662 225 221 218
4.353700 -4.538245 2.624321 199 198 196
7.087648 -8.575696 3.730897 199 198 196
12.555546 -16.650599 5.944050 199 198 196
23.491341 -32.800404 10.370355 199 198 196
4.191086 -4.644361 2.621864 255 254 250
6.762422 -8.787930 3.725983 255 254 250
11.905092 -17.075066 5.934221 255 254 250
22.190434 -33.649338 10.350697 255 254 250
4.024667 -4.744187 2.617743 200 200 200
6.429582 -8.987580 3.717742 200 200 200
11.239413 -17.474367 5.917738 200 200 200
20.859076 -34.447941 10.317732 200 200 200
3.855214 -4.837306 2.611988 191 189 190
6.090677 -9.173819 3.706230 191 189 190
10.561603 -17.846844 5.894715 191 189 190
19.503454 -35.192894 10.271686 191 189 190
3.683531 -4.923401 2.604646 206 205 201
5.747310 -9.346009 3.691548 206 205 201
9.874869 -18.191225 5.865351 206 205 201
18.129988 -35.881657 10.212956 206 205 201
3.510437 -5.002252 2.595790 188 188 188
5.401123 -9.503710 3.673835 188 188 188
9.182495 -18.506626 5.829925 188 188 188
16.745239 -36.512459 10.142104 188 188 188
3.336746 -5.073737 2.585505 67 63 50
5.053740 -9.646681 3.653266 67 63 50
8.487729 -18.792568 5.788787 67 63 50
15.355707 -37.084343 10.059829 67 63 50
3.163249 -5.137835 2.573895 67 64 55
4.706748 -9.774877 3.630045 67 64 55
7.793744 -19.048960 5.742346 67 64 55
13.967737 -37.597126 9.966947 67 64 55
2.990702 -5.194615 2.561074 177 180 179
4.361652 -9.888437 3.604402 177 180 179
7.103554 -19.276081 5.691059 177 180 179
12.587357 -38.051369 9.864373 177 180 179
2.819806 -5.244227 2.547163 151 155 156
4.019861 -9.987661 3.576580 151 155 156
6.419971 -19.474529 5.635416 151 155 156
11.220192 -38.448265 9.753086 151 155 156
2.651204 -5.286899 2.532290 142 146 145
3.682657 -10.073004 3.546835 142 146 145
5.745564 -19.645214 5.575925 142 146 145
9.871376 -38.789635 9.634105 142 146 145
2.485469 -5.322915 2.516585 47 45 33
3.351186 -10.145036 3.515425 47 45 33
5.082622 -19.789278 5.513106 47 45 33
8.545492 -39.077763 9.508467 47 45 33
2.323098 -5.352611 2.500176 137 143 141
3.026445 -10.204428 3.482608 137 143 141
4.433139 -19.908062 5.447471 137 143 141
7.246528 -39.315331 9.377197 137 143 141
2.164518 -5.376360 2.483190 136 140 141
2.709285 -10.251926 3.448635 136 140 141
3.798818 -20.003059 5.379524 136 140 141
5.977885 -39.505325 9.241302 136 140 141
2.010076 -5.394559 2.465744 132 136 135
2.400401 -10.288325 3.413743 132 136 135
3.181050 -20.075857 5.309741 132 136 135
4.742349 -39.650921 9.101737 132 136 135
1.860051 -5.407622 2.447953 133 137 136
2.100351 -10.314451 3.378160 133 137 136
2.580950 -20.128109 5.238575 133 137 136
3.542150 -39.755424 8.959404 133 137 136
1.714652 -5.415967 2.429920 132 136 135
1.809553 -10.331141 3.342095 132 136 135
1.999354 -20.161488 5.166445 132 136 135
2.378958 -39.822182 8.815144 132 136 135
6.071614 -2.623810 2.338548 152 169 185
10.523477 -4.746826 3.159351 152 169 185
19.427202 -8.992859 4.800956 152 169 185
37.234653 -17.484924 8.084167 152 169 185
6.006309 -2.751376 2.350202 153 171 185
10.392867 -5.001959 3.182658 153 171 185
19.165983 -9.503125 4.847571 153 171 185
36.712215 -18.505457 8.177398 153 171 185
5.934928 -2.881396 2.361534 216 217 221
10.250105 -5.261999 3.205323 216 217 221
18.880459 -10.023204 4.892900 216 217 221
36.141167 -19.545614 8.268057 216 217 221
5.857154 -3.013537 2.372459 216 216 216
10.094557 -5.526280 3.227173 216 216 216
18.569363 -10.551767 4.936602 216 216 216
35.518974 -20.602741 8.355459 216 216 216
5.772699 -3.147405 2.382886 209 210 212
9.925648 -5.794016 3.248028 209 210 212
18.231544 -11.087238 4.978311 209 210 212
34.843338 -21.673683 8.438877 209 210 212
5.681311 -3.282547 2.392719 156 159 164
9.742871 -6.064300 3.267694 156 159 164
17.865992 -11.627807 5.017642 156 159 164
34.112232 -22.754820 8.517538 156 159 164
5.582786 -3.418447 2.401857 163 167 170
9.545820 -6.336101 3.285969 163 167 170
17.471889 -12.171408 5.054194 163 167 170
33.324028 -23.842022 8.590643 163 167 170
5.476977 -3.554534 2.410199 169 169 171
9.334204 -6.608274 3.302653 169 169 171
17.048656 -12.715755 5.087561 169 169 171
32.477562 -24.930716 8.657376 169 169 171
5.363811 -3.690183 2.417643 162 164 158
9.107870 -6.879572 3.317540 162 164 158
16.595989 -13.258350 5.117335 162 164 158
31.572227 -26.015907 8.716925 162 164 158
5.243290 -3.824723 2.424088 156 152 149
8.866829 -7.148652 3.330431 156 152 149
16.113907 -13.796511 5.143117 156 152 149
30.608065 -27.092228 8.768490 156 152 149
5.115511 -3.957450 2.429441 138 137 133
8.611271 -7.414106 3.341138 138 137 133
15.602790 -14.327419 5.164531 138 137 133
29.585829 -28.154045 8.811317 138 137 133
4.980662 -4.087638 2.433616 144 143 138
8.341574 -7.674483 3.349487 144 143 138
15.063397 -14.848173 5.181229 144 143 138
28.507044 -29.195553 8.844713 144 143 138
4.839037 -4.214554 2.436535 142 139 134
8.058323 -7.928315 3.355325 142 139 134
14.496896 -15.355837 5.192905 142 139 134
27.374041 -30.210880 8.868065 142 139 134
4.691028 -4.337477 2.438135 151 150 146
7.762305 -8.174160 3.358525 151 150 146
13.904860 -15.847526 5.199305 151 150 146
26.189968 -31.194258 8.880865 151 150 146
4.537128 -4.455709 2.438369 158 158 158
7.454506 -8.410625 3.358992 158 158 158
13.289262 -16.320457 5.200239 158 158 158
24.958773 -32.140121 8.882732 158 158 158
4.377925 -4.568604 2.437204 151 150 146
7.136098 -8.636414 3.356664 151 150 146
12.652446 -16.772034 5.195582 151 150 146
23.685141 -33.043274 8.873421 151 150 146
4.214084 -4.675570 2.434631 190 189 185
6.808417 -8.850347 3.351516 190 189 185
11.997083 -17.199900 5.185287 190 189 185
22.374414 -33.899006 8.852830 190 189 185
4.046345 -4.776100 2.430655 191 190 186
6.472938 -9.051406 3.343564 191 190 186
11.326125 -17.602018 5.169384 191 190 186
21.032499 -34.703243 8.821022 191 190 186
3.875497 -4.869770 2.425303 235 230 226
6.131242 -9.238747 3.332861 235 230 226
10.642734 -17.976700 5.147977 235 230 226
19.665716 -35.452606 8.778208 235 230 226
3.702363 -4.956256 2.418620 188 188 189
5.784976 -9.411719 3.319495 188 188 189
9.950201 -18.322645 5.121244 188 188 189
18.280651 -36.144497 8.724744 188 188 189
3.527785 -5.035338 2.410668 70 60 48
5.435819 -9.569882 3.303591 70 60 48
9.251886 -18.638971 5.089437 70 60 48
16.884022 -36.777149 8.661127 70 60 48
3.352594 -5.106897 2.401524 81 73 60
5.085437 -9.713000 3.285302 81 73 60
8.551123 -18.925207 5.052859 81 73 60
15.482494 -37.349621 8.587973 81 73 60
3.177603 -5.170916 2.391276 175 175 175
4.735455 -9.841039 3.264807 175 175 175
7.851158 -19.181284 5.011869 175 175 175
14.082565 -37.861774 8.505993 175 175 175
3.003582 -5.227471 2.380024 179 179 179
4.387413 -9.954149 3.242303 179 179 179
7.155075 -19.407505 4.966861 179 179 179
12.690398 -38.314217 8.415977 179 179 179
2.831252 -5.276728 2.367874 184 184 184
4.042753 -10.052662 3.218002 184 184 184
6.465755 -19.604530 4.918260 184 184 184
11.311760 -38.708267 8.318774 184 184 184
2.661267 -5.318922 2.354935 183 184 179
3.702783 -10.137051 3.192124 183 184 179
5.785815 -19.773308 4.866503 183 184 179
9.951879 -39.045822 8.215261 183 184 179
2.494211 -5.354354 2.341317 32 28 25
3.368672 -10.207914 3.164890 32 28 25
5.117592 -19.915035 4.812035 32 28 25
8.615434 -39.329277 8.106323 32 28 25
2.330592 -5.383374 2.327132 98 96 101
3.041433 -10.265955 3.136519 98 96 101
4.463116 -20.031116 4.755293 98 96 101
7.306480 -39.561440 7.992840 98 96 101
2.170841 -5.406371 2.312485 155 157 156
2.721930 -10.311948 3.107225 155 157 156
3.824110 -20.123102 4.696704 155 157 156
6.028468 -39.745411 7.875664 155 157 156
2.015309 -5.423755 2.297477 152 154 151
2.410867 -10.346717 3.077210 152 154 151
3.201983 -20.192640 4.636675 152 154 151
4.784215 -39.884487 7.755605 152 154 151
1.864278 -5.435954 2.282205 137 141 140
2.108805 -10.371114 3.046666 137 141 140
2.597858 -20.241434 4.575586 137 141 140
3.575966 -39.982075 7.633427 137 141 140
1.717956 -5.443398 2.266756 129 133 132
1.816162 -10.386002 3.015768 129 133 132
2.012572 -20.271210 4.513790 129 133 132
2.405393 -40.041626 7.509835 129 133 132
6.094386 -2.632787 2.175198 185 189 190
10.569021 -4.764780 2.832651 185 189 190
19.518291 -9.028767 4.147557 185 189 190
37.416832 -17.556740 6.777369 185 189 190
6.029535 -2.761276 2.184097 152 157 160
10.439320 -5.021758 2.850450 152 157 160
19.258888 -9.542722 4.183154 152 157 160
36.898026 -18.584650 6.848563 152 157 160
5.958557 -2.892271 2.192724 159 163 166
10.297363 -5.283749 2.867702 159 163 166
18.974976 -10.066704 4.217659 159 163 166
36.330200 -19.632614 6.917573 159 163 166
5.881127 -3.025437 2.201008 171 171 173
10.142503 -5.550081 2.884272 171 171 173
18.665255 -10.599369 4.250798 171 171 173
35.710758 -20.697945 6.983851 171 171 173
5.796946 -3.160376 2.208878 172 176 179
9.974140 -5.819958 2.900011 172 176 179
18.328529 -11.139122 4.282277 172 176 179
35.037308 -21.777451 7.046809 172 176 179
5.705752 -3.296626 2.216255 178 179 183
9.791754 -6.092459 2.914766 178 179 183
17.963757 -11.684124 4.311786 178 179 183
34.307762 -22.867455 7.105827 178 179 183
5.607330 -3.433666 2.223060 141 141 141
9.594910 -6.366539 2.928375 141 141 141
17.570068 -12.232284 4.339005 141 141 141
33.520386 -23.963774 7.160264 141 141 141
5.501527 -3.570912 2.229210 127 126 121
9.383303 -6.641031 2.940676 127 126 121
17.146854 -12.781269 4.363607 127 126 121
32.673958 -25.061745 7.209469 127 126 121
5.388258 -3.707729 2.234626 144 143 138
9.156765 -6.914664 2.951507 144 143 138
16.693779 -13.328535 4.385268 144 143 138
31.767807 -26.156277 7.252791 144 143 138
5.267522 -3.843432 2.239227 150 149 145
8.915293 -7.186071 2.960708 150 149 145
16.210835 -13.871349 4.403671 150 149 145
30.801916 -27.241905 7.289597 150 149 145
5.139407 -3.977303 2.242938 155 154 149
8.659062 -7.453813 2.968130 155 154 149
15.698374 -14.406832 4.418516 155 154 149
29.776997 -28.312870 7.319286 155 154 149
5.004103 -4.108599 2.245691 159 155 152
8.388454 -7.716404 2.973637 159 155 152
15.157157 -14.932014 4.429529 159 155 152
28.694563 -29.363235 7.341313 159 155 152
4.861900 -4.236571 2.247427 155 154 149
8.104050 -7.972349 2.977108 155 154 149
14.588347 -15.443905 4.436471 155 154 149
27.556944 -30.387016 7.355196 155 154 149
4.713196 -4.360481 2.248095 155 154 149
7.806641 -8.220169 2.978445 155 154 149
13.993530 -15.939545 4.439145 155 154 149
26.367310 -31.378296 7.360545 155 154 149
4.558489 -4.479618 2.247660 154 153 148
7.497226 -8.458443 2.977576 154 153 148
13.374701 -16.416092 4.437407 154 153 148
25.129652 -32.331390 7.357068 154 153 148
4.398373 -4.593318 2.246101 147 146 141
7.176995 -8.685843 2.974456 147 146 141
12.734239 -16.870892 4.431168 147 146 141
23.848726 -33.240990 7.344590 147 146 141
4.233530 -4.700981 2.243409 158 159 154
6.847308 -8.901169 2.969072 158 159 154
12.074865 -17.301544 4.420399 158 159 154
22.529980 -34.102295 7.323053 158 159 154
4.064708 -4.802086 2.239593 129 128 123
6.509665 -9.103378 2.961441 129 128 123
11.399580 -17.705963 4.405137 129 128 123
21.179409 -34.911133 7.292528 129 128 123
3.892716 -4.896204 2.234678 195 191 188
6.165680 -9.291615 2.951612 195 191 188
10.711610 -18.082438 4.385478 195 191 188
19.803469 -35.664082 7.253211 195 191 188
3.718391 -4.983008 2.228704 181 183 182
5.817031 -9.465223 2.939663 181 183 182
10.014312 -18.429653 4.361580 181 183 182
18.408873 -36.358513 7.205416 181 183 182
3.542591 -5.062273 2.221722 36 37 31
5.465431 -9.623753 2.925699 36 37 31
9.311111 -18.746712 4.333654 36 37 31
17.002472 -36.992630 7.149563 36 37 31
3.366166 -5.133885 2.213799 181 182 176
5.112580 -9.766977 2.909852 181 182 176
8.605410 -19.033161 4.301959 181 182 176
15.591069 -37.565529 7.086172 181 182 176
3.189943 -5.197832 2.205007 197 196 192
4.760136 -9.894870 2.892269 197 196 192
7.900520 -19.288946 4.266793 197 196 192
14.181290 -38.077099 7.015841 197 196 192
3.014709 -5.254196 2.195430 185 185 185
4.409668 -10.007598 2.873114 185 185 185
7.199585 -19.514402 4.228483 185 185 185
12.779419 -38.528011 6.939222 185 185 185
2.841197 -5.303151 2.185154 185 186 181
4.062643 -10.105508 2.852562 185 186 181
6.505535 -19.710222 4.187380 185 186 181
11.391319 -38.919651 6.857015 185 186 181
2.670072 -5.344944 2.174269 50 50 48
3.720393 -10.189095 2.830794 50 50 48
5.821035 -19.877398 4.143843 50 50 48
10.022319 -39.254002 6.769940 50 50 48
2.501928 -5.379890 2.162867 57 57 47
3.384105 -10.258987 2.807989 57 57 47
5.148459 -20.017181 4.098232 57 57 47
8.677167 -39.533569 6.678720 57 57 47
2.337279 -5.408349 2.151035 70 74 70
3.054807 -10.315904 2.784326 70 74 70
4.489862 -20.131014 4.050906 70 74 70
7.359974 -39.761234 6.584067 70 74 70
2.176561 -5.430720 2.138861 157 157 157
2.733372 -10.360647 2.759977 157 157 157
3.846992 -20.220501 4.002210 157 157 157
6.074234 -39.940208 6.486674 157 157 157
2.020131 -5.447429 2.126426 147 152 148
2.420510 -10.394065 2.735107 147 152 148
3.221270 -20.287336 3.952469 147 152 148
4.822788 -40.073879 6.387194 147 152 148
1.868269 -5.458913 2.113806 151 153 150
2.116787 -10.417032 2.709868 151 153 150
2.613823 -20.333271 3.901991 151 153 150
3.607895 -40.165749 6.286236 151 153 150
1.721186 -5.465613 2.101073 137 141 140
1.822620 -10.430433 2.684400 137 141 140
2.025489 -20.360073 3.851055 137 141 140
2.431228 -40.219353 6.184366 137 141 140
6.112398 -2.639480 2.009827 173 173 175
10.605044 -4.778166 2.501910 173 173 175
19.590338 -9.055539 3.486075 173 173 175
37.560925 -17.610285 5.454404 173 173 175
6.047911 -2.768672 2.015868 167 168 170
10.476071 -5.036551 2.513991 167 168 170
19.332392 -9.572309 3.510237 167 168 170
37.045033 -18.643824 5.502728 167 168 170
5.977259 -2.900412 2.021682 153 157 160
10.334767 -5.300030 2.525620 153 157 160
19.049784 -10.099266 3.533494 153 157 160
36.479816 -19.697739 5.549244 153 157 160
5.900110 -3.034361 2.027220 145 149 152
10.180469 -5.567928 2.536695 145 149 152
18.741186 -10.635062 3.555644 145 149 152
35.862621 -20.769331 5.593543 145 149 152
5.816156 -3.170117 2.032425 152 156 159
10.012562 -5.839441 2.547106 152 156 159
18.405373 -11.178088 3.576466 152 156 159
35.190994 -21.855383 5.635188 152 156 159
5.725127 -3.307216 2.037242 133 131 132
9.830503 -6.113638 2.556739 133 131 132
18.041256 -11.726482 3.595733 133 131 132
34.462761 -22.952171 5.673721 133 131 132
5.626802 -3.445127 2.041611 183 183 183
9.633854 -6.389461 2.565477 183 183 183
17.647957 -12.278128 3.613209 183 183 183
33.676163 -24.055462 5.708673 183 183 183
5.521019 -3.583262 2.045472 153 152 148
9.422288 -6.665730 2.573199 153 152 148
17.224825 -12.830667 3.628654 153 152 148
32.829899 -25.160540 5.739562 153 152 148
5.407688 -3.720973 2.048766 156 155 151
9.195624 -6.941152 2.579788 156 155 151
16.771498 -13.381511 3.641830 156 155 151
31.923244 -26.262228 5.765915 156 155 151
5.286799 -3.857567 2.051436 162 161 157
8.953848 -7.214341 2.585127 162 161 157
16.287945 -13.927888 3.652510 162 161 157
30.956139 -27.354982 5.787274 162 161 157
5.158441 -3.992314 2.053428 162 161 157
8.697131 -7.483835 2.589111 162 161 157
15.774511 -14.466876 3.660476 162 161 157
29.929272 -28.432959 5.803207 162 161 157
5.022799 -4.124459 2.054693 163 162 158
8.425846 -7.748125 2.591640 163 162 158
15.231941 -14.995457 3.665535 163 162 158
28.844131 -29.490120 5.813325 163 162 158
4.880163 -4.253242 2.055189 161 160 156
8.140575 -8.005690 2.592632 161 160 156
14.661400 -15.510586 3.667519 161 160 156
27.703049 -30.520378 5.817294 161 160 156
4.730934 -4.377909 2.054883 160 159 154
7.842116 -8.255024 2.592020 160 159 154
14.064482 -16.009254 3.666295 160 159 154
26.509212 -31.517715 5.814844 160 159 154
4.575614 -4.497738 2.053750 158 157 153
7.531477 -8.494683 2.589756 158 157 153
13.443204 -16.488573 3.661766 158 157 153
25.266657 -32.476353 5.805787 158 157 153
4.414804 -4.612057 2.051779 160 159 154
7.209858 -8.723320 2.585814 160 159 154
12.799965 -16.945847 3.653882 160 159 154
23.980179 -33.390900 5.790020 160 159 154
4.249194 -4.720252 2.048968 153 152 147
6.878638 -8.939710 2.580191 153 152 147
12.137525 -17.378626 3.642637 153 152 147
22.655298 -34.256458 5.767529 153 152 147
4.079545 -4.821797 2.045327 147 152 158
6.539339 -9.142801 2.572909 147 152 158
11.458926 -17.784809 3.628073 147 152 158
21.298101 -35.068825 5.738401 147 152 158
3.906673 -4.916257 2.040878 141 142 146
6.193596 -9.331721 2.564011 141 142 146
10.767441 -18.162649 3.610277 141 142 146
19.915131 -35.824505 5.702808 141 142 146
3.731432 -5.003301 2.035654 234 229 223
5.843114 -9.505808 2.553563 234 229 223
10.066477 -18.510822 3.589381 234 229 223
18.513203 -36.520851 5.661017 234 229 223
3.554693 -5.082705 2.029698 71 62 47
5.489635 -9.664616 2.541652 71 62 47
9.359518 -18.828438 3.565558 71 62 47
17.099285 -37.156082 5.613372 71 62 47
3.377316 -5.154354 2.023062 141 140 145
5.134881 -9.807914 2.528379 141 140 145
8.650011 -19.115034 3.539014 141 140 145
15.680271 -37.729275 5.560283 141 140 145
3.200143 -5.218239 2.015804 173 173 173
4.780536 -9.935685 2.513864 173 173 173
7.941320 -19.370577 3.509982 173 173 173
14.262890 -38.240360 5.502220 173 173 173
3.023972 -5.274453 2.007988 172 176 179
4.428194 -10.048113 2.498231 172 176 179
7.236636 -19.595432 3.478718 172 176 179
12.853521 -38.690071 5.439691 172 176 179
2.849546 -5.323173 1.999681 92 93 95
4.079341 -10.145552 2.481617 92 93 95
6.538932 -19.790310 3.445489 92 93 95
11.458113 -39.079826 5.373233 92 93 95
2.677539 -5.364656 1.990951 44 45 40
3.735327 -10.228518 2.464158 44 45 40
5.850904 -19.956244 3.410570 44 45 40
10.082056 -39.411694 5.303395 44 45 40
2.508553 -5.399224 1.981868 50 49 45
3.397354 -10.297655 2.445991 50 49 45
5.174957 -20.094517 3.374237 50 49 45
8.730163 -39.688240 5.230728 50 49 45
2.343105 -5.427248 1.972498 146 150 149
3.066460 -10.353703 2.427250 146 150 149
4.513168 -20.206612 3.336756 146 150 149
7.406585 -39.912430 5.155766 146 150 149
2.181638 -5.449138 1.962906 133 137 136
2.743526 -10.397483 2.408066 133 137 136
3.867301 -20.294172 3.298387 133 137 136
6.114851 -40.087551 5.079029 133 137 136
2.024510 -5.465327 1.953152 53 46 30
2.429269 -10.429860 2.388559 53 46 30
3.238786 -20.358927 3.259373 53 46 30
4.857821 -40.217060 5.001001 53 46 30
1.872003 -5.476261 1.943294 49 46 39
2.124254 -10.451729 2.368843 49 46 39
2.628758 -20.402664 3.219940 49 46 39
3.637765 -40.304535 4.922135 49 46 39
1.724327 -5.482390 1.933382 73 65 44
1.828902 -10.463987 2.349020 73 65 44
2.038054 -20.427181 3.180295 73 65 44
2.456356 -40.353569 4.842844 73 65 44
6.125488 -2.643821 1.842961 152 156 159
10.631226 -4.786848 2.168177 152 156 159
19.642700 -9.072902 2.818609 152 156 159
37.665649 -17.645010 4.119473 152 156 159
6.061268 -2.773486 1.846065 173 175 174
10.502785 -5.046179 2.174386 173 175 174
19.385818 -9.591564 2.831026 173 175 174
37.151886 -18.682335 4.144307 173 175 174
5.990857 -2.905728 1.848989 173 174 176
10.361962 -5.310663 2.180234 173 174 176
19.104174 -10.120533 2.842722 173 174 176
36.588596 -19.740273 4.167700 173 174 176
5.913917 -3.040206 1.851700 142 142 142
10.208082 -5.579618 2.185655 142 142 142
18.796413 -10.658443 2.853566 142 142 142
35.973076 -20.816093 4.189386 142 142 142
5.830135 -3.176515 1.854163 139 140 135
10.040520 -5.852237 2.190581 139 140 135
18.461288 -11.203681 2.863417 139 140 135
35.302826 -21.906569 4.209088 139 140 135
5.739237 -3.314187 1.856341 145 145 145
9.858724 -6.127581 2.194938 145 145 145
18.097696 -11.754369 2.872130 145 145 145
34.575642 -23.007944 4.226515 145 145 145
5.640996 -3.452689 1.858198 146 146 144
9.662240 -6.404585 2.198652 146 146 144
17.704729 -12.308376 2.879559 146 146 144
33.789707 -24.115959 4.241372 146 146 144
5.535242 -3.591424 1.859697 158 157 153
9.450733 -6.682055 2.201650 158 157 153
17.281715 -12.863317 2.885554 158 157 153
32.943680 -25.225842 4.253363 158 157 153
5.421882 -3.729743 1.860802 163 162 158
9.224013 -6.958692 2.203858 163 162 158
16.828276 -13.416590 2.889972 163 162 158
32.036800 -26.332386 4.262198 163 162 158
5.300905 -3.866941 1.861477 165 164 160
8.982059 -7.233088 2.205210 165 164 160
16.344368 -13.965384 2.892674 165 164 160
31.068985 -27.429974 4.267603 165 164 160
5.172394 -4.002283 1.861692 164 163 159
8.725037 -7.503772 2.205640 164 163 159
15.830323 -14.506751 2.893535 164 163 159
30.040895 -28.512709 4.269325 164 163 159
5.036532 -4.135005 1.861419 165 164 160
8.453314 -7.769216 2.205094 165 164 160
15.286876 -15.037638 2.892443 165 164 160
28.954000 -29.574482 4.267140 165 164 160
4.893612 -4.264337 1.860635 163 162 157
8.167473 -8.027880 2.203526 163 162 157
14.715196 -15.554966 2.889307 163 162 157
27.810640 -30.609138 4.260868 163 162 157
4.744034 -4.389519 1.859323 164 163 158
7.868316 -8.278244 2.200901 164 163 158
14.116881 -16.055695 2.884058 164 163 158
26.614012 -31.610594 4.250370 164 163 158
4.588303 -4.509819 1.857472 161 160 155
7.556855 -8.518845 2.197200 161 160 155
13.493958 -16.536896 2.876655 161 160 155
25.368166 -32.572998 4.235565 161 160 155
4.427024 -4.624557 1.855080 100 102 99
7.234298 -8.748320 2.192415 100 102 99
12.848845 -16.995846 2.867085 100 102 99
24.077938 -33.490898 4.216426 100 102 99
4.260895 -4.733113 1.852150 55 62 72
6.902038 -8.965433 2.186556 55 62 72
12.184325 -17.430073 2.855367 55 62 72
22.748899 -34.359352 4.192989 55 62 72
4.090681 -4.834958 1.848696 157 156 151
6.561610 -9.169122 2.179646 157 156 151
11.503469 -17.837450 2.841547 157 156 151
21.387188 -35.174107 4.165350 157 156 151
3.917210 -4.929649 1.844735 165 169 169
6.214668 -9.358505 2.171725 165 169 169
10.809586 -18.216217 2.825705 165 169 169
19.999420 -35.931641 4.133665 165 169 169
3.741342 -5.016855 1.840295 170 172 171
5.862933 -9.532917 2.162845 170 172 171
10.106114 -18.565041 2.807944 170 172 171
18.592478 -36.629288 4.098143 170 172 171
3.563956 -5.096352 1.835407 70 63 47
5.508162 -9.691910 2.153070 70 63 47
9.396573 -18.883026 2.788395 70 63 47
17.173395 -37.265259 4.059045 70 63 47
3.385925 -5.168025 1.830111 117 129 125
5.152100 -9.835258 2.142476 117 129 125
8.684448 -19.169722 2.767207 117 129 125
15.749146 -37.838650 4.016669 117 129 125
3.208098 -5.231871 1.824445 87 93 88
4.796446 -9.962948 2.131146 87 93 88
7.973141 -19.425102 2.744546 87 93 88
14.326531 -38.349411 3.971348 87 93 88
3.031280 -5.287981 1.818456 179 178 174
4.442809 -10.075168 2.119167 179 178 174
7.265868 -19.649542 2.720590 179 178 174
12.911984 -38.798290 3.923434 179 178 174
2.856222 -5.336540 1.812189 119 117 118
4.092692 -10.172286 2.106633 119 117 118
6.565634 -19.843779 2.695520 119 117 118
11.511517 -39.186764 3.873296 119 117 118
2.683603 -5.377811 1.805690 72 73 67
3.747455 -10.254829 2.093634 72 73 67
5.875160 -20.008865 2.669523 72 73 67
10.130569 -39.516937 3.821301 72 73 67
2.514031 -5.412123 1.799004 96 99 92
3.408310 -10.323452 2.080263 96 99 92
5.196870 -20.146111 2.642780 96 99 92
8.773989 -39.791428 3.767815 96 99 92
2.348028 -5.439852 1.792176 127 131 130
3.076305 -10.378910 2.066607 127 131 130
4.532859 -20.257027 2.615468 127 131 130
7.445966 -40.013260 3.713191 127 131 130
2.186038 -5.461414 1.785247 126 130 131
2.752325 -10.422035 2.052749 126 130 131
3.884898 -20.343277 2.587754 126 130 131
6.150045 -40.185760 3.657763 126 130 131
2.028420 -5.477251 1.778257 83 70 51
2.437090 -10.453708 2.038769 83 70 51
3.254429 -20.406622 2.559794 83 70 51
4.889106 -40.312450 3.601842 83 70 51
1.875460 -5.487812 1.771241 42 38 26
2.131169 -10.474830 2.024738 42 38 26
2.642587 -20.448866 2.531731 42 38 26
3.665422 -40.396938 3.545717 42 38 26
1.727366 -5.493554 1.764232 15 14 10
1.834981 -10.486315 2.010720 15 14 10
2.050210 -20.471836 2.503695 15 14 10
2.480670 -40.442879 3.489644 15 14 10
6.133546 -2.645760 1.675148 45 46 48
10.647341 -4.790727 1.832551 45 46 48
19.674931 -9.080660 2.147356 45 46 48
37.730110 -17.660526 2.776967 45 46 48
6.069487 -2.775664 1.675268 42 46 47
10.519222 -5.050535 1.832790 42 46 47
19.418694 -9.600277 2.147835 42 46 47
37.217636 -18.699760 2.777925 42 46 47
5.999224 -2.908159 1.675252 28 33 39
10.378697 -5.315524 1.832760 28 33 39
19.137644 -10.130255 2.147774 28 33 39
36.655537 -19.759716 2.777803 28 33 39
5.922416 -3.042903 1.675087 31 36 30
10.225080 -5.585013 1.832430 31 36 30
18.830410 -10.669233 2.147115 31 36 30
36.041069 -20.837673 2.776484 31 36 30
5.838747 -3.179492 1.674758 30 39 38
10.057742 -5.858191 1.831772 30 39 38
18.495733 -11.215588 2.145798 30 39 38
35.371716 -21.930382 2.773851 30 39 38
5.747938 -3.317454 1.674250 113 114 109
9.876125 -6.134114 1.830755 113 114 109
18.132500 -11.767435 2.143765 113 114 109
34.645248 -23.034077 2.769786 113 114 109
5.649760 -3.456254 1.673549 102 107 103
9.679770 -6.411716 1.829352 102 107 103
17.739788 -12.322638 2.140960 102 107 103
33.859825 -24.144482 2.764174 102 107 103
5.544043 -3.595295 1.672640 68 69 73
9.468334 -6.689797 1.827536 68 69 73
17.316917 -12.878801 2.137327 68 69 73
33.014084 -25.256809 2.756908 68 69 73
5.430688 -3.733921 1.671513 39 48 55
9.241625 -6.967049 1.825281 39 48 55
16.863499 -13.433304 2.132817 39 48 55
32.107246 -26.365814 2.747890 39 48 55
5.309683 -3.871427 1.670156 53 46 40
8.999616 -7.242061 1.822567 53 46 40
16.379480 -13.983328 2.127388 53 46 40
31.139210 -27.465862 2.737032 53 46 40
5.181109 -4.007072 1.668560 47 41 37
8.742467 -7.513350 1.819375 47 41 37
15.865183 -14.525908 2.121006 47 41 37
30.110615 -28.551022 2.724266 47 41 37
5.045148 -4.140088 1.666720 50 47 42
8.470546 -7.779382 1.815695 50 47 42
15.321341 -15.057970 2.113644 50 47 42
29.022930 -29.615147 2.709544 50 47 42
4.902093 -4.269700 1.664632 142 142 142
8.184435 -8.038606 1.811518 142 142 142
14.749119 -15.576418 2.105291 142 142 142
27.878487 -30.652042 2.692838 142 142 142
4.752343 -4.395144 1.662295 98 100 99
7.884936 -8.289495 1.806846 98 100 99
14.150121 -16.078196 2.095947 98 100 99
26.680490 -31.655598 2.674149 98 100 99
4.596408 -4.515686 1.659715 100 99 95
7.573065 -8.530578 1.801685 100 99 95
13.526379 -16.560362 2.085624 100 99 95
25.433006 -32.619930 2.653503 100 99 95
4.434893 -4.630638 1.656896 68 64 61
7.250034 -8.760482 1.796048 68 64 61
12.880318 -17.020170 2.074351 68 64 61
24.140884 -33.539547 2.630956 68 64 61
4.268497 -4.739381 1.653851 26 24 15
6.917243 -8.977968 1.789957 26 24 15
12.214735 -17.455143 2.062168 26 24 15
22.809719 -34.409492 2.606591 26 24 15
4.097992 -4.841378 1.650591 37 34 25
6.576233 -9.181963 1.783438 37 34 25
11.532716 -17.863132 2.049131 37 34 25
21.445681 -35.225471 2.580517 37 34 25
3.924209 -4.936189 1.647135 72 60 44
6.228666 -9.371585 1.776525 72 60 44
10.837582 -18.242376 2.035306 72 60 44
20.055412 -35.983959 2.552867 72 60 44
3.748012 -5.023479 1.643501 69 61 40
5.876273 -9.546165 1.769258 69 61 40
10.132795 -18.591537 2.020770 69 61 40
18.645840 -36.682281 2.523795 69 61 40
3.570287 -5.103025 1.639711 66 57 42
5.520822 -9.705257 1.761677 66 57 42
9.421893 -18.909721 2.005609 66 57 42
17.224035 -37.318649 2.493473 66 57 42
3.391908 -5.174714 1.635787 31 32 27
5.164065 -9.848634 1.753829 31 32 27
8.708380 -19.196474 1.989914 31 32 27
15.797009 -37.892155 2.462082 31 32 27
3.213732 -5.238539 1.631754 26 28 25
4.807712 -9.976284 1.745762 26 28 25
7.995673 -19.451775 1.973779 26 28 25
14.371595 -38.402756 2.429814 26 28 25
3.036566 -5.294598 1.627634 104 101 94
4.453380 -10.088403 1.737523 104 101 94
7.287009 -19.676012 1.957302 104 101 94
12.954268 -38.851231 2.396858 104 101 94
2.861165 -5.343078 1.623453 110 112 107
4.102580 -10.185362 1.729161 110 112 107
6.585408 -19.869930 1.940576 110 112 107
11.551065 -39.239067 2.363407 110 112 107
2.688214 -5.384244 1.619232 56 52 41
3.756677 -10.267694 1.720720 56 52 41
5.893604 -20.034595 1.923694 56 52 41
10.167457 -39.568398 2.329643 56 52 41
2.518321 -5.418426 1.614995 68 67 63
3.416891 -10.336059 1.712244 68 67 63
5.214031 -20.171324 1.906744 68 67 63
8.808311 -39.841854 2.295742 68 67 63
2.352012 -5.446008 1.610760 88 90 85
3.084273 -10.391222 1.703775 88 90 85
4.548795 -20.281651 1.889805 88 90 85
7.477839 -40.062508 2.261866 88 90 85
2.189731 -5.467405 1.606547 55 55 53
2.759712 -10.434017 1.695349 55 55 53
3.899672 -20.367241 1.872954 55 55 53
6.179593 -40.233688 2.228162 55 55 53
2.031840 -5.483064 1.602372 82 71 53
2.443929 -10.465335 1.687000 82 71 53
3.268108 -20.429876 1.856255 82 71 53
4.916465 -40.358959 2.194764 82 71 53
1.878624 -5.493438 1.598251 33 36 27
2.137496 -10.486083 1.678756 33 36 27
2.655242 -20.471373 1.839767 33 36 27
3.690733 -40.441952 2.161789 33 36 27
1.730292 -5.498987 1.594194 31 33 30
1.840832 -10.497180 1.670643 31 33 30
2.061913 -20.493567 1.823541 31 33 30
2.504076 -40.486340 2.129338 31 33 30
6.136506 -2.645275 1.506952 21 25 24
10.653261 -4.789757 1.496158 21 25 24
19.686771 -9.078721 1.474572 21 25 24
37.753792 -17.656649 1.431398 21 25 24
6.072501 -2.775179 1.504069 23 27 28
10.525251 -5.049564 1.490394 23 27 28
19.430752 -9.598335 1.463042 23 27 28
37.241753 -18.695877 1.408340 23 27 28
6.002291 -2.907673 1.501097 22 28 26
10.384830 -5.314553 1.484449 22 28 26
19.149910 -10.128312 1.451153 22 28 26
36.680069 -19.755831 1.384561 22 28 26
5.925533 -3.042418 1.498039 24 25 29
10.231315 -5.584043 1.478333 24 25 29
18.842878 -10.667292 1.438920 24 25 29
36.066006 -20.833790 1.360095 24 25 29
5.841913 -3.179008 1.494900 59 60 52
10.064075 -5.857222 1.472056 59 60 52
18.508398 -11.213651 1.426366 59 60 52
35.397045 -21.926508 1.334988 59 60 52
5.751150 -3.316972 1.491689 106 104 105
9.882549 -6.133151 1.465633 106 104 105
18.145348 -11.765508 1.413520 106 104 105
34.670944 -23.030222 1.309295 106 104 105
5.653016 -3.455775 1.488413 80 78 81
9.686280 -6.410757 1.459080 80 78 81
17.752810 -12.320721 1.400415 80 78 81
33.885868 -24.140648 1.283086 80 78 81
5.547338 -3.594820 1.485082 58 63 67
9.474924 -6.688846 1.452419 58 63 67
17.330097 -12.876898 1.387093 58 63 67
33.040443 -25.253002 1.256442 58 63 67
5.434019 -3.733450 1.481709 41 45 54
9.248287 -6.966106 1.445673 41 45 54
16.876823 -13.431419 1.373601 41 45 54
32.133896 -26.362045 1.229457 41 45 54
5.313045 -3.870960 1.478307 34 38 47
9.006338 -7.241127 1.438868 34 38 47
16.392925 -13.981461 1.359991 34 38 47
31.166100 -27.462128 1.202237 34 38 47
5.184497 -4.006610 1.474889 31 44 50
8.749243 -7.512427 1.432034 31 44 50
15.878735 -14.524060 1.346323 31 44 50
30.137718 -28.547327 1.174900 31 44 50
5.048558 -4.139632 1.471473 31 39 44
8.477365 -7.778470 1.425201 31 39 44
15.334978 -15.056147 1.332658 31 39 44
29.050205 -29.611500 1.147570 31 39 44
4.905518 -4.269250 1.468075 22 22 21
8.191284 -8.037706 1.418404 22 22 21
14.762818 -15.574619 1.319063 22 22 21
27.905886 -30.648445 1.120381 22 22 21
4.755778 -4.394701 1.464711 30 31 33
7.891806 -8.288610 1.411676 30 31 33
14.163860 -16.076426 1.305607 30 31 33
26.707970 -31.652058 1.093470 30 31 33
4.599846 -4.515250 1.461399 23 23 23
7.579942 -8.529707 1.405052 23 23 23
13.540133 -16.558620 1.292359 23 23 23
25.460514 -32.616447 1.066974 23 23 23
4.438329 -4.630208 1.458156 67 53 44
7.256907 -8.759624 1.398566 67 53 44
12.894064 -17.018454 1.279387 67 53 44
24.168377 -33.536114 1.041030 67 53 44
4.271925 -4.738957 1.454998 67 55 43
6.924099 -8.977121 1.392251 67 55 43
12.228447 -17.453449 1.266757 67 55 43
22.837143 -34.406105 1.015768 67 55 43
4.101406 -4.840961 1.451941 55 32 24
6.583061 -9.181129 1.386137 55 32 24
11.546371 -17.861465 1.254528 55 32 24
21.472990 -35.222137 0.991311 55 32 24
3.927603 -4.935779 1.448998 76 71 68
6.235455 -9.370765 1.380251 76 71 68
10.851158 -18.240736 1.242757 76 71 68
20.082565 -35.980679 0.967770 76 71 68
3.751380 -5.023075 1.446182 78 78 74
5.883010 -9.545357 1.374619 78 78 74
10.146269 -18.589920 1.231492 78 78 74
18.672787 -36.679047 0.945239 78 78 74
3.573625 -5.102626 1.443502 85 81 75
5.527498 -9.704458 1.369259 85 81 75
9.435246 -18.908123 1.220773 85 81 75
17.250740 -37.315453 0.923802 85 81 75
3.395211 -5.174319 1.440967 55 48 38
5.170671 -9.847845 1.364189 55 48 38
8.721592 -19.194897 1.210632 55 48 38
15.823434 -37.889000 0.903520 55 48 38
3.216995 -5.238150 1.438582 48 43 34
4.814240 -9.975506 1.359419 48 43 34
8.008728 -19.450218 1.201092 48 43 34
14.397705 -38.399643 0.884439 48 43 34
3.039787 -5.294213 1.436350 49 48 44
4.459823 -10.087633 1.354956 49 48 44
7.299894 -19.674473 1.192167 49 48 44
12.980038 -38.848152 0.866588 49 48 44
2.864340 -5.342697 1.434274 43 42 38
4.108930 -10.184601 1.350803 43 42 38
6.598108 -19.868408 1.183862 43 42 38
11.576466 -39.236023 0.849979 43 42 38
2.691340 -5.383867 1.432353 43 44 36
3.762930 -10.266940 1.346960 43 44 36
5.906109 -20.033087 1.176176 43 44 36
10.192467 -39.565380 0.834606 43 44 36
2.521396 -5.418053 1.430584 54 47 43
3.423041 -10.335312 1.343422 54 47 43
5.226332 -20.169830 1.169099 54 47 43
8.832912 -39.838867 0.820454 54 47 43
2.355034 -5.445637 1.428963 58 49 42
3.090317 -10.390481 1.340181 58 49 42
4.560884 -20.280169 1.162617 58 49 42
7.502017 -40.059544 0.807490 58 49 42
2.192699 -5.467038 1.427486 54 49 45
2.765648 -10.433282 1.337228 54 49 45
3.911544 -20.365770 1.156710 54 49 45
6.203338 -40.230747 0.795675 54 49 45
2.034753 -5.482699 1.426147 80 84 69
2.449755 -10.464605 1.334549 80 84 69
3.279760 -20.428417 1.151354 80 84 69
4.939768 -40.356041 0.784962 80 84 69
1.881481 -5.493076 1.424939 53 54 49
2.143211 -10.485358 1.332133 53 54 49
2.666671 -20.469923 1.146521 53 54 49
3.713591 -40.439053 0.775296 53 54 49
1.733093 -5.498627 1.423854 32 34 29
1.846435 -10.496461 1.329964 32 34 29
2.073118 -20.492128 1.142182 32 34 29
2.526485 -40.483463 0.766620 32 34 29
6.134359 -2.642368 1.338943 59 60 55
10.648968 -4.783942 1.160141 59 60 55
19.678185 -9.067091 0.802537 59 60 55
37.736618 -17.633389 0.087329 59 60 55
6.070299 -2.772031 1.333072 69 71 68
10.520847 -5.043268 1.148399 69 71 68
19.421944 -9.585743 0.779053 69 71 68
37.224136 -18.670692 0.040360 69 71 68
6.000044 -2.904272 1.327156 65 66 61
10.380338 -5.307750 1.136568 65 66 61
19.140924 -10.114707 0.755390 65 66 61
36.662098 -19.728621 -0.006964 65 66 61
5.923255 -3.038751 1.321219 59 58 53
10.226760 -5.576709 1.124693 59 58 53
18.833769 -10.652624 0.731641 59 58 53
36.047787 -20.804455 -0.054462 59 58 53
5.839619 -3.175064 1.315286 58 59 54
10.059487 -5.849334 1.112827 58 59 54
18.499224 -11.197874 0.707910 58 59 54
35.378696 -21.894955 -0.101926 58 59 54
5.748859 -3.312742 1.309386 47 48 43
9.877967 -6.124690 1.101027 47 48 43
18.136183 -11.748587 0.684309 47 48 43
34.652615 -22.996380 -0.149126 47 48 43
5.650745 -3.451252 1.303550 95 65 54
9.681740 -6.401710 1.089356 95 65 54
17.743729 -12.302626 0.660966 95 65 54
33.867706 -24.104458 -0.195813 95 65 54
5.545111 -3.589998 1.297812 99 69 58
9.470470 -6.679202 1.077880 99 69 58
17.321190 -12.857610 0.638015 99 69 58
33.022629 -25.214426 -0.241715 99 69 58
5.431858 -3.728328 1.292208 96 66 54
9.243964 -6.955862 1.066672 96 66 54
16.868177 -13.410931 0.615599 96 66 54
32.116604 -26.321068 -0.286547 96 66 54
5.310974 -3.865541 1.286775 89 62 50
9.002196 -7.230289 1.055805 89 62 50
16.384642 -13.959784 0.593866 89 62 50
31.149532 -27.418774 -0.330014 89 62 50
5.182541 -4.000898 1.281550 97 69 56
8.745331 -7.501003 1.045355 97 69 56
15.870912 -14.501213 0.572966 97 69 56
30.122072 -28.501633 -0.371814 97 69 56
5.046743 -4.133638 1.276571 101 97 94
8.473736 -7.766483 1.035397 101 97 94
15.327721 -15.032172 0.553048 101 97 94
29.035690 -29.563551 -0.411648 101 97 94
4.903870 -4.262989 1.271874 82 83 78
8.187988 -8.025185 1.026002 82 83 78
14.756226 -15.549575 0.534259 82 83 78
27.892700 -30.598356 -0.449227 82 83 78
4.754320 -4.388189 1.267492 84 84 80
7.888889 -8.275585 1.017239 84 84 80
14.158027 -16.050377 0.516734 84 84 80
26.696302 -31.599962 -0.484277 84 84 80
4.598600 -4.508510 1.263458 85 84 80
7.577450 -8.516227 1.009171 85 84 80
13.535149 -16.531660 0.500597 85 84 80
25.450546 -32.562527 -0.516552 85 84 80
4.437315 -4.623268 1.259798 18 18 15
7.254880 -8.745742 1.001850 18 18 15
12.890009 -16.990690 0.485955 18 18 15
24.160267 -33.480587 -0.545834 18 18 15
4.271161 -4.731844 1.256534 34 38 37
6.922571 -8.962895 0.995322 34 38 37
12.225391 -17.424997 0.472899 34 38 37
22.831032 -34.349201 -0.571947 34 38 37
4.100905 -4.833707 1.253682 55 54 52
6.582059 -9.166621 0.989619 55 54 52
11.544367 -17.832449 0.461494 55 54 52
21.468983 -35.164104 -0.594757 55 54 52
3.927374 -4.928418 1.251255 73 79 67
6.234998 -9.356043 0.984765 73 79 67
10.850245 -18.211292 0.451785 73 79 67
20.080738 -35.921791 -0.614176 73 79 67
3.751431 -5.015642 1.249256 49 44 38
5.883111 -9.530490 0.980768 49 44 38
10.146471 -18.560186 0.443790 49 44 38
18.673191 -36.619579 -0.630165 49 44 38
3.573955 -5.095155 1.247685 38 37 32
5.528159 -9.689516 0.977626 38 37 32
9.436567 -18.878239 0.437506 38 37 32
17.253384 -37.255684 -0.642733 38 37 32
3.395819 -5.166844 1.246535 29 30 26
5.171887 -9.832895 0.975325 29 30 26
8.724024 -19.164997 0.432905 29 30 26
15.828298 -37.829201 -0.651935 29 30 26
3.217875 -5.230703 1.245793 33 35 30
4.815999 -9.960612 0.973841 33 35 30
8.012247 -19.420431 0.429938 33 35 30
14.404743 -38.340069 -0.657869 33 35 30
3.040929 -5.286826 1.245443 31 35 34
4.462107 -10.072859 0.973141 31 35 34
7.304462 -19.644924 0.428538 31 35 34
12.989174 -38.789055 -0.660670 31 35 34
2.865732 -5.335397 1.245464 41 37 28
4.111713 -10.170000 0.973183 41 37 28
6.603676 -19.839207 0.428622 41 37 28
11.587601 -39.177620 -0.660501 41 37 28
2.692968 -5.376680 1.245832 32 36 37
3.766185 -10.252566 0.973920 32 36 37
5.912619 -20.004339 0.430094 32 36 37
10.205486 -39.507885 -0.657556 32 36 37
2.523243 -5.411001 1.246522 78 53 33
3.426735 -10.321209 0.975298 78 53 33
5.233718 -20.141624 0.432852 78 53 33
8.847686 -39.782455 -0.652042 78 53 33
2.357082 -5.438740 1.247504 62 43 37
3.094413 -10.376686 0.977264 62 43 37
4.569075 -20.252579 0.436783 62 43 37
7.518399 -40.004364 -0.644179 62 43 37
2.194930 -5.460311 1.248752 31 31 29
2.770109 -10.419828 0.979760 31 31 29
3.920467 -20.338863 0.441774 31 31 29
6.221183 -40.176933 -0.634196 31 31 29
2.037148 -5.476155 1.250237 64 75 60
2.454545 -10.451516 0.982729 64 75 60
3.289338 -20.402239 0.447713 64 75 60
4.958925 -40.303684 -0.622319 64 75 60
1.884021 -5.486724 1.251930 32 34 31
2.148291 -10.472654 0.986116 32 34 31
2.676831 -20.444515 0.454486 32 34 31
3.733910 -40.388237 -0.608773 32 34 31
1.735760 -5.492475 1.253805 36 33 28
1.851769 -10.484156 0.989866 36 33 28
2.083786 -20.467518 0.461987 36 33 28
2.547822 -40.434242 -0.593772 36 33 28
6.127145 -2.637063 1.171688 67 71 69
10.634539 -4.773332 0.825631 67 71 69
19.649326 -9.045870 0.133518 67 71 69
37.678902 -17.590946 -1.250709 67 71 69
6.062923 -2.766250 1.162872 69 73 71
10.506095 -5.031706 0.808000 69 73 71
19.392439 -9.562618 0.098255 69 73 71
37.165127 -18.624443 -1.321236 69 73 71
5.992529 -2.897988 1.154059 71 76 72
10.365308 -5.295182 0.790373 71 76 72
19.110865 -10.089570 0.063000 71 76 72
36.601978 -19.678347 -1.391745 71 76 72
5.915630 -3.031939 1.145289 73 75 72
10.211510 -5.563085 0.772832 73 75 72
18.803268 -10.625376 0.027919 73 75 72
35.986786 -20.749958 -1.461907 73 75 72
5.831916 -3.167701 1.136607 77 77 75
10.044082 -5.834609 0.755470 77 77 75
18.468412 -11.168424 -0.006805 77 77 75
35.317074 -21.836054 -1.531356 77 77 75
5.741116 -3.304809 1.128065 76 77 72
9.862480 -6.108825 0.738385 76 77 72
18.105209 -11.716856 -0.040974 76 77 72
34.590668 -22.932919 -1.599694 76 77 72
5.643003 -3.442734 1.119716 78 79 74
9.666256 -6.384675 0.721686 78 79 74
17.712761 -12.268557 -0.074373 78 79 74
33.805771 -24.036320 -1.666490 78 79 74
5.537416 -3.580885 1.111615 77 80 74
9.455080 -6.660977 0.705486 77 80 74
17.290409 -12.821160 -0.106774 77 80 74
32.961067 -25.141527 -1.731292 77 80 74
5.424259 -3.718617 1.103823 77 78 73
9.228767 -6.936440 0.689902 77 78 73
16.837784 -13.372087 -0.137942 77 78 73
32.055817 -26.243380 -1.793629 77 78 73
5.303525 -3.855235 1.096400 77 78 73
8.987300 -7.209676 0.675054 77 78 73
16.354849 -13.918558 -0.167636 77 78 73
31.089947 -27.336323 -1.853017 77 78 73
5.175297 -3.990008 1.089404 77 78 73
8.730843 -7.479222 0.661064 77 78 73
15.841935 -14.457651 -0.195617 77 78 73
30.064119 -28.414509 -1.908979 77 78 73
5.039759 -4.122182 1.082896 78 79 74
8.459766 -7.743570 0.648047 78 79 74
15.299782 -14.986347 -0.221651 78 79 74
28.979813 -29.471901 -1.961048 78 79 74
4.897201 -4.250994 1.076929 79 80 75
8.174650 -8.001194 0.636114 79 80 75
14.729548 -15.501595 -0.245518 79 80 75
27.839346 -30.502398 -2.008780 79 80 75
4.748019 -4.375693 1.071555 78 79 74
7.876287 -8.250593 0.625365 78 79 74
14.132822 -16.000393 -0.267015 78 79 74
26.645893 -31.499994 -2.051774 78 79 74
4.592718 -4.495556 1.066818 80 80 80
7.565685 -8.490318 0.615890 80 80 80
13.511620 -16.479843 -0.285965 80 80 80
25.403488 -32.458893 -2.089675 80 80 80
4.431898 -4.609907 1.062753 50 49 44
7.244044 -8.719020 0.607761 50 49 44
12.868338 -16.937246 -0.302223 50 49 44
24.116924 -33.373699 -2.122191 50 49 44
4.266246 -4.718135 1.059389 38 38 36
6.912742 -8.935476 0.601034 38 38 36
12.205732 -17.370159 -0.315677 38 38 36
22.791714 -34.239525 -2.149099 38 38 36
4.096527 -4.819712 1.056745 54 49 45
6.573303 -9.138631 0.595745 54 49 45
11.526855 -17.776468 -0.326255 54 49 45
21.433960 -35.052143 -2.170255 54 49 45
3.923558 -4.914203 1.054828 45 42 35
6.227365 -9.327613 0.591910 45 42 35
10.834978 -18.154432 -0.333924 45 42 35
20.050205 -35.808071 -2.185594 45 42 35
3.748192 -5.001276 1.053635 32 33 27
5.876633 -9.501758 0.589526 32 33 27
10.133515 -18.502722 -0.338693 32 33 27
18.647280 -36.504650 -2.195132 32 33 27
3.571302 -5.080707 1.053156 42 40 35
5.522854 -9.660620 0.588567 42 40 35
9.425957 -18.820446 -0.340611 42 40 35
17.232162 -37.140099 -2.198967 42 40 35
3.393753 -5.152381 1.053368 93 91 79
5.167754 -9.803969 0.588991 93 91 79
8.715757 -19.107145 -0.339762 93 91 79
15.811765 -37.713497 -2.197269 93 91 79
3.216387 -5.216291 1.054243 17 16 12
4.813023 -9.931789 0.590740 17 16 12
8.006295 -19.362785 -0.336265 17 16 12
14.392839 -38.224777 -2.190274 17 16 12
3.040004 -5.272527 1.055743 25 28 24
4.460257 -10.044260 0.593740 25 28 24
7.300763 -19.587727 -0.330265 25 28 24
12.981775 -38.674660 -2.178276 25 28 24
2.865350 -5.321266 1.057826 42 40 36
4.110950 -10.141739 0.597906 42 40 36
6.602148 -19.782684 -0.321932 42 40 36
11.584545 -39.064575 -2.161609 42 40 36
2.693102 -5.362768 1.060446 38 39 34
3.766453 -10.224742 0.603147 38 39 34
5.913156 -19.948690 -0.311452 38 39 34
10.206560 -39.396587 -2.140649 38 39 34
2.523863 -5.397353 1.063553 68 69 59
3.427975 -10.293912 0.609362 68 69 59
5.236199 -20.087030 -0.299022 68 69 59
8.852648 -39.673267 -2.115789 68 69 59
2.358155 -5.425393 1.067097 43 50 56
3.096559 -10.349992 0.616450 43 50 56
4.573367 -20.199190 -0.284846 43 50 56
7.526984 -39.897587 -2.087436 43 50 56
2.196420 -5.447297 1.071027 35 40 46
2.773090 -10.393800 0.624309 35 40 46
3.926429 -20.286806 -0.269127 35 40 46
6.233107 -40.072819 -2.055999 35 40 46
2.039019 -5.463499 1.075292 39 47 52
2.458287 -10.426205 0.632839 39 47 52
3.296824 -20.351616 -0.252068 39 47 52
4.973897 -40.202438 -2.021880 39 47 52
1.886237 -5.474447 1.079843 33 41 44
2.152723 -10.448100 0.641941 33 41 44
2.685694 -20.395407 -0.233862 33 41 44
3.751638 -40.290020 -1.985470 33 41 44
1.738284 -5.480589 1.084635 50 30 24
1.856817 -10.460385 0.651524 50 30 24
2.093883 -20.419977 -0.214697 50 30 24
2.568014 -40.339161 -1.947138 50 30 24
6.114954 -2.629409 1.005741 64 66 65
10.610156 -4.758025 0.493737 64 66 65
19.600561 -9.015257 -0.530272 64 66 65
37.581371 -17.529720 -2.578289 64 66 65
6.050468 -2.757891 0.994054 62 66 65
10.481186 -5.014988 0.470362 62 66 65
19.342621 -9.529183 -0.577020 62 66 65
37.065491 -18.557573 -2.671785 62 66 65
5.979848 -2.888884 0.982417 64 66 63
10.339946 -5.276975 0.447089 64 66 63
19.060141 -10.053156 -0.623566 64 66 63
36.500530 -19.605518 -2.764878 64 66 63
5.902764 -3.022053 0.970890 70 70 70
10.185777 -5.543312 0.424035 70 70 70
18.751802 -10.585831 -0.669675 70 70 70
35.883854 -20.670868 -2.857095 70 70 70
5.818915 -3.156999 0.959537 70 72 69
10.018079 -5.813205 0.401330 70 72 69
18.416407 -11.125616 -0.715086 70 72 69
35.213062 -21.750439 -2.947917 70 72 69
5.728034 -3.293262 0.948429 73 73 71
9.836318 -6.085731 0.379114 73 73 71
18.052885 -11.670668 -0.759517 73 73 71
34.486019 -22.840542 -3.036780 73 73 71
5.629907 -3.430320 0.937641 70 75 69
9.640063 -6.359847 0.357537 70 75 69
17.660376 -12.218901 -0.802671 70 75 69
33.701000 -23.937008 -3.123087 70 75 69
5.524374 -3.567590 0.927251 72 76 75
9.428996 -6.634386 0.336758 72 76 75
17.238241 -12.767979 -0.844230 72 76 75
32.856731 -25.035164 -3.206205 72 76 75
5.411347 -3.704434 0.917341 75 76 71
9.202943 -6.908075 0.316937 75 76 71
16.786135 -13.315357 -0.883871 75 76 71
31.952518 -26.129921 -3.285487 75 76 71
5.290823 -3.840170 0.907993 71 75 74
8.961895 -7.179546 0.298240 71 75 74
16.304039 -13.858298 -0.921265 71 75 74
30.988327 -27.215803 -3.360274 71 75 74
5.162888 -3.974076 0.899287 74 76 71
8.706024 -7.447359 0.280829 74 76 71
15.792297 -14.393925 -0.956086 74 76 71
29.964844 -28.287056 -3.429918 74 76 71
5.027727 -4.105412 0.891303 78 79 74
8.435703 -7.710030 0.264861 78 79 74
15.251656 -14.919266 -0.988023 78 79 74
28.883560 -29.337738 -3.493790 78 79 74
4.885630 -4.233426 0.884113 78 79 74
8.151509 -7.966058 0.250482 78 79 74
14.683268 -15.431322 -1.016782 78 79 74
27.746784 -30.361851 -3.551309 78 79 74
4.736992 -4.357379 0.877784 73 74 68
7.854234 -8.213965 0.237823 73 74 68
14.088717 -15.927137 -1.042100 73 74 68
26.557682 -31.353481 -3.601945 73 74 68
4.582311 -4.476561 0.872371 73 72 68
7.544871 -8.452329 0.226998 73 72 68
13.469992 -16.403864 -1.063750 73 72 68
25.320232 -32.306934 -3.645245 73 72 68
4.422180 -4.590307 0.867921 68 67 62
7.224610 -8.679820 0.218098 68 67 62
12.829469 -16.858847 -1.081550 68 67 62
24.039186 -33.216900 -3.680844 68 67 62
4.257280 -4.698015 0.864467 64 63 58
6.894810 -8.895236 0.211188 64 63 58
12.169869 -17.289679 -1.095368 64 63 58
22.719988 -34.078564 -3.708481 64 63 58
4.088363 -4.799164 0.862027 55 56 50
6.556975 -9.097534 0.206309 55 56 50
11.494200 -17.694275 -1.105127 55 56 50
21.368649 -34.887756 -3.727998 55 56 50
3.916235 -4.893325 0.860608 44 45 40
6.212719 -9.285856 0.203470 44 45 40
10.805687 -18.070919 -1.110804 44 45 40
19.991623 -35.641045 -3.739353 44 45 40
3.741738 -4.980169 0.860199 19 24 18
5.863726 -9.459544 0.202654 19 24 18
10.107700 -18.418295 -1.112437 19 24 18
18.595650 -36.335796 -3.742620 19 24 18
3.565732 -5.059472 0.860780 18 23 17
5.511712 -9.618151 0.203815 18 23 17
9.403673 -18.735508 -1.110115 18 23 17
17.187595 -36.970222 -3.737974 18 23 17
3.389068 -5.131121 0.862315 53 52 48
5.158385 -9.761448 0.206884 53 52 48
8.697020 -19.022102 -1.103977 53 52 48
15.774288 -37.543411 -3.725699 53 52 48
3.212578 -5.195099 0.864757 66 65 61
4.805406 -9.889405 0.211769 66 65 61
7.991061 -19.278017 -1.094207 66 65 61
14.362370 -38.055241 -3.706158 66 65 61
3.037052 -5.251494 0.868052 72 73 67
4.454352 -10.002194 0.218359 72 73 67
7.288954 -19.503595 -1.081027 72 73 67
12.958158 -38.506397 -3.679798 72 73 67
2.863225 -5.300477 0.872137 43 42 38
4.106699 -10.100161 0.226529 43 42 38
6.593647 -19.699528 -1.064688 43 42 38
11.567543 -38.898262 -3.647120 43 42 38
2.691767 -5.342297 0.876944 76 75 70
3.763782 -10.183801 0.236142 76 75 70
5.907814 -19.866808 -1.045460 76 75 70
10.195876 -39.232822 -3.608665 76 75 70
2.523274 -5.377266 0.882401 23 30 38
3.426796 -10.253738 0.247056 23 30 38
5.233842 -20.006683 -1.023633 23 30 38
8.847933 -39.512573 -3.565011 23 30 38
2.358264 -5.405747 0.888434 53 55 57
3.096776 -10.310700 0.259124 53 55 57
4.573802 -20.120607 -0.999497 53 55 57
7.527853 -39.740421 -3.516739 53 55 57
2.197176 -5.428139 0.894973 38 46 48
2.774601 -10.355485 0.272201 38 46 48
3.929450 -20.210176 -0.973344 38 46 48
6.239149 -39.919559 -3.464433 38 46 48
2.040368 -5.444868 0.901944 33 38 42
2.460985 -10.388943 0.286143 33 38 42
3.302219 -20.277092 -0.945458 33 38 42
4.984687 -40.053391 -3.408662 33 38 42
1.888125 -5.456370 0.909280 35 40 44
2.156499 -10.411947 0.300814 35 40 44
2.693247 -20.323101 -0.916116 35 40 44
3.766743 -40.145409 -3.349978 35 40 44
1.740658 -5.463089 0.916914 9 15 15
1.861566 -10.425385 0.316084 9 15 15
2.103381 -20.349977 -0.885578 9 15 15
2.587010 -40.199162 -3.288900 9 15 15
6.097925 -2.619479 0.841632 59 63 62
10.576099 -4.738165 0.165518 59 63 62
19.532448 -8.975536 -1.186708 59 63 62
37.445145 -17.450279 -3.891161 59 63 62
6.033084 -2.747036 0.827174 61 63 60
10.446417 -4.993279 0.136603 61 63 60
19.273083 -9.485765 -1.244538 61 63 60
36.926414 -18.470737 -4.006821 61 63 60
5.962155 -2.877053 0.812818 64 66 65
10.304559 -5.253312 0.107890 64 66 65
18.989367 -10.005830 -1.301965 64 66 65
36.358982 -19.510866 -4.121675 64 66 65
5.884819 -3.009196 0.798638 61 65 64
10.149886 -5.517599 0.079531 61 65 64
18.680021 -10.534405 -1.358684 61 65 64
35.740292 -20.568016 -4.235112 61 65 64
5.800784 -3.143074 0.784718 62 66 65
9.981816 -5.785354 0.051691 62 66 65
18.343882 -11.069914 -1.414362 62 66 65
35.068012 -21.639034 -4.346469 62 66 65
5.709792 -3.278231 0.771148 68 68 66
9.799833 -6.055669 0.024552 68 68 66
17.979916 -11.610544 -1.468642 68 68 66
34.340080 -22.720295 -4.455029 68 68 66
5.611638 -3.414154 0.758023 66 67 62
9.603524 -6.327514 -0.001698 66 67 62
17.587297 -12.154234 -1.521142 66 67 62
33.554844 -23.807674 -4.560029 66 67 62
5.506169 -3.550269 0.745443 70 71 66
9.392588 -6.599745 -0.026860 70 71 66
17.165424 -12.698696 -1.571465 70 71 66
32.711098 -24.896599 -4.660674 70 71 66
5.393309 -3.685952 0.733509 73 74 69
9.166866 -6.871111 -0.050728 73 74 69
16.713982 -13.241428 -1.619201 73 74 69
31.808212 -25.982063 -4.756146 73 74 69
5.273056 -3.820532 0.722324 69 70 65
8.926361 -7.140271 -0.073098 69 70 65
16.232971 -13.779749 -1.663941 69 70 65
30.846191 -27.058704 -4.845627 69 70 65
5.145503 -3.953305 0.711989 71 72 67
8.671255 -7.405816 -0.093768 71 72 67
15.722758 -14.310839 -1.705281 71 72 67
29.825766 -28.120884 -4.928307 71 72 67
5.010836 -4.083542 0.702600 83 84 79
8.401920 -7.666290 -0.112544 83 84 79
15.184089 -14.831787 -1.742833 83 84 79
28.748426 -29.162781 -5.003411 83 84 79
4.869343 -4.210511 0.694249 74 75 70
8.118936 -7.920229 -0.129248 74 75 70
14.618120 -15.339664 -1.776241 74 75 70
27.616489 -30.178535 -5.070227 74 75 70
4.721417 -4.333488 0.687013 79 80 75
7.823084 -8.166183 -0.143718 79 80 75
14.026417 -15.831572 -1.805182 79 80 75
26.433083 -31.162350 -5.128109 79 80 75
4.567551 -4.451777 0.680963 81 80 75
7.515351 -8.402761 -0.155819 81 80 75
13.410952 -16.304729 -1.829384 81 80 75
25.202152 -32.108665 -5.176513 81 80 75
4.408327 -4.564728 0.676151 82 83 77
7.196903 -8.628662 -0.165443 82 83 77
12.774055 -16.756531 -1.848631 82 83 77
23.928358 -33.012268 -5.215008 82 83 77
4.244415 -4.671751 0.672615 84 85 79
6.869080 -8.842709 -0.172515 84 85 79
12.118408 -17.184624 -1.862775 84 85 79
22.617065 -33.868454 -5.243296 84 85 79
4.076554 -4.772336 0.670376 82 83 77
6.533358 -9.043880 -0.176994 82 83 77
11.446964 -17.586966 -1.871733 82 83 77
21.274178 -34.673138 -5.261211 82 83 77
3.905536 -4.866061 0.669436 79 80 74
6.191320 -9.231328 -0.178874 79 80 74
10.762890 -17.961863 -1.875493 79 80 74
19.906029 -35.422932 -5.268731 79 80 74
3.732186 -4.952599 0.669779 83 84 78
5.844620 -9.404405 -0.178186 83 84 78
10.069489 -18.308016 -1.874118 83 84 78
18.519228 -36.115238 -5.265981 83 84 78
3.557346 -5.031730 0.671375 86 85 80
5.494942 -9.562666 -0.174995 86 85 80
9.370132 -18.624538 -1.867734 86 85 80
17.120514 -36.748283 -5.253214 86 85 80
3.381855 -5.103334 0.674176 85 84 79
5.143958 -9.705875 -0.169394 85 84 79
8.668165 -18.910957 -1.856533 85 84 79
15.716578 -37.321121 -5.230810 85 84 79
3.206526 -5.167395 0.678119 84 83 78
4.793301 -9.833997 -0.161507 84 83 78
7.966851 -19.167200 -1.840758 84 83 78
14.313951 -37.833607 -5.199262 84 83 78
3.032136 -5.223990 0.683133 85 85 77
4.444521 -9.947187 -0.151479 85 85 77
7.269291 -19.393581 -1.820703 85 85 77
12.918832 -38.286369 -5.159150 85 85 77
2.859409 -5.273283 0.689136 86 85 80
4.099067 -10.045773 -0.139474 86 85 80
6.578382 -19.590752 -1.796693 86 85 80
11.537014 -38.680710 -5.111131 86 85 80
2.689003 -5.315510 0.696038 79 79 71
3.758254 -10.130227 -0.125668 79 79 71
5.896757 -19.759661 -1.769081 79 79 71
10.173763 -39.018528 -5.055908 79 79 71
2.521506 -5.350974 0.703750 65 64 59
3.423261 -10.201155 -0.110246 65 64 59
5.226771 -19.901516 -1.738237 65 64 59
8.833792 -39.302238 -4.994219 65 64 59
2.357430 -5.380024 0.712175 28 30 25
3.095109 -10.259254 -0.093395 28 30 25
4.570467 -20.017715 -1.704535 28 30 25
7.521183 -39.534637 -4.926815 28 30 25
2.197210 -5.403047 0.721221 69 35 26
2.774668 -10.305301 -0.075303 69 35 26
3.929585 -20.109808 -1.668350 69 35 26
6.239420 -39.718822 -4.854445 69 35 26
2.041200 -5.420457 0.730797 42 45 37
2.462650 -10.340121 -0.056151 42 45 37
3.305549 -20.179449 -1.630046 42 45 37
4.991346 -39.858105 -4.777838 42 45 37
1.889686 -5.432681 0.740815 58 43 36
2.159621 -10.364569 -0.036115 58 43 36
2.699491 -20.228344 -1.589974 58 43 36
3.779232 -39.955894 -4.697694 58 43 36
1.742878 -5.440150 0.751192 6 11 7
1.866006 -10.379506 -0.015360 6 11 7
2.112260 -20.258219 -1.548465 6 11 7
2.604770 -40.015644 -4.614676 6 11 7
6.076241 -2.607366 0.679863 60 64 63
10.532732 -4.713938 -0.158020 60 64 63
19.445713 -8.927083 -1.833784 60 64 63
37.271675 -17.353373 -5.185313 60 64 63
6.010961 -2.733791 0.662760 59 63 62
10.402170 -4.966788 -0.192224 59 63 62
19.184589 -9.432782 -1.902193 59 63 62
36.749428 -18.364771 -5.322132 59 63 62
5.939652 -2.862612 0.645812 62 61 59
10.259553 -5.224431 -0.226122 62 61 59
18.899355 -9.948068 -1.969989 62 61 59
36.178959 -19.395342 -5.457722 62 61 59
5.862006 -2.993502 0.629108 61 63 62
10.104261 -5.486211 -0.259529 61 63 62
18.588772 -10.471628 -2.036802 61 63 62
35.557793 -20.442463 -5.591349 61 63 62
5.777742 -3.126073 0.612751 64 64 62
9.935733 -5.751353 -0.292243 64 64 62
18.251715 -11.001912 -2.102231 64 64 62
34.883678 -21.503031 -5.722207 64 64 62
5.686616 -3.259880 0.596847 66 66 64
9.753481 -6.018967 -0.324050 66 66 64
17.887211 -11.537140 -2.165845 66 66 64
34.154671 -22.573486 -5.849436 66 66 64
5.588429 -3.394417 0.581511 67 69 66
9.557108 -6.288040 -0.354722 67 69 66
17.494465 -12.075287 -2.227189 67 69 66
33.369179 -23.649780 -5.972123 67 69 66
5.483044 -3.529124 0.566862 70 72 67
9.346337 -6.557455 -0.384022 70 72 67
17.072924 -12.614116 -2.285789 70 72 67
32.526096 -24.727438 -6.089322 70 72 67
5.370389 -3.663391 0.553019 69 70 65
9.121027 -6.825988 -0.411707 69 70 65
16.622303 -13.151182 -2.341158 69 70 65
31.624855 -25.801571 -6.200062 69 70 65
5.250472 -3.796562 0.540106 75 76 71
8.881192 -7.092330 -0.437534 75 76 71
16.142633 -13.683867 -2.392813 75 76 71
30.665516 -26.866940 -6.303371 75 76 71
5.123388 -3.927951 0.528239 68 70 65
8.627026 -7.355108 -0.461266 68 70 65
15.634299 -14.209422 -2.440278 68 70 65
29.648848 -27.918051 -6.398301 68 70 65
4.989327 -4.056849 0.517534 68 69 64
8.358904 -7.612904 -0.482677 68 69 64
15.098058 -14.725014 -2.483099 68 69 64
28.576365 -28.949234 -6.483942 68 69 64
4.848579 -4.182543 0.508095 80 81 76
8.077407 -7.864292 -0.501556 80 81 76
14.535063 -15.227790 -2.520857 80 81 76
27.450375 -29.954786 -6.559459 80 81 76
4.701529 -4.304327 0.500013 82 83 78
7.783306 -8.107862 -0.517718 82 83 78
13.946860 -15.714930 -2.553181 82 83 78
26.273970 -30.929066 -6.624107 82 83 78
4.548661 -4.421525 0.493369 80 81 76
7.477571 -8.342257 -0.531007 80 81 76
13.335391 -16.183722 -2.579759 80 81 76
25.051031 -31.866650 -6.677263 80 81 76
4.390550 -4.533504 0.488222 78 79 74
7.161348 -8.566216 -0.541300 78 79 74
12.702946 -16.631638 -2.600346 78 79 74
23.786140 -32.762482 -6.718436 78 79 74
4.227851 -4.639689 0.484616 74 75 69
6.835952 -8.778584 -0.548514 74 75 69
12.052153 -17.056376 -2.614773 74 75 69
22.484554 -33.611958 -6.747291 74 75 69
4.061286 -4.739581 0.482570 75 76 71
6.502822 -8.978368 -0.552606 75 76 71
11.385893 -17.455942 -2.622957 75 76 71
21.152035 -34.411091 -6.763659 75 76 71
3.891630 -4.832765 0.482085 75 74 69
6.163509 -9.164736 -0.553576 75 74 69
10.707267 -17.828678 -2.624896 75 74 69
19.794783 -35.156563 -6.767537 75 74 69
3.719687 -4.918922 0.483140 82 83 78
5.819624 -9.337050 -0.551465 82 83 78
10.019497 -18.173307 -2.620674 82 83 78
18.419243 -35.845821 -6.759093 82 83 78
3.546283 -4.997831 0.485695 83 82 77
5.472814 -9.494868 -0.546354 83 82 77
9.325877 -18.488943 -2.610453 83 82 77
17.032003 -36.477093 -6.738651 83 82 77
3.372232 -5.069373 0.489691 103 103 95
5.124713 -9.637952 -0.538363 103 103 95
8.629675 -18.775110 -2.594471 103 103 95
15.639599 -37.049427 -6.706687 103 103 95
3.198333 -5.133522 0.495052 79 80 75
4.776915 -9.766251 -0.527641 79 80 75
7.934078 -19.031708 -2.573026 79 80 75
14.248405 -37.562622 -6.663797 79 80 75
3.025343 -5.190350 0.501690 78 79 73
4.430936 -9.879906 -0.514365 78 79 73
7.242121 -19.259018 -2.546475 78 79 73
12.864491 -38.017242 -6.610696 78 79 73
2.853973 -5.240007 0.509506 78 79 73
4.088195 -9.979221 -0.498734 78 79 73
6.556638 -19.457649 -2.515213 78 79 73
11.493526 -38.414505 -6.548170 78 79 73
2.684867 -5.282720 0.518392 88 87 82
3.749983 -10.064647 -0.480960 88 87 82
5.880214 -19.628500 -2.479666 88 87 82
10.140677 -38.756207 -6.477076 88 87 82
2.518603 -5.318775 0.528240 80 81 75
3.417455 -10.136756 -0.461266 80 81 75
5.215159 -19.772718 -2.440277 80 81 75
8.810568 -39.044643 -6.398298 80 81 75
2.355685 -5.348507 0.538934 74 75 69
3.091620 -10.196220 -0.439878 74 75 69
4.563489 -19.891647 -2.397501 74 75 69
7.507227 -39.282501 -6.312747 74 75 69
2.196543 -5.372290 0.550362 73 37 23
2.773335 -10.243787 -0.417020 73 37 23
3.926919 -19.986780 -2.351786 73 37 23
6.234087 -39.472767 -6.221317 73 37 23
2.041528 -5.390522 0.562416 66 67 62
2.463305 -10.280252 -0.392913 66 67 62
3.306859 -20.059710 -2.303570 66 67 62
4.993967 -39.618626 -6.124886 66 67 62
1.890923 -5.403617 0.574990 28 23 17
2.162095 -10.306440 -0.367765 28 23 17
2.704439 -20.112087 -2.253275 28 23 17
3.789127 -39.723381 -6.024295 28 23 17
1.744940 -5.411992 0.587984 15 16 10
1.870130 -10.323191 -0.341777 15 16 10
2.120508 -20.145588 -2.201298 15 16 10
2.621266 -39.790382 -5.920342 15 16 10
6.050126 -2.593179 0.520897 55 59 58
10.480500 -4.685565 -0.475952 55 59 58
19.341249 -8.870336 -2.469648 55 59 58
37.062748 -17.239878 -6.457041 55 59 58
5.984334 -2.718279 0.501296 55 60 54
10.348917 -4.935765 -0.515152 55 60 54
19.078083 -9.370736 -2.548049 55 60 54
36.536415 -18.240679 -6.613844 55 60 54
5.912586 -2.845704 0.481905 59 61 56
10.205421 -5.190615 -0.553936 59 61 56
18.791092 -9.880436 -2.625617 59 61 56
35.962433 -19.260078 -6.768978 59 61 56
5.834583 -2.975129 0.462828 62 64 61
10.049416 -5.449465 -0.592088 62 64 61
18.479080 -10.398137 -2.701921 62 64 61
35.338409 -20.295481 -6.921588 62 64 61
5.750060 -3.106175 0.444184 61 63 60
9.880368 -5.711557 -0.629377 61 63 60
18.140985 -10.922321 -2.776498 61 63 60
34.662220 -21.343849 -7.070742 61 63 60
5.658783 -3.238406 0.426096 63 68 64
9.697815 -5.976018 -0.665554 63 68 64
17.775879 -11.451243 -2.848852 63 68 64
33.932007 -22.401693 -7.215449 63 68 64
5.560568 -3.371327 0.408695 61 66 60
9.501386 -6.241860 -0.700356 61 66 60
17.383020 -11.982927 -2.918456 61 66 60
33.146290 -23.465061 -7.354657 61 66 60
5.455288 -3.504393 0.392116 63 65 64
9.290826 -6.507993 -0.733513 63 65 64
16.961901 -12.515192 -2.984770 63 65 64
32.304050 -24.529591 -7.487286 63 65 64
5.342882 -3.637009 0.376499 65 70 64
9.066013 -6.773225 -0.764748 65 70 64
16.512276 -13.045656 -3.047240 65 70 64
31.404800 -25.590519 -7.612226 65 70 64
5.223367 -3.768540 0.361980 66 68 63
8.826982 -7.036286 -0.793784 66 68 63
16.034214 -13.571779 -3.105313 66 68 63
30.448675 -26.642765 -7.728372 66 68 63
5.096840 -3.898318 0.348696 70 71 66
8.573930 -7.295842 -0.820352 70 71 66
15.528109 -14.090890 -3.158449 70 71 66
29.436466 -27.680986 -7.834643 70 71 66
4.963498 -4.025657 0.336774 62 64 59
8.307245 -7.550520 -0.844197 62 64 59
14.994739 -14.600247 -3.206140 62 64 59
28.369726 -28.699701 -7.930024 62 64 59
4.823625 -4.149866 0.326331 72 73 68
8.027498 -7.798938 -0.865083 72 73 68
14.435246 -15.097082 -3.247910 72 73 68
27.250742 -29.693371 -8.013566 72 73 68
4.677604 -4.270261 0.317472 63 64 59
7.735456 -8.039728 -0.882801 63 64 59
13.851162 -15.578662 -3.283346 63 64 59
26.082573 -30.656530 -8.084437 63 64 59
4.525910 -4.386187 0.310284 78 79 74
7.432069 -8.271580 -0.897177 78 79 74
13.244387 -16.042366 -3.312099 78 79 74
24.869022 -31.583937 -8.141944 78 79 74
4.369105 -4.497029 0.304834 72 73 67
7.118459 -8.493265 -0.908078 72 73 67
12.617167 -16.485737 -3.333901 72 73 67
23.614582 -32.470680 -8.185547 72 73 67
4.207828 -4.602232 0.301167 75 76 71
6.795905 -8.703670 -0.915412 75 76 71
11.972059 -16.906546 -3.348568 75 76 71
22.324368 -33.312298 -8.214882 75 76 71
4.042782 -4.701308 0.299306 75 76 71
6.465814 -8.901822 -0.919134 75 76 71
11.311876 -17.302851 -3.356013 75 76 71
21.004002 -34.104908 -8.229771 75 76 71
3.874722 -4.793854 0.299247 93 90 85
6.129692 -9.086915 -0.919250 93 90 85
10.639633 -17.673037 -3.356246 93 90 85
19.659515 -34.845280 -8.230236 93 90 85
3.704430 -4.879556 0.300967 98 97 92
5.789108 -9.258319 -0.915812 98 97 92
9.958466 -18.015844 -3.349368 98 97 92
18.297180 -35.530895 -8.216481 98 97 92
3.532706 -4.958196 0.304415 72 73 67
5.445661 -9.415598 -0.908914 72 73 67
9.271571 -18.330402 -3.335574 72 73 67
16.923391 -36.160011 -8.188892 72 73 67
3.360346 -5.029649 0.309524 81 82 77
5.100940 -9.558505 -0.898697 81 82 77
8.582129 -18.616217 -3.315140 81 82 77
15.544508 -36.731640 -8.148025 81 82 77
3.188125 -5.093887 0.316205 76 77 71
4.756498 -9.686980 -0.885335 76 77 71
7.893245 -18.873167 -3.288415 76 77 71
14.166739 -37.245541 -8.094575 76 77 71
3.016780 -5.150969 0.324357 74 75 69
4.413810 -9.801145 -0.869032 74 75 69
7.207868 -19.101496 -3.255809 74 75 69
12.795985 -37.702198 -8.029363 74 75 69
2.847005 -5.201035 0.333864 76 77 72
4.074260 -9.901277 -0.850017 76 77 72
6.528769 -19.301760 -3.217779 76 77 72
11.437786 -38.102726 -7.953303 76 77 72
2.679430 -5.244296 0.344604 83 84 78
3.739109 -9.987799 -0.828537 83 84 78
5.858467 -19.474804 -3.174819 83 84 78
10.097183 -38.448814 -7.867382 83 84 78
2.514621 -5.281024 0.356449 83 84 78
3.409491 -10.061254 -0.804847 83 84 78
5.199230 -19.621714 -3.127439 83 84 78
8.778709 -38.742634 -7.772622 83 84 78
2.353071 -5.311536 0.369269 71 72 66
3.086391 -10.122279 -0.779207 71 72 66
4.553031 -19.743765 -3.076159 71 72 66
7.486311 -38.986736 -7.670062 71 72 66
2.195204 -5.336190 0.382934 67 69 64
2.770657 -10.171587 -0.751877 67 69 64
3.921563 -19.842381 -3.021499 67 69 64
6.223374 -39.183968 -7.560742 67 69 64
2.041368 -5.355367 0.397318 66 67 61
2.462984 -10.209940 -0.723109 66 67 61
3.306217 -19.919086 -2.963963 66 67 61
4.992684 -39.337379 -7.445670 66 67 61
1.891843 -5.369464 0.412299 63 64 59
2.163935 -10.238135 -0.693146 63 64 59
2.708118 -19.975477 -2.904038 63 64 59
3.796486 -39.450161 -7.325821 63 64 59
1.746842 -5.378886 0.427764 61 62 57
1.873933 -10.256979 -0.662218 61 62 57
2.128115 -20.013165 -2.842180 61 62 57
2.636480 -39.525536 -7.202106 61 62 57
6.019832 -2.577045 0.365156 53 59 57
10.419913 -4.653297 -0.787434 53 59 57
19.220076 -8.805800 -3.092612 53 59 57
36.820400 -17.110807 -7.702970 53 59 57
5.953473 -2.700645 0.343222 51 55 54
10.287195 -4.900496 -0.831301 51 55 54
18.954639 -9.300200 -3.180347 51 55 54
36.289528 -18.099606 -7.878440 51 55 54
5.881238 -2.826488 0.321554 56 58 55
10.142725 -5.152183 -0.874636 56 58 55
18.665699 -9.803572 -3.267018 56 58 55
35.711647 -19.106350 -8.051781 56 58 55
5.802845 -2.954258 0.300273 63 65 63
9.985939 -5.407722 -0.917198 63 65 63
18.352127 -10.314651 -3.352141 63 65 63
35.084503 -20.128508 -8.222028 63 65 63
5.718041 -3.083581 0.279510 65 67 66
9.816332 -5.666368 -0.958726 65 67 66
18.012913 -10.831944 -3.435196 65 67 66
34.406075 -21.163094 -8.388138 65 67 66
5.626609 -3.214032 0.259402 66 66 64
9.633468 -5.927270 -0.998941 66 66 64
17.647184 -11.353746 -3.515626 66 66 64
33.674618 -22.206699 -8.548998 66 66 64
5.528378 -3.345130 0.240097 63 63 61
9.437005 -6.189467 -1.037551 63 63 61
17.254259 -11.878141 -3.592847 63 63 61
32.888767 -23.255489 -8.703440 63 63 61
5.423233 -3.476346 0.221745 65 65 65
9.226714 -6.451899 -1.074254 65 65 65
16.833677 -12.403004 -3.666253 65 65 65
32.047604 -24.305214 -8.850251 65 65 65
5.311124 -3.607103 0.204500 69 70 65
9.002497 -6.713412 -1.108744 69 70 65
16.385242 -12.926030 -3.735234 69 70 65
31.150734 -25.351267 -8.988213 69 70 65
5.192076 -3.736784 0.188515 74 75 70
8.764401 -6.972775 -1.140716 74 75 70
15.909052 -13.444757 -3.799176 74 75 70
30.198353 -26.388721 -9.116097 74 75 70
5.066196 -3.864749 0.173936 77 78 73
8.512642 -7.228704 -1.169872 77 78 73
15.405532 -13.956614 -3.857490 77 78 73
29.191313 -27.412436 -9.232724 77 78 73
4.933678 -3.990332 0.160906 75 76 71
8.247604 -7.479870 -1.195932 75 76 71
14.875458 -14.458946 -3.909610 75 76 71
28.131165 -28.417099 -9.336965 75 76 71
4.794807 -4.112866 0.149553 72 73 68
7.969863 -7.724939 -1.218638 72 73 68
14.319976 -14.949084 -3.955022 72 73 68
27.020201 -29.397375 -9.427789 72 73 68
4.649960 -4.231695 0.139991 70 71 66
7.680169 -7.962596 -1.237764 70 71 66
13.740587 -15.424399 -3.993273 70 71 66
25.861423 -30.348005 -9.504291 70 71 66
4.499602 -4.346185 0.132313 76 77 72
7.379453 -8.191576 -1.253120 76 77 72
13.139154 -15.882360 -4.023985 76 77 72
24.658558 -31.263926 -9.565715 76 77 72
4.344280 -4.455743 0.126592 71 72 67
7.068810 -8.410693 -1.264561 71 72 67
12.517869 -16.320593 -4.046868 71 72 67
23.415987 -32.140392 -9.611481 71 72 67
4.184618 -4.559833 0.122877 116 115 110
6.749485 -8.618872 -1.271992 116 115 110
11.879218 -16.736950 -4.061729 116 115 110
22.138685 -32.973106 -9.641203 116 115 110
4.021296 -4.657982 0.121189 111 112 106
6.422840 -8.815170 -1.275367 111 112 106
11.225929 -17.129547 -4.068478 111 112 106
20.832108 -33.758301 -9.654701 111 112 106
3.855044 -4.749798 0.121526 78 79 73
6.090337 -8.998802 -1.274693 78 79 73
10.560923 -17.496811 -4.067132 78 79 73
19.502094 -34.492828 -9.652009 78 79 73
3.686622 -4.834973 0.123856 76 77 70
5.753493 -9.169153 -1.270033 76 77 70
9.887236 -17.837513 -4.057811 76 77 70
18.154720 -35.174232 -9.633368 76 77 70
3.516805 -4.913292 0.128125 78 79 74
5.413858 -9.325790 -1.261495 78 79 74
9.207966 -18.150787 -4.040735 78 79 74
16.796181 -35.800781 -9.599216 78 79 74
3.346362 -4.984628 0.134256 73 74 69
5.072972 -9.468462 -1.249234 73 74 69
8.526194 -18.436131 -4.016213 73 74 69
15.432636 -36.371468 -9.550171 73 74 69
3.176044 -5.048946 0.142149 76 77 71
4.732338 -9.597098 -1.233447 76 77 71
7.844924 -18.693403 -3.984639 76 77 71
14.070098 -36.886013 -9.487023 76 77 71
3.006569 -5.106294 0.151692 100 99 94
4.393387 -9.711794 -1.214362 100 99 94
7.167023 -18.922794 -3.946468 100 99 94
12.714294 -37.344795 -9.410682 100 99 94
2.838608 -5.156799 0.162756 77 78 72
4.057465 -9.812805 -1.192234 77 78 72
6.495179 -19.124817 -3.902212 77 78 72
11.370606 -37.748840 -9.322169 77 78 72
2.672775 -5.200657 0.175204 66 67 61
3.725800 -9.900521 -1.167337 66 67 61
5.831848 -19.300249 -3.852419 66 67 61
10.043945 -38.099705 -9.222583 66 67 61
2.509623 -5.238122 0.188894 65 66 61
3.399495 -9.975451 -1.139957 65 66 61
5.179240 -19.450108 -3.797659 65 66 61
8.738729 -38.399422 -9.113063 65 66 61
2.349635 -5.269494 0.203681 66 68 65
3.079519 -10.038194 -1.110384 66 68 65
4.539287 -19.575594 -3.738513 66 68 65
7.458823 -38.650394 -8.994771 66 68 65
2.193226 -5.295110 0.219419 59 25 15
2.766701 -10.089427 -1.078907 59 25 15
3.913651 -19.678061 -3.675560 59 25 15
6.207551 -38.855328 -8.868865 59 25 15
2.040740 -5.315335 0.235968 60 61 56
2.461729 -10.129877 -1.045810 60 61 56
3.303706 -19.758961 -3.609365 60 61 56
4.987662 -39.017128 -8.736475 60 61 56
1.892455 -5.330549 0.253191 55 57 52
2.165159 -10.160304 -1.011363 55 57 52
2.710567 -19.819815 -3.540472 55 57 52
3.801383 -39.138836 -8.598688 55 57 52
1.748584 -5.341137 0.270960 53 56 49
1.877416 -10.181481 -0.975824 53 56 49
2.135082 -19.862169 -3.469394 53 56 49
2.650413 -39.223545 -8.456532 53 56 49
5.985645 -2.559103 0.213012 49 53 52
10.351540 -4.617413 -1.091720 49 53 52
19.083328 -8.734033 -3.701186 49 53 52
36.546906 -16.967272 -8.920116 49 53 52
5.918674 -2.681044 0.188924 50 52 49
10.217598 -4.861294 -1.139897 50 52 49
18.815445 -9.221794 -3.797539 50 52 49
36.011139 -17.942795 -9.112823 50 52 49
5.845920 -2.805141 0.165161 52 57 53
10.072088 -5.109488 -1.187423 52 57 53
18.524426 -9.718184 -3.892591 52 57 53
35.429100 -18.935574 -9.302928 52 57 53
5.767114 -2.931083 0.141857 50 55 49
9.914477 -5.361373 -1.234032 50 55 49
18.209204 -10.221953 -3.985809 50 55 49
34.798656 -19.943113 -9.489363 50 55 49
5.682021 -3.058508 0.119154 54 59 53
9.744291 -5.616222 -1.279437 54 59 53
17.868832 -10.731650 -4.076619 54 59 53
34.117912 -20.962507 -9.670982 54 59 53
5.590439 -3.186999 0.097205 57 57 55
9.561128 -5.873205 -1.323335 57 57 55
17.502504 -11.245617 -4.164414 57 57 55
33.385258 -21.990440 -9.846574 57 57 55
5.492211 -3.316092 0.076169 58 59 54
9.364672 -6.131392 -1.365407 58 59 54
17.109592 -11.761990 -4.248558 58 59 54
32.599434 -23.023186 -10.014861 58 59 54
5.387237 -3.445274 0.056211 57 62 56
9.154723 -6.389754 -1.405324 57 62 56
16.689695 -12.278715 -4.328393 57 62 56
31.759640 -24.056637 -10.174530 57 62 56
5.275478 -3.573987 0.037495 64 65 60
8.931205 -6.647181 -1.442755 64 65 60
16.242659 -12.793569 -4.403255 64 65 60
30.865566 -25.086344 -10.324256 64 65 60
5.156967 -3.701639 0.020187 64 69 63
8.694183 -6.902485 -1.477370 64 69 63
15.768617 -13.304177 -4.472486 64 69 63
29.917482 -26.107561 -10.462716 64 69 63
5.031819 -3.827612 0.004447 66 71 65
8.443888 -7.154430 -1.508851 66 71 65
15.268024 -13.808067 -4.535447 66 71 65
28.916298 -27.115341 -10.588639 66 71 65
4.900229 -3.951266 -0.009575 73 74 69
8.180706 -7.401739 -1.536894 73 74 69
14.741662 -14.302684 -4.591533 73 74 69
27.863573 -28.104574 -10.700811 73 74 69
4.762479 -4.071962 -0.021740 69 70 65
7.905207 -7.643131 -1.561225 69 70 65
14.190662 -14.785469 -4.640195 69 70 65
26.761574 -29.070145 -10.798135 69 70 65
4.618940 -4.189069 -0.031928 104 105 99
7.618129 -7.877344 -1.581601 104 105 99
13.616508 -15.253895 -4.680948 104 105 99
25.613264 -30.006996 -10.879641 104 105 99
4.470067 -4.301979 -0.040039 107 106 101
7.320383 -8.103164 -1.597823 107 106 101
13.021015 -15.705534 -4.713391 107 106 101
24.422279 -30.910275 -10.944528 107 106 101
4.316392 -4.410122 -0.045996 79 80 74
7.013032 -8.319450 -1.609736 79 80 74
12.406314 -16.138107 -4.737218 79 80 74
23.192877 -31.775419 -10.992181 79 80 74
4.158516 -4.512980 -0.049748 79 80 75
6.697281 -8.525166 -1.617240 79 80 75
11.774811 -16.549538 -4.752226 79 80 75
21.929871 -32.598282 -11.022197 79 80 75
3.997100 -4.610099 -0.051273 72 77 71
6.374450 -8.719404 -1.620291 72 77 71
11.129148 -16.938015 -4.758326 72 77 71
20.638546 -33.375237 -11.034397 72 77 71
3.832849 -4.701098 -0.050576 109 109 101
6.045948 -8.901403 -1.618897 109 109 101
10.472144 -17.302013 -4.755540 109 109 101
19.324537 -34.103233 -11.028825 109 109 101
3.666495 -4.785679 -0.047692 121 118 109
5.713240 -9.070565 -1.613129 121 118 109
9.806728 -17.640337 -4.744003 121 118 109
17.993706 -34.779881 -11.005752 121 118 109
3.498785 -4.863626 -0.042680 76 77 72
5.377819 -9.226458 -1.603106 76 77 72
9.135887 -17.952122 -4.723956 76 77 72
16.652023 -35.403450 -10.965657 76 77 72
3.330461 -4.934811 -0.035626 70 75 68
5.041172 -9.368828 -1.588997 70 75 68
8.462592 -18.236862 -4.695738 70 75 68
15.305433 -35.972931 -10.909222 70 75 68
3.162250 -4.999191 -0.026635 74 75 69
4.704749 -9.497589 -1.571015 74 75 69
7.789748 -18.494385 -4.659776 74 75 69
13.959744 -36.487976 -10.837296 74 75 69
2.994844 -5.056808 -0.015832 69 70 64
4.369938 -9.612822 -1.549410 69 70 64
7.120124 -18.724850 -4.616565 69 70 64
12.620498 -36.948906 -10.750875 69 70 64
2.828893 -5.107769 -0.003356 72 73 67
4.038036 -9.714746 -1.524457 72 73 67
6.456321 -18.928698 -4.566659 72 73 67
11.292891 -37.356602 -10.651064 72 73 67
2.664994 -5.152258 0.010645 66 67 62
3.710237 -9.803722 -1.496454 66 67 62
5.800723 -19.106651 -4.510654 66 67 62
9.981694 -37.712509 -10.539053 66 67 62
2.503683 -5.190506 0.026016 64 64 61
3.387615 -9.880219 -1.465714 64 64 61
5.155479 -19.259645 -4.449172 64 64 61
8.691208 -38.018497 -10.416089 64 64 61
2.345432 -5.222798 0.042598 65 65 63
3.071114 -9.944803 -1.432549 65 65 63
4.522476 -19.388813 -4.382844 65 65 63
7.425201 -38.276833 -10.283433 65 65 63
2.190648 -5.249450 0.060234 58 60 55
2.761546 -9.998106 -1.397278 58 60 55
3.903340 -19.495419 -4.312300 58 60 55
6.186930 -38.490044 -10.142345 58 60 55
2.039670 -5.270806 0.078769 70 72 67
2.459588 -10.040818 -1.360207 70 72 67
3.299425 -19.580843 -4.238159 70 72 67
4.979099 -38.660892 -9.994063 70 72 67
1.892771 -5.287227 0.098055 71 74 67
2.165792 -10.073660 -1.321635 71 74 67
2.711833 -19.646526 -4.161014 71 74 67
3.803915 -38.792259 -9.839773 71 74 67
1.750166 -5.299082 0.117952 41 43 38
1.880582 -10.097370 -1.281841 41 43 38
2.141412 -19.693947 -4.081428 41 43 38
2.663074 -38.887100 -9.680600 41 43 38
1.954291 -5.175065 3.017458 132 137 140
2.791517 -9.881257 4.484021 132 137 140
4.465969 -19.293642 7.417147 132 137 140
7.814872 -38.118412 13.283398 132 137 140
1.816583 -5.189981 3.041469 146 151 154
2.516101 -9.911089 4.532042 146 151 154
3.915136 -19.353306 7.513188 146 151 154
6.713207 -38.237740 13.475481 146 151 154
1.673765 -5.201469 3.065032 171 176 180
2.230465 -9.934066 4.579168 171 176 180
3.343864 -19.399260 7.607440 171 176 180
5.570663 -38.329647 13.663985 171 176 180
1.525932 -5.209138 3.088003 196 197 201
1.934798 -9.949405 4.625111 196 197 201
2.752531 -19.429937 7.699327 196 197 201
4.387996 -38.391003 13.847757 196 197 201
1.373235 -5.212590 3.110228 182 186 189
1.629404 -9.956308 4.669559 182 186 189
2.141743 -19.443745 7.788224 182 186 189
3.166420 -38.418617 14.025552 182 186 189
1.215889 -5.211423 3.131541 182 186 189
1.314713 -9.953975 4.712185 182 186 189
1.512360 -19.439077 7.873475 182 186 189
1.907655 -38.409283 14.196054 182 186 189
1.054177 -5.205246 3.151772 180 181 185
0.991288 -9.941620 4.752647 180 181 185
0.865510 -19.414368 7.954399 180 181 185
0.613954 -38.359863 14.357902 180 181 185
0.888450 -5.193681 3.170745 167 171 172
0.659834 -9.918490 4.790594 167 171 172
0.202602 -19.368109 8.030293 167 171 172
-0.711861 -38.267345 14.509690 167 171 172
0.719133 -5.176377 3.188285 160 164 165
0.321200 -9.883883 4.825674 160 164 165
-0.474666 -19.298893 8.100451 160 164 165
-2.066397 -38.128914 14.650007 160 164 165
0.546722 -5.153019 3.204216 163 163 165
-0.023621 -9.837167 4.857536 163 163 165
-1.164307 -19.205462 8.164177 163 163 165
-3.445680 -37.942051 14.777458 163 163 165
0.371782 -5.123341 3.218371 162 166 167
-0.373501 -9.777810 4.885847 162 166 167
-1.864067 -19.086748 8.220798 162 166 167
-4.845199 -37.704624 14.890700 162 166 167
0.194942 -5.087130 3.230593 150 154 155
-0.727182 -9.705388 4.910290 150 154 155
-2.571430 -18.941904 8.269684 150 154 155
-6.259926 -37.414936 14.988472 150 154 155
0.016882 -5.044244 3.240738 153 157 158
-1.083301 -9.619616 4.930581 153 157 158
-3.283668 -18.770359 8.310266 153 157 158
-7.684401 -37.071846 15.069638 153 157 158
-0.161669 -4.994615 3.248685 167 167 167
-1.440403 -9.520358 4.946475 167 167 167
-3.997871 -18.571844 8.342054 167 167 167
-9.112807 -36.674816 15.133212 167 167 167
-0.339953 -4.938257 3.254333 187 187 187
-1.796971 -9.407641 4.957771 187 187 187
-4.711008 -18.346411 8.364647 187 187 187
-10.539081 -36.223949 15.178397 187 187 187
-0.517196 -4.875268 3.257608 229 228 224
-2.151458 -9.281663 4.964321 229 228 224
-5.419981 -18.094454 8.377747 229 228 224
-11.957028 -35.720036 15.204598 229 228 224
-0.692624 -4.805833 3.258466 251 252 247
-2.502314 -9.142794 4.966037 251 252 247
-6.121694 -17.816715 8.381179 251 252 247
-13.360453 -35.164558 15.211462 251 252 247
-0.865479 -4.730220 3.256893 219 218 214
-2.848024 -8.991569 4.962890 219 218 214
-6.813114 -17.514265 8.374885 219 218 214
-14.743293 -34.559658 15.198874 219 218 214
-1.035036 -4.648779 3.252905 206 206 206
-3.187138 -8.828687 4.954914 206 206 206
-7.491341 -17.188501 8.358932 206 206 206
-16.099747 -33.908131 15.166970 206 206 206
-1.200618 -4.561927 3.246550 207 207 207
-3.518301 -8.654983 4.942204 207 207 207
-8.153667 -16.841093 8.333512 207 207 207
-17.424400 -33.213314 15.116129 207 207 207
-1.361608 -4.470144 3.237904 202 202 202
-3.840281 -8.471416 4.924911 202 202 202
-8.797628 -16.473961 8.298927 202 202 202
-18.712322 -32.479050 15.046960 202 202 202
-1.517463 -4.373959 3.227069 204 204 204
-4.151992 -8.279045 4.903242 204 204 204
-9.421049 -16.089218 8.255589 204 204 204
-19.959164 -31.709564 14.960282 204 204 204
-1.667719 -4.273933 3.214171 214 214 214
-4.452503 -8.078995 4.877447 214 214 214
-10.022072 -15.689118 8.203998 214 214 214
-21.161209 -30.909365 14.857100 214 214 214
-1.811995 -4.170654 3.199355 218 218 218
-4.741055 -7.872437 4.847814 218 218 218
-10.599176 -15.276001 8.144732 218 218 218
-22.315418 -30.083130 14.738566 218 218 218
-1.949999 -4.064714 3.182778 214 214 214
-5.017063 -7.660556 4.814661 214 214 214
-11.151191 -14.852240 8.078425 214 214 214
-23.419447 -29.235607 14.605955 214 214 214
-2.081521 -3.956703 3.164612 227 225 226
-5.280108 -7.444534 4.778329 227 225 226
-11.677281 -14.420197 8.005762 227 225 226
-24.471628 -28.371521 14.460628 227 225 226
-2.206437 -3.847195 3.145031 224 224 224
-5.529940 -7.225518 4.739166 224 224 224
-12.176945 -13.982164 7.927436 224 224 224
-25.470955 -27.495457 14.303977 224 224 224
-2.324696 -3.736739 3.124213 193 197 200
-5.766457 -7.004605 4.697530 193 197 200
-12.649979 -13.540339 7.844163 193 197 200
-26.417023 -26.611805 14.137431 193 197 200
-2.436317 -3.625851 3.102334 195 199 198
-5.989700 -6.782829 4.653771 195 199 198
-13.096466 -13.096786 7.756648 195 199 198
-27.309998 -25.724701 13.962399 195 199 198
-2.541381 -3.515007 3.079565 207 207 205
-6.199827 -6.561142 4.608234 207 207 205
-13.516720 -12.653412 7.665573 207 207 205
-28.150505 -24.837952 13.780251 207 207 205
-2.640021 -3.404643 3.056071 214 214 214
-6.397107 -6.340414 4.561247 214 214 214
-13.911279 -12.211956 7.571599 214 214 214
-28.939623 -23.955040 13.592301 214 214 214
-2.732412 -3.295148 3.032008 184 189 192
-6.581889 -6.121423 4.513121 184 189 192
-14.280844 -11.773974 7.475345 184 189 192
-29.678753 -23.079077 13.399795 184 189 192
1.961158 -5.218040 2.867299 138 143 146
2.805250 -9.967207 4.183702 138 143 146
4.493434 -19.465542 6.816508 138 143 146
7.869802 -38.462212 12.082120 138 143 146
1.822447 -5.234516 2.889207 156 160 163
2.527829 -10.000159 4.227519 156 160 163
3.938593 -19.531446 6.904141 156 160 163
6.760121 -38.594021 12.257387 156 160 163
1.678498 -5.247539 2.910725 184 188 191
2.239931 -10.026206 4.270554 184 188 191
3.362796 -19.583540 6.990211 184 188 191
5.608526 -38.698208 12.429527 184 188 191
1.529400 -5.256701 2.931718 178 182 185
1.941734 -10.044531 4.312541 178 182 185
2.766402 -19.620190 7.074186 178 182 185
4.415739 -38.771507 12.597477 178 182 185
1.375302 -5.261585 2.952045 202 202 204
1.633538 -10.054298 4.353195 202 202 204
2.150011 -19.639725 7.155494 202 202 204
3.182956 -38.810577 12.760092 202 202 204
1.216419 -5.261769 2.971553 191 192 196
1.315773 -10.054667 4.392211 191 192 196
1.514481 -19.640461 7.233526 191 192 196
1.911897 -38.812050 12.916156 191 192 196
1.053037 -5.256841 2.990083 182 186 187
0.989008 -10.044809 4.429271 182 186 187
0.860951 -19.620747 7.307646 182 186 187
0.604837 -38.772621 13.064397 182 186 187
0.885512 -5.246399 3.007473 183 183 185
0.653960 -10.023927 4.464050 183 183 185
0.190854 -19.578981 7.377204 183 183 185
-0.735358 -38.689091 13.203512 183 183 185
0.714280 -5.230073 3.023557 157 161 162
0.311495 -9.991274 4.496218 157 161 162
-0.494076 -19.513676 7.441539 157 161 162
-2.105217 -38.558479 13.332183 157 161 162
0.539849 -5.207525 3.038172 179 179 181
-0.037367 -9.946177 4.525449 179 179 181
-1.191800 -19.423483 7.500002 179 179 181
-3.500666 -38.378094 13.449108 179 179 181
0.362800 -5.178467 3.051162 186 186 188
-0.391465 -9.888062 4.551429 186 186 188
-1.899996 -19.307253 7.551962 186 186 188
-4.917057 -38.145634 13.553029 186 186 188
0.183782 -5.142671 3.062379 193 193 193
-0.749502 -9.816470 4.573863 193 193 193
-2.616070 -19.164068 7.596831 193 193 193
-6.349205 -37.859264 13.642766 193 193 193
0.003499 -5.099980 3.071690 197 197 197
-1.110067 -9.731088 4.592484 197 197 197
-3.337199 -18.993303 7.634072 197 197 197
-7.791463 -37.517735 13.717248 197 197 197
-0.177293 -5.050313 3.078977 179 179 179
-1.471652 -9.631755 4.607059 179 179 179
-4.060370 -18.794638 7.663222 179 179 179
-9.237805 -37.120403 13.775549 179 179 179
-0.357811 -4.993679 3.084148 179 179 179
-1.832687 -9.518486 4.617400 179 179 179
-4.782440 -18.568100 7.683905 179 179 179
-10.681945 -36.667328 13.816914 179 179 179
-0.537250 -4.930174 3.087133 238 234 231
-2.191566 -9.391477 4.623371 238 234 231
-5.500197 -18.314081 7.695846 238 234 231
-12.117460 -36.159290 13.840796 238 234 231
-0.714808 -4.859987 3.087890 237 236 232
-2.546681 -9.251101 4.624885 237 236 232
-6.210427 -18.033331 7.698874 237 236 232
-13.537920 -35.597790 13.846852 237 236 232
-0.889698 -4.783395 3.086406 213 211 212
-2.896462 -9.097919 4.621916 213 211 212
-6.909989 -17.726965 7.692937 213 211 212
-14.937044 -34.985058 13.834978 213 211 212
-1.061170 -4.700760 3.082696 202 203 198
-3.239405 -8.932648 4.614497 202 203 198
-7.595876 -17.396423 7.678099 202 203 198
-16.308817 -34.323975 13.805302 202 203 198
-1.228524 -4.612519 3.076807 192 192 192
-3.574113 -8.756166 4.602718 192 192 192
-8.265292 -17.043459 7.654540 192 192 192
-17.647650 -33.618046 13.758184 192 192 192
-1.391124 -4.519171 3.068809 210 208 209
-3.899314 -8.569470 4.586722 210 208 209
-8.915694 -16.670069 7.622548 210 208 209
-18.948454 -32.871265 13.694201 210 208 209
-1.548412 -4.421271 3.058799 225 224 220
-4.213889 -8.373670 4.566702 225 224 220
-9.544844 -16.278467 7.582509 225 224 220
-20.206753 -32.088062 13.614122 225 224 220
-1.699912 -4.319407 3.046896 236 232 229
-4.516890 -8.169941 4.542896 236 232 229
-10.150846 -15.871009 7.534897 236 232 229
-21.418756 -31.273146 13.518898 236 232 229
-1.845239 -4.214191 3.033235 228 227 223
-4.807544 -7.959511 4.515574 228 227 223
-10.732153 -15.450150 7.480254 228 227 223
-22.581371 -30.431427 13.409612 228 227 223
-1.984098 -4.106246 3.017966 203 203 203
-5.085262 -7.743619 4.485037 203 203 203
-11.287590 -15.018366 7.419178 203 203 203
-23.692245 -29.567860 13.287460 203 203 203
-2.116284 -3.996185 3.001248 225 223 224
-5.349633 -7.523497 4.451600 225 223 224
-11.816331 -14.578122 7.352304 225 223 224
-24.749727 -28.687372 13.153713 225 223 224
-2.241675 -3.884606 2.983244 202 206 209
-5.600415 -7.300341 4.415592 202 206 209
-12.317896 -14.131809 7.280289 202 206 209
-25.752857 -27.794746 13.009683 202 206 209
-2.360232 -3.772082 2.964121 188 192 199
-5.837529 -7.075293 4.377346 188 192 199
-12.792124 -13.681713 7.203796 188 192 199
-26.701313 -26.894554 12.856697 188 192 199
-2.471985 -3.659148 2.944042 180 185 189
-6.061035 -6.849425 4.337189 180 185 189
-13.239136 -13.229978 7.123481 180 185 189
-27.595337 -25.991083 12.696067 180 185 189
-2.577027 -3.546299 2.923167 211 213 212
-6.271120 -6.623725 4.295438 211 213 212
-13.659306 -12.778578 7.039980 211 213 212
-28.435677 -25.088284 12.529064 211 213 212
-2.675506 -3.433981 2.901647 208 212 211
-6.468078 -6.399090 4.252398 208 212 211
-14.053222 -12.329309 6.953900 208 212 211
-29.223509 -24.189745 12.356905 208 212 211
-2.767613 -3.322598 2.879626 199 201 200
-6.652292 -6.176323 4.208357 199 201 200
-14.421650 -11.883774 6.865818 199 201 200
-29.960365 -23.298676 12.180739 199 201 200
1.967292 -5.256968 2.713329 145 149 152
2.817519 -10.045065 3.875762 145 149 152
4.517972 -19.621258 6.200627 145 149 152
7.918879 -38.773643 10.850359 145 149 152
1.827683 -5.274886 2.732949 155 159 162
2.538300 -10.080900 3.915001 155 159 162
3.959535 -19.692928 6.279107 155 159 162
6.802004 -38.916985 11.007318 155 159 162
1.682716 -5.289332 2.752232 169 173 176
2.248367 -10.109792 3.953569 169 173 176
3.379669 -19.750711 6.356242 169 173 176
5.642272 -39.032551 11.161589 169 173 176
1.532478 -5.299880 2.771060 203 203 205
1.947891 -10.130887 3.991223 203 203 205
2.778718 -19.792902 6.431551 203 203 205
4.440370 -39.116932 11.312206 203 203 205
1.377116 -5.306095 2.789300 193 193 195
1.637168 -10.143318 4.027705 193 193 195
2.157270 -19.817764 6.504515 193 193 195
3.197474 -39.166656 11.458135 193 193 195
1.216845 -5.307540 2.806818 200 200 202
1.316624 -10.146208 4.062740 200 200 202
1.516183 -19.823544 6.574584 200 200 202
1.915301 -39.178215 11.598272 200 200 202
1.051950 -5.303779 2.823467 197 197 199
0.986835 -10.138686 4.096038 197 197 199
0.856605 -19.808500 6.641180 197 197 199
0.596145 -39.148129 11.731463 197 197 199
0.882797 -5.294393 2.839099 168 172 173
0.648528 -10.119914 4.127302 168 172 173
0.179990 -19.770956 6.703708 168 172 173
-0.757086 -39.073040 11.856521 168 172 173
0.709826 -5.278988 2.853563 158 162 165
0.302586 -10.089104 4.156231 158 162 165
-0.511894 -19.709335 6.761566 158 162 165
-2.140854 -38.949799 11.972237 158 162 165
0.533558 -5.257207 2.866711 167 171 172
-0.049949 -10.045542 4.182527 167 171 172
-1.216963 -19.622211 6.814158 167 171 172
-3.550991 -38.775551 12.077420 167 171 172
0.354591 -5.228743 2.878399 161 165 166
-0.407883 -9.988613 4.205902 161 165 166
-1.932832 -19.508354 6.860909 161 165 166
-4.982728 -38.547836 12.170921 161 165 166
0.173591 -5.193350 2.888490 183 183 183
-0.769884 -9.917829 4.226085 183 183 183
-2.656832 -19.366785 6.901273 183 183 183
-6.430730 -38.264698 12.251651 183 183 183
-0.008715 -5.150858 2.896862 184 184 184
-1.134495 -9.832844 4.242829 184 184 184
-3.386056 -19.196815 6.934762 184 184 184
-7.889177 -37.924759 12.318628 184 184 184
-0.191550 -5.101175 2.903409 180 180 180
-1.500165 -9.733479 4.255923 180 180 180
-4.117394 -18.998085 6.960951 180 180 180
-9.351854 -37.527298 12.371006 180 180 180
-0.374100 -5.044303 2.908044 187 187 187
-1.865266 -9.619735 4.265192 187 187 187
-4.847598 -18.770597 6.979488 187 187 187
-10.812262 -37.072323 12.408081 187 187 187
-0.555538 -4.980337 2.910702 210 208 209
-2.228142 -9.491802 4.270509 210 208 209
-5.573350 -18.514732 6.990122 210 208 209
-12.263765 -36.560593 12.429348 210 208 209
-0.735033 -4.909470 2.911346 225 224 222
-2.587131 -9.350067 4.271797 225 224 222
-6.291327 -18.231262 6.992698 225 224 222
-13.699720 -35.993652 12.434500 225 224 222
-0.911772 -4.831985 2.909964 246 242 239
-2.940610 -9.195098 4.269032 246 242 239
-6.998286 -17.921324 6.987167 246 242 239
-15.113638 -35.373775 12.423439 246 242 239
-1.084982 -4.748257 2.906569 231 227 224
-3.287029 -9.027642 4.262243 231 227 224
-7.691124 -17.586412 6.973591 231 227 224
-16.499313 -34.703953 12.396286 231 227 224
-1.253940 -4.658741 2.901205 218 217 217
-3.624946 -8.848609 4.251514 218 217 217
-8.366958 -17.228346 6.952133 218 217 217
-17.850981 -33.987820 12.353371 218 217 217
-1.417994 -4.563955 2.893937 197 197 197
-3.953054 -8.659039 4.236979 197 197 197
-9.023174 -16.849205 6.923062 197 197 197
-19.163414 -33.229538 12.295229 197 197 197
-1.576572 -4.464478 2.884856 189 189 189
-4.270209 -8.460085 4.218815 189 189 189
-9.657484 -16.451298 6.886735 189 189 189
-20.432034 -32.433723 12.222574 189 189 189
-1.729187 -4.360922 2.874069 236 236 232
-4.575440 -8.252973 4.197242 236 236 232
-10.267946 -16.037073 6.843587 236 236 232
-21.652958 -31.605274 12.136279 236 236 232
-1.875451 -4.253926 2.861702 232 231 228
-4.867967 -8.038980 4.172508 232 231 228
-10.852999 -15.609089 6.794120 232 231 228
-22.823063 -30.749306 12.037344 232 231 228
-2.015066 -4.144135 2.847893 228 228 228
-5.147197 -7.819397 4.144889 228 228 228
-11.411459 -15.169923 6.738883 228 228 228
-23.939983 -29.870974 11.926870 228 228 228
-2.147829 -4.032188 2.832786 179 188 195
-5.412724 -7.595505 4.114677 179 188 195
-11.942513 -14.722137 6.678458 179 188 195
-25.002090 -28.975403 11.806021 179 188 195
-2.273627 -3.918707 2.816534 215 216 211
-5.664320 -7.368543 4.082171 215 216 211
-12.445705 -14.268213 6.613447 215 216 211
-26.008476 -28.067554 11.675998 215 216 211
-2.392429 -3.804285 2.799286 119 115 116
-5.901923 -7.139697 4.047676 119 115 116
-12.920911 -13.810522 6.544456 119 115 116
-26.958887 -27.152172 11.538017 119 115 116
-2.504274 -3.689473 2.781193 203 207 208
-6.125613 -6.910074 4.011490 203 207 208
-13.368292 -13.351275 6.472084 203 207 208
-27.853649 -26.233679 11.393271 203 207 208
-2.609269 -3.574783 2.762399 198 202 203
-6.335604 -6.680695 3.973903 198 202 203
-13.788274 -12.892517 6.396910 198 202 203
-28.693613 -25.316162 11.242924 198 202 203
-2.707577 -3.460677 2.743043 190 194 195
-6.532218 -6.452482 3.935190 190 194 195
-14.181502 -12.436092 6.319485 190 194 195
-29.480070 -24.403313 11.088074 190 194 195
-2.799400 -3.347566 2.723254 179 184 187
-6.715865 -6.226259 3.895612 179 184 187
-14.548795 -11.983646 6.240328 179 184 187
-30.214655 -23.498421 10.929760 179 184 187
1.972638 -5.291523 2.555901 162 166 169
2.828211 -10.114173 3.560906 162 166 169
4.539357 -19.759474 5.570917 162 166 169
7.961649 -39.050076 9.590939 162 166 169
1.832240 -5.310742 2.573059 151 155 158
2.547414 -10.152613 3.595221 151 155 158
3.977762 -19.836353 5.639547 151 155 158
6.838458 -39.203835 9.728198 151 155 158
1.686378 -5.326473 2.589932 157 161 164
2.255691 -10.184074 3.628968 157 161 164
3.394315 -19.899277 5.707040 157 161 164
5.671566 -39.329681 9.863184 157 161 164
1.535136 -5.338276 2.606415 167 171 174
1.953206 -10.207681 3.661934 167 171 174
2.789347 -19.946489 5.772973 167 171 174
4.461629 -39.424107 9.995049 167 171 174
1.378658 -5.345701 2.622393 184 184 186
1.640250 -10.222529 3.693891 184 184 186
2.163435 -19.976187 5.836886 184 184 186
3.209804 -39.483501 10.122877 184 184 186
1.217158 -5.348292 2.637745 193 193 195
1.317251 -10.227713 3.724595 193 193 195
1.517436 -19.986553 5.898294 193 193 195
1.917806 -39.504234 10.245693 193 193 195
1.050925 -5.345596 2.652343 194 194 196
0.984784 -10.222320 3.753790 194 194 196
0.852503 -19.975767 5.956684 194 194 196
0.587941 -39.482662 10.362473 194 194 196
0.880327 -5.337175 2.666054 185 185 185
0.643588 -10.205479 3.781211 185 185 185
0.170110 -19.942085 6.011527 185 185 185
-0.776845 -39.415298 10.472158 185 185 185
0.705813 -5.322616 2.678744 161 163 165
0.294560 -10.176360 3.806592 161 163 165
-0.527946 -19.883848 6.062287 161 163 165
-2.172957 -39.298824 10.573679 161 163 165
0.527915 -5.301542 2.690280 159 163 164
-0.061236 -10.134212 3.829664 159 163 164
-1.239537 -19.799553 6.108432 159 163 164
-3.596140 -39.130234 10.665969 159 163 164
0.347242 -5.273631 2.700534 168 170 172
-0.422581 -10.078390 3.850172 168 170 172
-1.962227 -19.687908 6.149448 168 170 172
-5.041519 -38.906944 10.748001 168 170 172
0.164480 -5.238619 2.709384 174 174 174
-0.788106 -10.008366 3.867873 174 174 174
-2.693278 -19.547859 6.184850 174 174 174
-6.503622 -38.626846 10.818804 174 174 174
-0.019627 -5.196322 2.716721 186 186 183
-1.156320 -9.923772 3.882547 186 186 183
-3.429705 -19.378672 6.214198 186 186 183
-7.976475 -38.288471 10.877501 186 186 183
-0.204278 -5.146640 2.722449 101 105 108
-1.525622 -9.824409 3.894003 101 105 108
-4.168310 -19.179945 6.237110 101 105 108
-9.453685 -37.891018 10.923325 101 105 108
-0.388639 -5.089568 2.726491 69 78 77
-1.894343 -9.710264 3.902086 69 78 77
-4.905751 -18.951656 6.253276 69 78 77
-10.928568 -37.434441 10.955656 69 78 77
-0.571855 -5.025199 2.728788 63 68 71
-2.260775 -9.581527 3.906681 63 68 71
-5.638615 -18.694181 6.262467 63 68 71
-12.394296 -36.919491 10.974038 63 68 71
-0.753071 -4.953728 2.729308 67 70 75
-2.623207 -9.438583 3.907720 67 70 75
-6.363479 -18.408295 6.264544 67 70 75
-13.844024 -36.347717 10.978193 67 70 75
-0.931453 -4.875448 2.728039 49 53 56
-2.979970 -9.282023 3.905182 49 53 56
-7.077006 -18.095175 6.259468 49 53 56
-15.271078 -35.721478 10.968040 49 53 56
-1.106203 -4.790743 2.724995 216 211 208
-3.329471 -9.112615 3.899094 216 211 208
-7.776007 -17.756357 6.247292 216 211 208
-16.669079 -35.043842 10.943687 216 211 208
-1.276581 -4.700084 2.720213 216 215 211
-3.670228 -8.931295 3.889530 216 215 211
-8.457521 -17.393719 6.228165 216 215 211
-18.032108 -34.318565 10.905435 216 215 211
-1.441919 -4.604009 2.713754 222 221 217
-4.000904 -8.739146 3.876613 222 221 217
-9.118874 -17.009420 6.202330 222 221 217
-19.354813 -33.549969 10.853764 222 221 217
-1.601631 -4.503115 2.705698 209 208 206
-4.320328 -8.537358 3.860501 209 208 206
-9.757721 -16.605844 6.170105 209 208 206
-20.632507 -32.742817 10.789315 209 208 206
-1.755225 -4.398039 2.696143 202 202 202
-4.627515 -8.327207 3.841391 202 202 202
-10.372095 -16.185541 6.131886 202 202 202
-21.861256 -31.902210 10.712875 202 202 202
-1.902304 -4.289443 2.685202 178 186 201
-4.921674 -8.110013 3.819508 178 186 201
-10.960413 -15.751154 6.088120 178 186 201
-23.037891 -31.033436 10.625344 178 186 201
-2.042572 -4.177993 2.672997 180 189 197
-5.202210 -7.887113 3.795097 180 189 197
-11.521486 -15.305354 6.039299 180 189 197
-24.160038 -30.141836 10.527701 180 189 197
-2.175831 -4.064353 2.659658 198 198 198
-5.468727 -7.659833 3.768421 198 198 198
-12.054520 -14.850795 5.985946 198 198 198
-25.226105 -29.232718 10.420996 198 198 198
-2.301970 -3.949164 2.645321 133 133 135
-5.721006 -7.429456 3.739746 133 133 135
-12.559077 -14.390039 5.928596 133 133 135
-26.235220 -28.311207 10.306297 133 133 135
-2.420967 -3.833037 2.630120 151 143 139
-5.958999 -7.197202 3.709343 151 143 139
-13.035063 -13.925531 5.867791 151 143 139
-27.187191 -27.382191 10.184687 151 143 139
-2.532872 -3.716543 2.614187 177 181 180
-6.182810 -6.964213 3.677479 177 181 180
-13.482686 -13.459555 5.804062 177 181 180
-28.082438 -26.450237 10.057228 177 181 180
-2.637805 -3.600205 2.597652 185 189 188
-6.392676 -6.731538 3.644409 185 189 188
-13.902417 -12.994204 5.737923 185 189 188
-28.921900 -25.519535 9.924950 185 189 188
-2.735938 -3.484497 2.580637 193 197 196
-6.588942 -6.500123 3.610379 193 197 196
-14.294950 -12.531373 5.669862 193 197 196
-29.706964 -24.593874 9.788829 193 197 196
-2.827489 -3.369841 2.563256 183 189 189
-6.772043 -6.270810 3.575617 183 189 189
-14.661151 -12.072747 5.600338 183 189 189
-30.439367 -23.676622 9.649780 183 189 189
1.977145 -5.321402 2.395417 162 165 170
2.837225 -10.173931 3.239938 162 165 170
4.557385 -19.878990 4.928981 162 165 170
7.997705 -39.289108 8.307066 162 165 170
1.836072 -5.341761 2.409955 165 169 172
2.555079 -10.214650 3.269013 165 169 172
3.993092 -19.960428 4.987131 165 169 172
6.869118 -39.451984 8.423367 165 169 172
1.689445 -5.358619 2.424257 173 177 178
2.261824 -10.248365 3.297619 173 177 178
3.406583 -20.027859 5.044342 173 177 178
5.696100 -39.586845 8.537788 173 177 178
1.537342 -5.371524 2.438235 174 178 179
1.957619 -10.274176 3.325574 174 178 179
2.798172 -20.079479 5.100253 174 178 179
4.479279 -39.690086 8.649611 174 178 179
1.379907 -5.380013 2.451790 169 173 174
1.642748 -10.291153 3.352684 169 173 174
2.168431 -20.113434 5.154473 169 173 174
3.219796 -39.757996 8.758051 169 173 174
1.217352 -5.383614 2.464818 182 182 184
1.317639 -10.298356 3.378739 182 182 184
1.518212 -20.127840 5.206583 182 182 184
1.919358 -39.786808 8.862270 182 182 184
1.049968 -5.381859 2.477208 204 204 204
0.982870 -10.294847 3.403520 204 204 204
0.848675 -20.120821 5.256145 204 204 204
0.580284 -39.772770 8.961393 204 204 204
0.878126 -5.374293 2.488847 211 209 210
0.639187 -10.279714 3.426799 211 209 210
0.161308 -20.090555 5.302701 211 209 210
-0.794449 -39.712238 9.054507 211 209 210
0.702283 -5.360485 2.499620 189 189 189
0.287500 -10.252098 3.448344 189 189 189
-0.542066 -20.035324 5.345793 189 189 189
-2.201196 -39.601776 9.140690 189 189 189
0.522979 -5.340043 2.509412 182 182 182
-0.071108 -10.211213 3.467928 182 182 182
-1.259282 -19.953554 5.384961 182 182 182
-3.635630 -39.438236 9.219027 182 182 182
0.340835 -5.312627 2.518112 166 166 166
-0.435395 -10.156382 3.485329 166 166 166
-1.987856 -19.843891 5.419762 166 166 166
-5.092778 -39.218910 9.288628 166 166 166
0.156550 -5.277961 2.525615 40 41 43
-0.803965 -10.087049 3.500335 40 41 43
-2.724995 -19.705227 5.449775 40 41 43
-6.567055 -38.941582 9.348654 40 41 43
-0.029111 -5.235847 2.531827 32 34 29
-1.175287 -10.002823 3.512759 32 34 29
-3.467640 -19.536774 5.474622 32 34 29
-8.052345 -38.604675 9.398348 32 34 29
-0.215331 -5.186178 2.536664 47 48 43
-1.547728 -9.903484 3.522433 47 48 43
-4.212522 -19.338097 5.493971 47 48 43
-9.542109 -38.207321 9.437046 47 48 43
-0.401254 -5.128942 2.540061 37 41 44
-1.919574 -9.789013 3.529225 37 41 44
-4.956213 -19.109154 5.507555 37 41 44
-11.029491 -37.749435 9.464214 37 41 44
-0.586005 -5.064232 2.541966 34 40 38
-2.289075 -9.659592 3.533036 34 40 38
-5.695216 -18.850311 5.515176 34 40 38
-12.507497 -37.231750 9.479456 34 40 38
-0.768706 -4.992243 2.542351 150 149 144
-2.654478 -9.515614 3.533805 150 149 144
-6.426021 -18.562355 5.516715 150 149 144
-13.969108 -36.655838 9.482534 150 149 144
-0.948503 -4.913274 2.541206 40 40 48
-3.014071 -9.357677 3.531516 40 40 48
-7.145208 -18.246481 5.512136 40 40 48
-15.407482 -36.024090 9.473377 40 40 48
-1.124580 -4.827723 2.538544 56 56 58
-3.366225 -9.186573 3.526193 56 56 58
-7.849515 -17.904274 5.501491 56 56 58
-16.816095 -35.339676 9.452085 56 56 58
-1.296179 -4.736070 2.534399 229 228 224
-3.709423 -9.003267 3.517901 229 228 224
-8.535911 -17.537663 5.484907 229 228 224
-18.188887 -34.606453 9.418918 229 228 224
-1.462617 -4.638872 2.528821 234 233 229
-4.042299 -8.808872 3.506746 234 233 229
-9.201664 -17.148872 5.462595 234 233 229
-19.520393 -33.828873 9.374295 234 233 229
-1.623300 -4.536745 2.521881 232 228 225
-4.363665 -8.604618 3.492867 232 228 225
-9.844395 -16.740364 5.434838 232 228 225
-20.805855 -33.011856 9.318780 232 228 225
-1.777726 -4.430345 2.513665 221 219 220
-4.672517 -8.391817 3.476434 221 219 220
-10.462099 -16.314762 5.401973 221 219 220
-22.041264 -32.160652 9.253050 221 219 220
-1.925496 -4.320352 2.504270 217 217 217
-4.968058 -8.171831 3.457644 217 217 217
-11.053182 -15.874790 5.364391 217 217 217
-23.223429 -31.280708 9.177887 217 217 217
-2.066315 -4.207457 2.493802 206 206 206
-5.249696 -7.946041 3.436708 206 206 206
-11.616457 -15.423210 5.322520 206 206 206
-24.349979 -30.377548 9.094144 206 206 206
-2.199985 -4.092341 2.482374 186 188 187
-5.517035 -7.715810 3.413853 186 188 187
-12.151134 -14.962748 5.276810 186 188 187
-25.419334 -29.456623 9.002725 186 188 187
-2.326402 -3.975664 2.470103 63 64 56
-5.769869 -7.482456 3.389310 63 64 56
-12.656803 -14.496039 5.227724 63 64 56
-26.430672 -28.523207 8.904552 63 64 56
-2.445551 -3.858054 2.457104 151 144 138
-6.008167 -7.247235 3.363313 151 144 138
-13.133399 -14.025599 5.175730 151 144 138
-27.383863 -27.582325 8.800564 151 144 138
-2.557492 -3.740095 2.443492 205 206 201
-6.232049 -7.011317 3.336089 205 206 201
-13.581164 -13.553762 5.121283 205 206 201
-28.279394 -26.638653 8.691669 205 206 201
-2.662354 -3.622324 2.429378 185 185 183
-6.441773 -6.775777 3.307860 185 185 183
-14.000612 -13.082682 5.064825 185 185 183
-29.118290 -25.696491 8.578754 185 185 183
-2.760320 -3.505225 2.414865 176 181 177
-6.637705 -6.541577 3.278835 176 181 177
-14.392475 -12.614283 5.006774 176 181 177
-29.902016 -24.759693 8.462653 176 181 177
-2.851619 -3.389226 2.400053 182 186 185
-6.820304 -6.309581 3.249210 182 186 185
-14.757674 -12.150290 4.947524 182 186 185
-30.632414 -23.831707 8.344152 182 186 185
1.980768 -5.346338 2.232324 166 170 171
2.844471 -10.223804 2.913751 166 170 171
4.571876 -19.978737 4.276607 166 170 171
8.026686 -39.488602 7.002318 166 170 171
1.839140 -5.367655 2.244104 171 175 176
2.561215 -10.266438 2.937312 171 175 176
4.005364 -20.064003 4.323728 171 175 176
6.893662 -39.659134 7.096560 171 175 176
1.691883 -5.385460 2.255697 175 179 180
2.266700 -10.302048 2.960497 175 179 180
3.416335 -20.135223 4.370099 175 179 180
5.715605 -39.801575 7.189302 175 179 180
1.539072 -5.399295 2.267028 186 186 188
1.961078 -10.329718 2.983160 186 186 188
2.805090 -20.190563 4.415425 186 186 188
4.493114 -39.912254 7.279955 186 186 188
1.380847 -5.408681 2.278018 173 174 176
1.644628 -10.348491 3.005141 173 174 176
2.172190 -20.228109 4.459387 173 174 176
3.227315 -39.987347 7.367877 173 174 176
1.217421 -5.413136 2.288582 186 186 186
1.317777 -10.357399 3.026268 186 186 186
1.518488 -20.245926 4.501639 186 186 186
1.919910 -40.022980 7.452383 186 186 186
1.049086 -5.412178 2.298628 186 186 186
0.981106 -10.355484 3.046360 186 186 186
0.845147 -20.242096 4.541824 186 186 186
0.573229 -40.015320 7.532752 186 186 186
0.876216 -5.405337 2.308064 202 201 197
0.635367 -10.341803 3.065231 202 201 197
0.153669 -20.214733 4.579567 202 201 197
-0.809728 -39.960594 7.608238 202 201 197
0.699273 -5.392169 2.316794 208 207 203
0.281480 -10.315465 3.082692 208 207 203
-0.554104 -20.162058 4.614489 208 207 203
-2.225274 -39.855244 7.678082 208 207 203
0.518805 -5.372266 2.324725 199 198 194
-0.079456 -10.275660 3.098554 199 198 194
-1.275978 -20.082447 4.646212 199 198 194
-3.669021 -39.696022 7.741529 199 198 194
0.335443 -5.345275 2.331764 217 216 212
-0.446180 -10.221679 3.112633 217 216 212
-2.009426 -19.974485 4.674371 217 216 212
-5.135917 -39.480099 7.797846 217 216 212
0.149897 -5.310909 2.337827 233 230 223
-0.817271 -10.152946 3.124758 233 230 223
-2.751607 -19.837021 4.698621 233 230 223
-6.620279 -39.205170 7.846345 233 230 223
-0.037052 -5.268960 2.342834 80 87 80
-1.191170 -10.069048 3.134772 80 87 80
-3.499406 -19.669224 4.718648 80 87 80
-8.115877 -38.869576 7.886400 80 87 80
-0.224573 -5.219311 2.346717 61 67 65
-1.566212 -9.969749 3.142538 61 67 65
-4.249489 -19.470627 4.734179 61 67 65
-9.616043 -38.472382 7.917464 61 67 65
-0.411791 -5.161947 2.349421 39 39 37
-1.940648 -9.855022 3.147946 39 39 37
-4.998361 -19.241173 4.744997 39 39 37
-11.113788 -38.013474 7.939097 39 39 37
-0.597813 -5.096958 2.350906 46 45 41
-2.312691 -9.725043 3.150916 46 45 41
-5.742448 -18.981215 4.750936 46 45 41
-12.601961 -37.493557 7.950975 46 45 41
-0.781744 -5.024541 2.351146 147 146 141
-2.680553 -9.580211 3.151397 147 146 141
-6.478171 -18.691549 4.751899 147 146 141
-14.073408 -36.914227 7.952901 147 146 141
-0.962711 -4.945002 2.350136 137 145 147
-3.042488 -9.421132 3.149377 137 145 147
-7.202042 -18.373392 4.747858 137 145 147
-15.521149 -36.277912 7.944820 137 145 147
-1.139884 -4.858746 2.347886 41 44 49
-3.396833 -9.248619 3.144876 41 44 49
-7.910731 -18.028366 4.738857 41 44 49
-16.938528 -35.587860 7.926819 41 44 49
-1.312490 -4.766264 2.344423 200 199 197
-3.742044 -9.063656 3.137950 200 199 197
-8.601154 -17.658440 4.725005 200 199 197
-18.319374 -34.848007 7.899115 200 199 197
-1.479834 -4.668129 2.339791 197 196 192
-4.076734 -8.867386 3.128686 197 196 192
-9.270533 -17.265900 4.706477 197 196 192
-19.658131 -34.062927 7.862058 197 196 192
-1.641313 -4.564970 2.334048 197 197 199
-4.399692 -8.661069 3.117201 197 197 199
-9.916450 -16.853266 4.683506 197 197 199
-20.949965 -33.237659 7.816115 197 197 199
-1.796421 -4.457462 2.327265 66 67 71
-4.709908 -8.446053 3.103635 66 67 71
-10.536880 -16.423233 4.656374 66 67 71
-22.190826 -32.377594 7.761852 66 67 71
-1.944755 -4.346302 2.319523 46 46 44
-5.006576 -8.223732 3.088151 46 46 44
-11.130217 -15.978593 4.625405 46 46 44
-23.377499 -31.488314 7.699915 46 46 44
-2.086019 -4.232199 2.310910 51 51 51
-5.289104 -7.995525 3.070925 51 51 51
-11.695273 -15.522178 4.590954 51 51 51
-24.507612 -30.575483 7.631012 51 51 51
-2.220018 -4.115849 2.301519 39 39 37
-5.557101 -7.762826 3.052143 39 39 37
-12.231268 -15.056780 4.553391 39 39 37
-25.579601 -29.644688 7.555886 39 39 37
-2.346653 -3.997928 2.291447 47 47 45
-5.810372 -7.526983 3.031998 47 47 45
-12.737809 -14.585094 4.513100 47 47 45
-26.592684 -28.701317 7.475304 47 47 45
-2.465916 -3.879078 2.280788 166 157 152
-6.048898 -7.289283 3.010680 166 157 152
-13.214862 -14.109694 4.470464 166 157 152
-27.546789 -27.750517 7.390033 166 157 152
-2.577874 -3.759895 2.269637 198 198 198
-6.272814 -7.050918 2.988378 198 198 198
-13.662693 -13.632963 4.425859 198 198 198
-28.442451 -26.797054 7.300823 198 198 198
-2.682665 -3.640927 2.258084 191 192 187
-6.482396 -6.812983 2.965272 191 192 187
-14.081857 -13.157093 4.379649 191 192 187
-29.280779 -25.845314 7.208403 191 192 187
-2.780482 -3.522666 2.246216 197 197 197
-6.678029 -6.576459 2.941535 197 197 197
-14.473124 -12.684047 4.332175 197 197 197
-30.063313 -24.899221 7.113454 197 197 197
-2.871562 -3.405547 2.234111 188 192 191
-6.860190 -6.342223 2.917327 188 192 191
-14.837446 -12.215573 4.283758 188 192 191
-30.791958 -23.962275 7.016620 188 192 191
1.983468 -5.366103 2.067107 150 154 157
2.849871 -10.263334 2.583319 150 154 157
4.582676 -20.057796 3.615743 150 154 157
8.048286 -39.646721 5.680590 150 154 157
1.841410 -5.388178 2.076017 152 156 157
2.565755 -10.307485 2.601138 152 156 157
4.014444 -20.146097 3.651381 152 156 157
6.911824 -39.823322 5.751866 152 156 157
1.693664 -5.406736 2.084784 146 147 151
2.270262 -10.344600 2.618672 146 147 151
3.423459 -20.220327 3.686449 146 147 151
5.729853 -39.971783 5.822003 146 147 151
1.540302 -5.421307 2.093353 61 55 41
1.963538 -10.373741 2.635809 61 55 41
2.810011 -20.278610 3.720723 61 55 41
4.502957 -40.088348 5.890551 61 55 41
1.381463 -5.431407 2.101661 100 88 70
1.645861 -10.393942 2.652426 100 88 70
2.174657 -20.319012 3.753957 100 88 70
3.232249 -40.169151 5.957018 100 88 70
1.217361 -5.436542 2.109644 175 177 176
1.317656 -10.404212 2.668392 175 177 176
1.518246 -20.339552 3.785888 175 177 176
1.919428 -40.210232 6.020881 175 177 176
1.048286 -5.436219 2.117232 191 191 191
0.979506 -10.403565 2.683568 191 191 191
0.841946 -20.338259 3.816241 191 191 191
0.566827 -40.207645 6.081587 191 191 191
0.874616 -5.429957 2.124354 207 206 202
0.632166 -10.391042 2.697813 207 206 202
0.147266 -20.313211 3.844730 207 206 202
-0.822533 -40.157551 6.138564 207 206 202
0.696816 -5.417300 2.130937 198 198 196
0.276566 -10.365728 2.710979 198 198 196
-0.563933 -20.262585 3.871063 198 198 196
-2.244931 -40.056297 6.191229 198 198 196
0.515440 -5.397831 2.136909 184 184 184
-0.086185 -10.326790 2.722923 184 184 184
-1.289435 -20.184708 3.894951 184 184 184
-3.695935 -39.900543 6.239006 184 184 184
0.331129 -5.371184 2.142200 189 189 187
-0.454808 -10.273497 2.733504 189 189 187
-2.026682 -20.078121 3.916113 189 189 187
-5.170429 -39.687370 6.281331 189 189 187
0.144601 -5.337063 2.146743 148 153 147
-0.827864 -10.205254 2.742590 148 153 147
-2.772793 -19.941635 3.934285 148 153 147
-6.662652 -39.414398 6.317674 148 153 147
-0.043354 -5.295250 2.150478 78 82 81
-1.203773 -10.121629 2.750061 78 82 81
-3.524611 -19.774385 3.949226 78 82 81
-8.166286 -39.079899 6.347557 78 82 81
-0.231888 -5.245625 2.153354 46 48 45
-1.580842 -10.022378 2.755812 46 48 45
-4.278749 -19.575884 3.960728 46 48 45
-9.674562 -38.682896 6.370561 46 48 45
-0.420115 -5.188167 2.155327 148 159 151
-1.957295 -9.907461 2.759759 148 159 151
-5.031656 -19.346050 3.968622 148 159 151
-11.180378 -38.223228 6.386349 148 159 151
-0.607127 -5.122963 2.156368 113 113 113
-2.331320 -9.777055 2.761840 113 113 113
-5.779705 -19.085238 3.972785 113 113 113
-12.676475 -37.701603 6.394674 113 113 113
-0.792015 -5.050215 2.156457 44 43 39
-2.701096 -9.631557 2.762019 44 43 39
-6.519258 -18.794243 3.973142 44 43 39
-14.155581 -37.119614 6.395388 44 43 39
-0.973894 -4.970232 2.155590 42 42 42
-3.064853 -9.471591 2.760285 42 42 42
-7.246772 -18.474310 3.969674 42 42 42
-15.610609 -36.479748 6.388453 42 42 42
-1.151917 -4.883422 2.153776 44 49 52
-3.420900 -9.297972 2.756656 44 49 52
-7.958866 -18.127071 3.962416 44 49 52
-17.034798 -35.785271 6.373936 44 49 52
-1.325305 -4.790291 2.151035 205 204 202
-3.767674 -9.111710 2.751174 205 204 202
-8.652414 -17.754547 3.951453 205 204 202
-18.421894 -35.040222 6.352011 205 204 202
-1.493351 -4.691419 2.147403 200 200 198
-4.103768 -8.913966 2.743910 200 200 198
-9.324601 -17.359060 3.936924 200 200 198
-19.766268 -34.249249 6.322953 200 200 198
-1.655446 -4.587450 2.142924 40 38 39
-4.427958 -8.706027 2.734952 40 38 39
-9.972980 -16.943182 3.919009 40 38 39
-21.063026 -33.417492 6.287123 40 38 39
-1.811079 -4.479070 2.137654 30 30 28
-4.739224 -8.489267 2.724412 30 30 28
-10.595513 -16.509663 3.897928 30 30 28
-22.308092 -32.550453 6.244961 30 30 28
-1.959846 -4.366992 2.131655 94 96 95
-5.036757 -8.265112 2.712414 94 96 95
-11.190579 -16.061352 3.873931 94 96 95
-23.498224 -31.653831 6.196967 94 96 95
-2.101449 -4.251936 2.124995 47 49 48
-5.319964 -8.035000 2.699094 47 49 48
-11.756993 -15.601128 3.847291 47 49 48
-24.631052 -30.733383 6.143687 47 49 48
-2.235696 -4.134614 2.117746 57 59 56
-5.588458 -7.800357 2.684597 57 59 56
-12.293982 -15.131842 3.818297 57 59 56
-25.705029 -29.794811 6.085699 57 59 56
-2.362494 -4.015714 2.109982 89 89 87
-5.842053 -7.562555 2.669069 89 89 87
-12.801172 -14.656239 3.787243 89 89 87
-26.719410 -28.843605 6.023591 89 89 87
-2.481837 -3.895887 2.101778 140 129 123
-6.080739 -7.322902 2.652660 140 129 123
-13.278543 -14.176931 3.754424 140 129 123
-27.674152 -27.884991 5.957952 140 129 123
-2.593800 -3.775741 2.093204 70 63 47
-6.304665 -7.082610 2.635512 70 63 47
-13.726395 -13.696348 3.720129 70 63 47
-28.569855 -26.923824 5.889362 70 63 47
-2.698527 -3.655831 2.084331 73 75 72
-6.514119 -6.842790 2.617765 73 75 72
-14.145304 -13.216707 3.684635 73 75 72
-29.407673 -25.964542 5.818375 73 75 72
-2.796218 -3.536654 2.075223 103 103 95
-6.709502 -6.604437 2.599551 103 103 95
-14.536069 -12.740002 3.648206 103 103 95
-30.189203 -25.011131 5.745515 103 103 95
-2.887121 -3.418655 2.065943 70 71 65
-6.891308 -6.368438 2.580990 70 71 65
-14.899681 -12.268003 3.611085 70 71 65
-30.916428 -24.067135 5.671274 70 71 65
1.985216 -5.380515 1.900289 139 143 146
2.853367 -10.292158 2.249683 139 143 146
4.589669 -20.115444 2.948470 139 143 146
8.062272 -39.762016 4.346045 139 143 146
1.842856 -5.403136 1.906242 138 143 146
2.568646 -10.337400 2.261587 138 143 146
4.020227 -20.205929 2.972279 138 143 146
6.923389 -39.942986 4.393662 138 143 146
1.694766 -5.422235 1.912095 94 83 63
2.272466 -10.375597 2.273294 94 83 63
3.427866 -20.282322 2.995692 94 83 63
5.738667 -40.095772 4.440488 94 83 63
1.541017 -5.437337 1.917811 57 53 38
1.964968 -10.405802 2.284726 57 53 38
2.812870 -20.342731 3.018555 57 53 38
4.508675 -40.216591 4.486215 57 53 38
1.381747 -5.447950 1.923347 73 76 67
1.646428 -10.427029 2.295799 73 76 67
2.175790 -20.385185 3.040703 73 76 67
3.234515 -40.301498 4.530510 73 76 67
1.217168 -5.453576 1.928661 65 62 57
1.317270 -10.438279 2.306426 65 62 57
1.517475 -20.407686 3.061957 65 62 57
1.917884 -40.346500 4.573018 65 62 57
1.047572 -5.453712 1.933704 66 71 75
0.978080 -10.438551 2.316512 66 71 75
0.839094 -20.408230 3.082128 66 71 75
0.561122 -40.347588 4.613361 66 71 75
0.873340 -5.447869 1.938428 93 96 101
0.629614 -10.426867 2.325960 93 96 101
0.142163 -20.384861 3.101024 93 96 101
-0.832739 -40.300850 4.651153 93 96 101
0.694938 -5.435585 1.942783 48 51 58
0.272810 -10.402297 2.334671 48 51 58
-0.571446 -20.335722 3.118447 48 51 58
-2.259957 -40.202572 4.685997 48 51 58
0.512924 -5.416430 1.946722 41 49 52
-0.091217 -10.363989 2.342547 41 49 52
-1.299499 -20.259106 3.134199 41 49 52
-3.716063 -40.049339 4.717503 41 49 52
0.327945 -5.390036 1.950195 46 51 55
-0.461176 -10.311199 2.349494 46 51 55
-2.039417 -20.153526 3.148091 46 51 55
-5.195899 -39.838181 4.745286 46 51 55
0.140726 -5.356095 1.953158 59 63 64
-0.835613 -10.243318 2.355420 59 63 64
-2.788292 -20.017763 3.159944 59 63 64
-6.693650 -39.566654 4.768991 59 63 64
-0.047935 -5.314387 1.955570 51 55 58
-1.212934 -10.159902 2.360245 51 55 58
-3.542934 -19.850931 3.169594 51 55 58
-8.202934 -39.232990 4.788292 51 55 58
-0.237181 -5.264784 1.957397 39 40 45
-1.591428 -10.060697 2.363899 39 40 45
-4.299922 -19.652521 3.176902 39 40 45
-9.716909 -38.836170 4.802909 39 40 45
-0.426117 -5.207263 1.958610 29 33 44
-1.969300 -9.945655 2.366325 29 33 44
-5.055665 -19.422438 3.181754 29 33 44
-11.228395 -38.376003 4.812613 29 33 44
-0.613825 -5.141914 1.959189 43 50 56
-2.344715 -9.814956 2.367482 43 50 56
-5.806496 -19.161039 3.184069 43 50 56
-12.730057 -37.853207 4.817242 43 50 56
-0.799385 -5.068934 1.959121 81 81 81
-2.715836 -9.668996 2.367346 81 81 81
-6.548737 -18.869120 3.183797 81 81 81
-14.214539 -37.269367 4.816698 81 81 81
-0.981902 -4.988637 1.958404 87 87 89
-3.080870 -9.508402 2.365912 87 87 89
-7.278805 -18.547932 3.180928 87 87 89
-15.674675 -36.626991 4.810961 87 87 89
-1.160522 -4.901438 1.957044 44 56 54
-3.438110 -9.334003 2.363192 44 56 54
-7.993285 -18.199135 3.175489 44 56 54
-17.103636 -35.929398 4.800082 44 56 54
-1.334455 -4.807847 1.955057 198 197 193
-3.785976 -9.146821 2.359218 198 197 193
-8.689018 -17.824770 3.167539 198 197 193
-18.495102 -35.180668 4.784183 198 197 193
-1.502993 -4.708452 1.952466 163 163 163
-4.123051 -8.948031 2.354036 163 163 163
-9.363167 -17.427191 3.157177 163 163 163
-19.843399 -34.385509 4.763458 163 163 163
-1.665517 -4.603907 1.949303 31 33 30
-4.448099 -8.738941 2.347711 31 33 30
-10.013263 -17.009010 3.144527 31 33 30
-21.143591 -33.549149 4.738158 31 33 30
-1.821514 -4.494906 1.945607 30 30 28
-4.760094 -8.520941 2.340318 30 30 28
-10.637253 -16.573009 3.129741 30 30 28
-22.391571 -32.677147 4.708587 30 30 28
-1.970580 -4.382174 1.941420 62 64 61
-5.058225 -8.295477 2.331944 62 64 61
-11.233515 -16.122082 3.112993 62 64 61
-23.584095 -31.775291 4.675089 62 64 61
-2.112417 -4.266441 1.936789 55 57 54
-5.341899 -8.064011 2.322682 55 57 54
-11.800863 -15.659149 3.094469 55 57 54
-24.718792 -30.849426 4.638042 55 57 54
-2.246833 -4.148427 1.931764 42 44 43
-5.610732 -7.827981 2.312632 42 44 43
-12.338530 -15.187091 3.074367 42 44 43
-25.794125 -29.905310 4.597839 42 44 43
-2.373739 -4.028828 1.926394 36 41 35
-5.864543 -7.588783 2.301893 36 41 35
-12.846152 -14.708694 3.052890 36 41 35
-26.809370 -28.948517 4.554885 36 41 35
-2.493132 -3.908304 1.920732 75 71 67
-6.103330 -7.347736 2.290567 75 71 67
-13.323725 -14.226601 3.030239 75 71 67
-27.764515 -27.984329 4.509583 75 71 67
-2.605093 -3.787471 1.914824 88 83 78
-6.327250 -7.106069 2.278753 88 83 78
-13.771566 -13.743266 3.006611 88 83 78
-28.660198 -27.017660 4.462326 88 83 78
-2.709769 -3.666887 1.908720 86 87 79
-6.536603 -6.864902 2.266545 86 87 79
-14.190271 -13.260933 2.982194 86 87 79
-29.497608 -26.052994 4.413493 86 87 79
-2.807367 -3.547058 1.902464 88 87 82
-6.731799 -6.625244 2.254032 88 87 82
-14.580664 -12.781616 2.957168 88 87 82
-30.278393 -25.094360 4.363441 88 87 82
-2.898139 -3.428428 1.896096 79 80 75
-6.913342 -6.387984 2.241297 79 80 75
-14.943750 -12.307096 2.931699 79 80 75
-31.004566 -24.145321 4.312501 79 80 75
1.985992 -5.389442 1.732416 84 86 81
2.854918 -10.310013 1.913936 84 86 81
4.592772 -20.151154 2.276976 84 86 81
8.068478 -39.833435 3.003056 84 86 81
1.843459 -5.412386 1.735353 60 64 63
2.569852 -10.355900 1.919811 60 64 63
4.022639 -20.242928 2.288726 60 64 63
6.928214 -40.016983 3.026556 60 64 63
1.695173 -5.431804 1.738234 93 86 60
2.273281 -10.394736 1.925572 93 86 60
3.429496 -20.320601 2.300248 93 86 60
5.741926 -40.172329 3.049600 93 86 60
1.541204 -5.447220 1.741038 80 79 75
1.965343 -10.425569 1.931180 80 79 75
2.813620 -20.382265 2.311464 80 79 75
4.510174 -40.295658 3.072032 80 79 75
1.381689 -5.458139 1.743743 59 60 64
1.646313 -10.447406 1.936591 59 60 64
2.175561 -20.425940 2.322287 59 60 64
3.234056 -40.383007 3.093678 59 60 64
1.216841 -5.464055 1.746328 36 43 49
1.316616 -10.459238 1.941761 36 43 49
1.516167 -20.449604 2.332626 36 43 49
1.915268 -40.430336 3.114356 36 43 49
1.046951 -5.464463 1.748768 31 39 42
0.976837 -10.460054 1.946640 31 39 42
0.836608 -20.451237 2.342384 31 39 42
0.556151 -40.433601 3.133873 31 39 42
0.872400 -5.458870 1.751037 30 39 46
0.627735 -10.448869 1.951179 30 39 46
0.138405 -20.428865 2.351462 30 39 46
-0.840255 -40.388859 3.152029 30 39 46
0.693658 -5.446807 1.753112 32 37 41
0.270250 -10.424742 1.955328 32 37 41
-0.576565 -20.380611 2.359760 32 37 41
-2.270195 -40.292351 3.168624 32 37 41
0.511285 -5.427842 1.754966 20 31 37
-0.094496 -10.386812 1.959036 20 31 37
-1.306057 -20.304752 2.367177 20 31 37
-3.729179 -40.140633 3.183458 20 31 37
0.325929 -5.401599 1.756576 55 59 62
-0.465208 -10.334326 1.962256 55 59 62
-2.047481 -20.199780 2.373616 55 59 62
-5.212027 -39.930687 3.196337 55 59 62
0.138321 -5.367770 1.757919 40 42 41
-0.840424 -10.266668 1.964942 40 42 41
-2.797914 -20.064465 2.378989 40 42 41
-6.712893 -39.660057 3.207082 40 42 41
-0.050738 -5.326129 1.758975 27 30 35
-1.218540 -10.183386 1.967054 27 30 35
-3.554146 -19.897900 2.383212 27 30 35
-8.225358 -39.326927 3.215529 27 30 35
-0.240385 -5.276545 1.759726 32 35 40
-1.597836 -10.084218 1.968557 32 35 40
-4.312737 -19.699564 2.386218 32 35 40
-9.742538 -38.930256 3.221539 32 35 40
-0.429719 -5.218995 1.760159 20 25 31
-1.976504 -9.969117 1.969422 20 25 31
-5.070073 -19.469362 2.387949 20 25 31
-11.257211 -38.469852 3.225002 20 25 31
-0.617817 -5.153565 1.760264 35 33 38
-2.352700 -9.838259 1.969632 35 33 38
-5.822465 -19.207645 2.388368 35 33 38
-12.761995 -37.946419 3.225840 35 33 38
-0.803754 -5.080457 1.760035 59 56 47
-2.724573 -9.692041 1.969174 59 56 47
-6.566212 -18.915211 2.387453 59 56 47
-14.249490 -37.361549 3.224010 59 56 47
-0.986629 -4.999983 1.759472 23 30 36
-3.090322 -9.531094 1.968049 23 30 36
-7.297710 -18.593315 2.385202 23 30 36
-15.712486 -36.717758 3.219509 23 30 36
-1.165582 -4.912562 1.758580 48 52 53
-3.448230 -9.356253 1.966264 48 52 53
-8.013525 -18.243633 2.381633 48 52 53
-17.144115 -36.018394 3.212370 48 52 53
-1.339821 -4.818709 1.757367 71 70 66
-3.796708 -9.168546 1.963838 71 70 66
-8.710481 -17.868219 2.376780 71 70 66
-18.538027 -35.267567 3.202665 71 70 66
-1.508631 -4.719015 1.755846 75 75 73
-4.134327 -8.969157 1.960796 75 75 73
-9.385719 -17.469442 2.370697 75 75 73
-19.888504 -34.470013 3.190499 75 75 73
-1.671393 -4.614139 1.754035 29 30 25
-4.459851 -8.759405 1.957174 29 30 25
-10.036768 -17.049938 2.363452 29 30 25
-21.190601 -33.631004 3.176009 29 30 25
-1.827592 -4.504782 1.751953 32 33 28
-4.772250 -8.540691 1.953011 32 33 28
-10.661565 -16.612511 2.355126 32 33 28
-22.440195 -32.756149 3.159357 32 33 28
-1.976822 -4.391673 1.749625 74 79 75
-5.070710 -8.314474 1.948354 74 79 75
-11.258485 -16.160076 2.345811 74 79 75
-23.634035 -31.851280 3.140727 74 79 75
-2.118786 -4.275548 1.747073 39 44 38
-5.354638 -8.082224 1.943251 39 44 38
-11.826342 -15.695576 2.335607 39 44 38
-24.769749 -30.922279 3.120317 39 44 38
-2.253294 -4.157132 1.744326 65 66 61
-5.623653 -7.845393 1.937755 65 66 61
-12.364371 -15.221913 2.324615 65 66 61
-25.845808 -29.974955 3.098334 65 66 61
-2.380256 -4.037128 1.741407 36 40 38
-5.877577 -7.605384 1.931919 36 40 38
-12.872219 -14.741896 2.312942 36 40 38
-26.861504 -29.014919 3.074989 36 40 38
-2.499673 -3.916200 1.738345 48 47 45
-6.116412 -7.363527 1.925795 48 47 45
-13.349889 -14.258183 2.300694 48 47 45
-27.816843 -28.047493 3.050492 48 47 45
-2.611627 -3.794965 1.735165 55 53 38
-6.340320 -7.121058 1.919433 55 53 38
-13.797705 -13.773245 2.287971 55 53 38
-28.712475 -27.077618 3.025046 55 53 38
-2.716270 -3.673989 1.731890 51 50 45
-6.549606 -6.879107 1.912884 51 50 45
-14.216278 -13.289341 2.274872 51 50 45
-29.549622 -26.109810 2.998847 51 50 45
-2.813811 -3.553778 1.728544 76 73 58
-6.744688 -6.638685 1.906192 76 73 58
-14.606441 -12.808497 2.261488 76 73 58
-30.329948 -25.148123 2.972080 76 73 58
-2.904505 -3.434780 1.725148 65 65 57
-6.926075 -6.400688 1.899400 65 65 57
-14.969215 -12.332503 2.247904 65 65 57
-31.055496 -24.196135 2.944913 65 65 57
1.985784 -5.392809 1.564051 63 55 52
2.854503 -10.316746 1.577206 63 55 52
4.591940 -20.164619 1.603516 63 55 52
8.066814 -39.860367 1.656136 63 55 52
1.843210 -5.415845 1.563947 62 67 63
2.569354 -10.362818 1.576998 62 67 63
4.021643 -20.256763 1.603100 62 67 63
6.926220 -40.044655 1.655303 62 67 63
1.694878 -5.435356 1.563827 51 58 66
2.272691 -10.401840 1.576759 51 58 66
3.428316 -20.334808 1.602623 51 58 66
5.739566 -40.200745 1.654349 51 58 66
1.540858 -5.450863 1.563692 61 66 70
1.964651 -10.432855 1.576488 61 66 70
2.812237 -20.396837 1.602080 61 66 70
4.507409 -40.324802 1.653265 61 66 70
1.381288 -5.461870 1.563539 39 42 47
1.645511 -10.454868 1.576182 39 42 47
2.173957 -20.440865 1.601468 39 42 47
3.230848 -40.412857 1.652041 39 42 47
1.216379 -5.467870 1.563367 31 35 44
1.315693 -10.466868 1.575839 31 35 44
1.514322 -20.464865 1.600783 31 35 44
1.911578 -40.460857 1.650670 31 35 44
1.046425 -5.468358 1.563177 27 36 43
0.975784 -10.467844 1.575458 27 36 43
0.834503 -20.466816 1.600020 27 36 43
0.551941 -40.464760 1.649144 27 36 43
0.871805 -5.462839 1.562966 31 36 40
0.626544 -10.456805 1.575036 31 36 40
0.136022 -20.444738 1.599177 31 36 40
-0.845021 -40.420605 1.647458 31 36 40
0.692989 -5.450841 1.562734 68 73 77
0.268912 -10.432811 1.574573 68 73 77
-0.579241 -20.396749 1.598250 68 73 77
-2.275548 -40.324627 1.645605 68 73 77
0.510539 -5.431935 1.562482 83 91 93
-0.095988 -10.394998 1.574067 83 91 93
-1.309042 -20.321123 1.597239 83 91 93
-3.735149 -40.173374 1.643583 83 91 93
0.325103 -5.405740 1.562207 59 63 66
-0.466859 -10.342608 1.573519 59 63 66
-2.050784 -20.216345 1.596143 59 63 66
-5.218634 -39.963818 1.641389 59 63 66
0.137413 -5.371949 1.561912 24 29 38
-0.842240 -10.275026 1.572928 24 29 38
-2.801545 -20.081181 1.594961 24 29 38
-6.720156 -39.693489 1.639026 24 29 38
-0.051728 -5.330334 1.561595 18 27 36
-1.220522 -10.191795 1.572295 18 27 36
-3.558109 -19.914719 1.593695 18 27 36
-8.233284 -39.360565 1.636494 18 27 36
-0.241459 -5.280764 1.561259 19 27 30
-1.599983 -10.092656 1.571622 19 27 30
-4.317032 -19.716440 1.592348 19 27 30
-9.751129 -38.964008 1.633799 19 27 30
-0.430875 -5.223215 1.560902 23 30 38
-1.978815 -9.977558 1.570909 23 30 38
-5.074696 -19.486244 1.590923 23 30 38
-11.266458 -38.503616 1.630950 23 30 38
-0.619053 -5.157774 1.560528 22 26 33
-2.355171 -9.846677 1.570161 22 26 33
-5.827407 -19.224482 1.589426 22 26 33
-12.771879 -37.980091 1.627956 22 26 33
-0.805066 -5.084641 1.560137 32 31 37
-2.727197 -9.700411 1.569379 32 31 37
-6.571459 -18.931950 1.587862 32 31 37
-14.259984 -37.395027 1.624829 32 31 37
-0.988012 -5.004131 1.559732 30 32 43
-3.093090 -9.539390 1.568568 30 32 43
-7.303246 -18.609907 1.586240 30 32 43
-15.723557 -36.750942 1.621584 30 32 43
-1.167032 -4.916662 1.559313 45 50 53
-3.451129 -9.364451 1.567731 45 50 53
-8.019324 -18.260031 1.584566 45 50 53
-17.155714 -36.051189 1.618236 45 50 53
-1.341330 -4.822747 1.558884 68 64 61
-3.799726 -9.176622 1.566873 68 64 61
-8.716517 -17.884373 1.582850 68 64 61
-18.550100 -35.299873 1.614804 68 64 61
-1.510193 -4.722983 1.558447 78 70 71
-4.137451 -8.977094 1.565998 78 70 71
-9.391967 -17.485315 1.581101 78 70 71
-19.900999 -34.501759 1.611305 78 70 71
-1.672999 -4.618027 1.558004 22 24 23
-4.463064 -8.767182 1.565112 22 24 23
-10.043194 -17.065493 1.579327 22 24 23
-21.203453 -33.662113 1.607759 22 24 23
-1.829236 -4.508583 1.557557 21 21 23
-4.775537 -8.548294 1.564217 21 21 23
-10.668139 -16.627716 1.577539 21 21 23
-22.453342 -32.786560 1.604183 21 21 23
-1.978494 -4.395380 1.557108 72 72 70
-5.074054 -8.321889 1.563321 72 72 70
-11.265174 -16.174906 1.575745 72 72 70
-23.647413 -31.880939 1.600595 72 72 70
-2.120480 -4.279157 1.556660 27 28 26
-5.358026 -8.089441 1.562425 27 28 26
-11.833117 -15.710011 1.573955 27 28 26
-24.783298 -30.951149 1.597014 27 28 26
-2.255001 -4.160639 1.556216 72 74 73
-5.627067 -7.852405 1.561535 72 74 73
-12.371199 -15.235938 1.572175 72 74 73
-25.859463 -30.003004 1.593454 72 74 73
-2.381968 -4.040530 1.555775 36 37 41
-5.881002 -7.612188 1.560655 36 37 41
-12.879069 -14.755504 1.570414 36 37 41
-26.875204 -29.042135 1.589932 36 37 41
-2.501384 -3.919495 1.555341 45 46 41
-6.119834 -7.370118 1.559787 45 46 41
-13.356734 -14.271364 1.568677 45 46 41
-27.830534 -28.073856 1.586459 45 46 41
-2.613332 -3.798154 1.554915 45 45 37
-6.343729 -7.127437 1.558934 45 45 37
-13.804523 -13.786001 1.566972 45 45 37
-28.726110 -27.103130 1.583048 45 45 37
-2.717962 -3.677073 1.554497 54 55 49
-6.552989 -6.885274 1.558099 54 55 49
-14.223042 -13.301676 1.565302 54 55 49
-29.563150 -26.134480 1.579708 54 55 49
-2.815485 -3.556758 1.554090 49 54 50
-6.748035 -6.644643 1.557284 49 54 50
-14.613135 -12.820415 1.563671 49 54 50
-30.343336 -25.171957 1.576447 49 54 50
-2.906156 -3.437657 1.553693 70 71 66
-6.929377 -6.406441 1.556490 70 71 66
-14.975819 -12.344010 1.562084 70 71 66
-31.068703 -24.219149 1.573272 70 71 66
1.984592 -5.390593 1.395766 62 45 35
2.852118 -10.312313 1.240636 62 45 35
4.587171 -20.155754 0.930376 62 45 35
8.057276 -39.842636 0.309856 62 45 35
1.842108 -5.413492 1.392625 40 40 38
2.567151 -10.358112 1.234354 40 40 38
4.017236 -20.247353 0.917813 40 40 38
6.917406 -40.025833 0.284731 40 40 38
1.693881 -5.432866 1.389511 77 81 67
2.270696 -10.396860 1.228126 77 81 67
3.424326 -20.324848 0.905357 77 81 67
5.731586 -40.180824 0.259818 77 81 67
1.539980 -5.448239 1.386441 44 49 52
1.962895 -10.427607 1.221986 44 49 52
2.808724 -20.386341 0.893077 44 49 52
4.500382 -40.303810 0.235257 44 49 52
1.380544 -5.459116 1.383434 70 74 78
1.644024 -10.449361 1.215973 70 74 78
2.170982 -20.429850 0.881050 70 74 78
3.224898 -40.390827 0.211205 70 74 78
1.215786 -5.464993 1.380512 42 47 51
1.314506 -10.461115 1.210128 42 47 51
1.511946 -20.453358 0.869361 42 47 51
1.906827 -40.437843 0.187826 42 47 51
1.045996 -5.465366 1.377696 39 46 54
0.974927 -10.461860 1.204496 39 46 54
0.832789 -20.454847 0.858097 39 46 54
0.548513 -40.440823 0.165299 39 46 54
0.871556 -5.459743 1.375010 45 50 53
0.626047 -10.450614 1.199124 45 50 53
0.135029 -20.432356 0.847352 45 50 53
-0.847007 -40.395840 0.143809 45 50 53
0.692935 -5.447655 1.372477 45 48 53
0.268804 -10.426438 1.194059 45 48 53
-0.579457 -20.384005 0.837221 45 48 53
-2.275980 -40.299137 0.123547 45 48 53
0.510692 -5.428674 1.370122 27 30 35
-0.095682 -10.388475 1.189348 27 30 35
-1.308430 -20.308079 0.827801 27 30 35
-3.733926 -40.147285 0.104706 27 30 35
0.325474 -5.402422 1.367968 22 29 35
-0.466118 -10.335973 1.185040 22 29 35
-2.049301 -20.203074 0.819185 22 29 35
-5.215668 -39.937275 0.087474 22 29 35
0.138010 -5.368594 1.366038 25 26 31
-0.841045 -10.268316 1.181180 25 26 31
-2.799155 -20.067760 0.811464 25 26 31
-6.715376 -39.666649 0.072033 25 26 31
-0.050898 -5.326964 1.364352 19 24 27
-1.218862 -10.185057 1.177809 19 24 27
-3.554789 -19.901241 0.804723 19 24 27
-8.226643 -39.333611 0.058550 19 24 27
-0.240393 -5.277403 1.362930 39 41 36
-1.597851 -10.085935 1.174965 39 41 36
-4.312768 -19.702997 0.799035 39 41 36
-9.742600 -38.937122 0.047174 39 41 36
-0.429573 -5.219887 1.361788 24 28 31
-1.976212 -9.970902 1.172679 24 28 31
-5.069489 -19.472933 0.794463 24 28 31
-11.256044 -38.476994 0.038030 24 28 31
-0.617519 -5.154502 1.360936 16 30 31
-2.352103 -9.840133 1.170976 16 30 31
-5.821270 -19.211393 0.791057 16 30 31
-12.759606 -37.953915 0.031217 16 30 31
-0.803306 -5.081450 1.360384 25 30 34
-2.723678 -9.694029 1.169872 25 30 34
-6.564421 -18.919186 0.788848 25 30 34
-14.245908 -37.369499 0.026801 25 30 34
-0.986037 -5.001042 1.360136 29 24 21
-3.089140 -9.533213 1.169375 29 24 21
-7.295345 -18.597553 0.787855 29 24 21
-15.707756 -36.726234 0.024815 29 24 21
-1.164855 -4.913697 1.360191 46 50 51
-3.446775 -9.358522 1.169486 46 50 51
-8.010616 -18.248173 0.788076 46 50 51
-17.138298 -36.027473 0.025256 46 50 51
-1.338967 -4.819926 1.360545 40 39 35
-3.794999 -9.170980 1.170194 40 39 35
-8.707064 -17.873089 0.789492 40 39 35
-18.531193 -35.277306 0.028088 40 39 35
-1.507661 -4.720322 1.361189 32 33 28
-4.132387 -8.971771 1.171482 32 33 28
-9.381840 -17.474670 0.792069 32 33 28
-19.880745 -34.480469 0.033243 32 33 28
-1.670319 -4.615539 1.362111 58 55 52
-4.457704 -8.762206 1.173327 58 55 52
-10.032473 -17.055540 0.795758 58 55 52
-21.182011 -33.642208 0.040621 58 55 52
-1.826427 -4.506279 1.363296 31 34 25
-4.769920 -8.543687 1.175696 31 34 25
-10.656906 -16.618502 0.800497 31 34 25
-22.430878 -32.768131 0.050097 31 34 25
-1.975580 -4.393269 1.364724 74 78 79
-5.068225 -8.317665 1.178553 74 78 79
-11.253516 -16.166458 0.806211 74 78 79
-23.624098 -31.864044 0.061526 74 78 79
-2.117480 -4.277240 1.366377 40 40 38
-5.352025 -8.085608 1.181858 40 40 38
-11.821115 -15.702345 0.812819 40 40 38
-24.759295 -30.935818 0.074743 40 40 38
-2.251936 -4.158920 1.368231 65 69 70
-5.620938 -7.848969 1.185565 65 69 70
-12.358942 -15.229066 0.820235 65 69 70
-25.834949 -29.989260 0.089574 65 69 70
-2.378860 -4.039009 1.370264 51 53 50
-5.874784 -7.609146 1.189632 51 53 50
-12.866634 -14.749420 0.828368 51 53 50
-26.850334 -29.029968 0.105839 51 53 50
-2.498250 -3.918169 1.372453 51 47 38
-6.113566 -7.367466 1.194010 51 47 38
-13.344198 -14.266060 0.837125 51 47 38
-27.805462 -28.063248 0.123355 51 47 38
-2.610189 -3.797018 1.374776 40 42 39
-6.337444 -7.125163 1.198657 40 42 39
-13.791954 -13.781454 0.846418 40 42 39
-28.700974 -27.094036 0.141940 40 42 39
-2.714828 -3.676119 1.377211 36 37 39
-6.546721 -6.883366 1.203527 36 37 39
-14.210506 -13.297859 0.856158 36 37 39
-29.538078 -26.126846 0.161420 36 37 39
-2.812373 -3.555978 1.379737 51 48 38
-6.741811 -6.643084 1.208579 51 48 38
-14.600687 -12.817295 0.866262 51 48 38
-30.318439 -25.165718 0.181628 51 48 38
-2.903078 -3.437043 1.382335 50 40 39
-6.923221 -6.405213 1.213774 50 40 39
-14.963507 -12.341555 0.876652 50 40 39
-31.044079 -24.214237 0.202408 50 40 39
1.982424 -5.382830 1.228131 54 59 63
2.847783 -10.296787 0.905366 54 59 63
4.578500 -20.124702 0.259836 54 59 63
8.039934 -39.780533 -1.031223 54 59 63
1.840162 -5.405364 1.221990 49 58 65
2.563258 -10.341856 0.893084 49 58 65
4.009450 -20.214840 0.235272 49 58 65
6.901834 -39.960808 -1.080353 49 58 65
1.692188 -5.424376 1.215918 54 59 64
2.267311 -10.379881 0.880939 54 59 64
3.417556 -20.290890 0.210983 54 59 64
5.718047 -40.112907 -1.128929 54 59 64
1.538576 -5.439394 1.209951 47 51 51
1.960086 -10.409915 0.869006 47 51 51
2.803106 -20.350958 0.187115 47 51 51
4.489146 -40.233044 -1.176665 47 51 51
1.379463 -5.449926 1.204128 48 50 45
1.641860 -10.430981 0.857360 48 50 45
2.166655 -20.393089 0.163825 48 50 45
3.216245 -40.317307 -1.223245 48 50 45
1.215062 -5.455475 1.198492 33 40 46
1.313059 -10.442078 0.846089 33 40 46
1.509053 -20.415283 0.141282 33 40 46
1.901041 -40.361694 -1.268331 33 40 46
1.045667 -5.455542 1.193088 37 42 48
0.974268 -10.442212 0.835281 37 42 48
0.831470 -20.415552 0.119666 37 42 48
0.545875 -40.362232 -1.311565 37 42 48
0.871654 -5.449640 1.187962 38 45 53
0.626243 -10.430408 0.825029 38 45 53
0.135420 -20.391945 0.099163 38 45 53
-0.846225 -40.315018 -1.352571 38 45 53
0.693492 -5.437308 1.183163 31 38 45
0.269918 -10.405745 0.815430 31 38 45
-0.577229 -20.342617 0.079964 31 38 45
-2.271523 -40.216362 -1.390967 31 38 45
0.511737 -5.418122 1.178737 31 35 36
-0.093592 -10.367373 0.806579 31 35 36
-1.304250 -20.265873 0.062263 31 35 36
-3.725565 -40.062874 -1.426371 31 35 36
0.327031 -5.391711 1.174733 27 30 39
-0.463003 -10.314550 0.798570 27 30 39
-2.043071 -20.160229 0.046245 27 30 39
-5.203207 -39.851585 -1.458405 27 30 39
0.140100 -5.357774 1.171194 25 29 34
-0.836866 -10.246676 0.791493 25 29 34
-2.790797 -20.024481 0.032090 25 29 34
-6.698660 -39.580090 -1.486715 25 29 34
-0.048264 -5.316091 1.168162 22 25 30
-1.213593 -10.163309 0.785429 22 25 30
-3.544251 -19.857746 0.019962 22 25 30
-8.205567 -39.246620 -1.510972 22 25 30
-0.237207 -5.266533 1.165673 23 28 34
-1.591480 -10.064194 0.780451 23 28 34
-4.300025 -19.659515 0.010005 23 28 34
-9.717115 -38.850159 -1.530885 23 28 34
-0.425838 -5.209080 1.163757 16 26 25
-1.968741 -9.949288 0.776618 16 26 25
-5.054547 -19.429705 0.002340 16 26 25
-11.226159 -38.390537 -1.546215 16 26 25
-0.613242 -5.143820 1.162436 38 39 42
-2.343550 -9.818768 0.773977 38 39 42
-5.804166 -19.168663 -0.002942 38 39 42
-12.725397 -37.868454 -1.556780 38 39 42
-0.798506 -5.070951 1.161726 39 41 40
-2.714078 -9.673030 0.772557 39 41 40
-6.545221 -18.877188 -0.005782 39 41 40
-14.207507 -37.285503 -1.562459 39 41 40
-0.980738 -4.990785 1.161633 14 26 30
-3.078541 -9.512698 0.772371 14 26 30
-7.274148 -18.556524 -0.006153 14 26 30
-15.665361 -36.644176 -1.563203 14 26 30
-1.159088 -4.903735 1.162155 39 48 47
-3.435241 -9.338597 0.773414 39 48 47
-7.987547 -18.208323 -0.004067 39 48 47
-17.092159 -35.947773 -1.559030 39 48 47
-1.332769 -4.810308 1.163280 51 52 46
-3.782604 -9.151743 0.775664 51 52 46
-8.682273 -17.834614 0.000433 51 52 46
-18.481611 -35.200356 -1.550029 51 52 46
-1.501076 -4.711090 1.164989 77 40 32
-4.119218 -8.953308 0.779083 77 40 32
-9.355501 -17.437744 0.007270 77 40 32
-19.828068 -34.406616 -1.536356 77 40 32
-1.663393 -4.606730 1.167256 123 116 108
-4.443852 -8.744588 0.783616 123 116 108
-10.004770 -17.020304 0.016337 123 116 108
-21.126606 -33.571735 -1.518222 123 116 108
-1.819210 -4.497921 1.170047 31 30 35
-4.755486 -8.526971 0.789198 31 30 35
-10.628036 -16.585070 0.027501 31 30 35
-22.373138 -32.701267 -1.495893 31 30 35
-1.968121 -4.385384 1.173324 72 74 73
-5.053307 -8.301895 0.795753 72 74 73
-11.223680 -16.134918 0.040609 72 74 73
-23.564425 -31.800966 -1.469677 72 74 73
-2.109829 -4.269844 1.177045 34 39 34
-5.336724 -8.070815 0.803194 34 39 34
-11.790514 -15.672758 0.055493 34 39 34
-24.698093 -30.876644 -1.439910 34 39 34
-2.244144 -4.152019 1.181164 59 64 58
-5.605353 -7.835165 0.811433 59 64 58
-12.327772 -15.201458 0.071970 59 64 58
-25.772610 -29.934044 -1.406956 59 64 58
-2.370972 -4.032603 1.185636 37 43 41
-5.859010 -7.596334 0.820376 37 43 41
-12.835086 -14.723795 0.089855 37 43 41
-26.787237 -28.978718 -1.371185 37 43 41
-2.490312 -3.912254 1.190412 51 53 49
-6.097690 -7.355635 0.829929 51 53 49
-13.312445 -14.242398 0.108962 51 53 49
-27.741955 -28.015924 -1.332973 51 53 49
-2.602242 -3.791584 1.195448 35 37 34
-6.321549 -7.114296 0.840000 35 37 34
-13.760163 -13.759720 0.129104 35 37 34
-28.637392 -27.050568 -1.292687 35 37 34
-2.706906 -3.671153 1.200698 52 54 53
-6.530878 -6.873433 0.850500 52 54 53
-14.178821 -13.277994 0.150105 52 54 53
-29.474707 -26.087116 -1.250686 52 54 53
-2.804511 -3.551462 1.206120 47 49 44
-6.726088 -6.634052 0.861345 47 49 44
-14.569242 -12.799232 0.171795 47 49 44
-30.255548 -25.129593 -1.207307 47 49 44
-2.895306 -3.432958 1.211675 41 43 42
-6.907677 -6.397045 0.872455 41 43 42
-14.932419 -12.325217 0.194014 41 43 42
-30.981903 -24.181562 -1.162868 41 43 42
1.979300 -5.369612 1.061705 39 44 48
2.841534 -10.270351 0.572513 39 44 48
4.566002 -20.071831 -0.405869 39 44 48
8.014939 -39.674789 -2.362633 39 44 48
1.837388 -5.391561 1.052629 43 51 54
2.557710 -10.314250 0.554363 43 51 54
3.998354 -20.159628 -0.442170 43 51 54
6.879643 -39.850384 -2.435236 43 51 54
1.689815 -5.409993 1.043667 45 50 54
2.262565 -10.351114 0.536438 45 50 54
3.408065 -20.233356 -0.478019 45 50 54
5.699065 -39.997841 -2.506933 45 50 54
1.536657 -5.424441 1.034872 76 54 33
1.956248 -10.380011 0.518848 76 54 33
2.795430 -20.291149 -0.513199 76 54 33
4.473795 -40.113426 -2.577294 76 54 33
1.378052 -5.434422 1.026303 21 32 34
1.639039 -10.399973 0.501709 21 32 34
2.161012 -20.331074 -0.547477 21 32 34
3.204959 -40.193275 -2.645849 21 32 34
1.214214 -5.439446 1.018022 17 15 18
1.311363 -10.410021 0.485148 17 15 18
1.505661 -20.351170 -0.580599 17 15 18
1.894258 -40.233467 -2.712093 17 15 18
1.045436 -5.439023 1.010097 19 16 7
0.973806 -10.409175 0.469299 19 16 7
0.830546 -20.349478 -0.612298 19 16 7
0.544028 -40.230083 -2.775493 19 16 7
0.872092 -5.432677 1.002597 13 15 10
0.627119 -10.396482 0.454299 13 15 10
0.137174 -20.324091 -0.642298 13 15 10
-0.842718 -40.179310 -2.835491 13 15 10
0.694648 -5.419953 0.995593 8 12 11
0.272231 -10.371035 0.440291 8 12 11
-0.572603 -20.273197 -0.670314 8 12 11
-2.262270 -40.077522 -2.891524 8 12 11
0.513656 -5.400438 0.989156 15 17 14
-0.089754 -10.332005 0.427416 15 17 14
-1.296574 -20.195137 -0.696063 15 17 14
-3.710213 -39.921402 -2.943022 15 17 14
0.329750 -5.373771 0.983355 16 15 12
-0.457565 -10.278669 0.415813 16 15 12
-2.032195 -20.088467 -0.719269 16 15 12
-5.181456 -39.708061 -2.989433 16 15 12
0.143648 -5.339657 0.978255 10 17 23
-0.829769 -10.210442 0.405614 10 17 23
-2.776604 -19.952011 -0.739669 10 17 23
-6.670274 -39.435150 -3.030233 10 17 23
-0.043866 -5.297881 0.973916 15 14 10
-1.204798 -10.126890 0.396937 15 14 10
-3.526660 -19.784908 -0.757022 15 14 10
-8.170386 -39.100945 -3.064939 15 14 10
-0.231951 -5.248325 0.970392 19 14 18
-1.580968 -10.027778 0.389889 19 14 18
-4.279001 -19.586683 -0.771117 19 14 18
-9.675068 -38.704494 -3.093131 19 14 18
-0.419726 -5.190968 0.967727 17 16 11
-1.956517 -9.913063 0.384558 17 16 11
-5.030100 -19.357254 -0.781780 17 16 11
-11.177265 -38.245636 -3.114456 17 16 11
-0.606289 -5.125898 0.965952 16 16 16
-2.329643 -9.782924 0.381009 16 16 16
-5.776352 -19.096975 -0.788878 16 16 16
-12.669769 -37.725079 -3.128653 16 16 16
-0.790738 -5.053315 0.965090 27 29 18
-2.698542 -9.637758 0.379284 27 29 18
-6.514149 -18.806644 -0.792328 27 29 18
-14.145363 -37.144417 -3.135551 27 29 18
-0.972193 -4.973525 0.965148 53 52 48
-3.061452 -9.478177 0.379401 53 52 48
-7.239970 -18.487482 -0.792094 53 52 48
-15.597006 -36.506092 -3.135085 53 52 48
-1.149816 -4.886936 0.966123 93 90 81
-3.416698 -9.304999 0.381350 93 90 81
-7.950461 -18.141127 -0.788196 93 90 81
-17.017988 -35.813381 -3.127288 93 90 81
-1.322829 -4.794047 0.967996 113 112 107
-3.762724 -9.119222 0.385096 113 112 107
-8.642514 -17.769571 -0.780703 113 112 107
-18.402094 -35.070271 -3.112302 113 112 107
-1.490534 -4.695436 0.970739 107 106 101
-4.098134 -8.921999 0.390582 107 106 101
-9.313333 -17.375126 -0.769732 107 106 101
-19.743731 -34.281380 -3.090360 107 106 101
-1.652322 -4.591740 0.974311 38 25 24
-4.421709 -8.714608 0.397726 38 25 24
-9.960483 -16.960344 -0.755444 38 25 24
-21.038031 -33.451817 -3.061783 38 25 24
-1.807685 -4.483643 0.978662 35 28 22
-4.732435 -8.498413 0.406429 35 28 22
-10.581935 -16.527954 -0.738038 35 28 22
-22.280935 -32.587036 -3.026972 35 28 22
-1.956220 -4.371851 0.983736 76 80 79
-5.029506 -8.274830 0.416575 76 80 79
-11.176078 -16.080788 -0.717745 76 80 79
-23.469221 -31.692703 -2.986386 76 80 79
-2.097632 -4.257080 0.989467 47 42 38
-5.312329 -8.045288 0.428039 47 42 38
-11.741724 -15.621703 -0.694818 47 42 38
-24.600513 -30.774534 -2.940531 47 42 38
-2.231726 -4.140037 0.995790 50 53 46
-5.580517 -7.811202 0.440685 50 53 46
-12.278100 -15.153532 -0.669525 50 53 46
-25.673265 -29.838192 -2.889946 50 53 46
-2.358407 -4.021407 1.002635 99 104 97
-5.833879 -7.573942 0.454375 99 104 97
-12.784824 -14.679011 -0.642146 99 104 97
-26.686714 -28.889151 -2.835188 99 104 97
-2.477668 -3.901837 1.009932 30 32 29
-6.072402 -7.334802 0.468968 30 32 29
-13.261869 -14.200732 -0.612959 30 32 29
-27.640804 -27.932592 -2.776814 30 32 29
-2.589583 -3.781932 1.017612 38 42 41
-6.296231 -7.094992 0.484328 38 42 41
-13.709528 -13.721112 -0.582239 38 42 41
-28.536121 -26.973352 -2.715374 38 42 41
-2.694291 -3.662246 1.025609 34 36 35
-6.505647 -6.855620 0.500322 34 36 35
-14.128359 -13.242368 -0.550252 34 36 35
-29.373783 -26.015863 -2.651400 34 36 35
-2.791991 -3.543275 1.033859 23 28 24
-6.701047 -6.617678 0.516822 23 28 24
-14.519159 -12.766484 -0.517251 23 28 24
-30.155384 -25.064096 -2.585399 23 28 24
-2.882925 -3.425460 1.042304 35 44 41
-6.882915 -6.382049 0.533712 35 44 41
-14.882895 -12.295225 -0.483472 35 44 41
-30.882856 -24.121578 -2.517840 35 44 41
1.975247 -5.351083 0.897025 20 26 25
2.833428 -10.233294 0.243154 20 26 25
4.549791 -19.997715 -1.064589 20 26 25
7.982517 -39.526558 -3.680073 20 26 25
1.833812 -5.372239 0.885110 29 36 44
2.550559 -10.275605 0.219325 29 36 44
3.984052 -20.082338 -1.112247 29 36 44
6.851038 -39.695805 -3.775389 29 36 44
1.686785 -5.389884 0.873355 59 43 30
2.256504 -10.310896 0.195814 59 43 30
3.395941 -20.152920 -1.159268 59 43 30
5.674818 -39.836967 -3.869432 59 43 30
1.534241 -5.403561 0.861829 19 31 32
1.951417 -10.338249 0.172763 19 31 32
2.785769 -20.207626 -1.205370 19 31 32
4.454472 -39.946381 -3.961637 19 31 32
1.376324 -5.412796 0.850611 5 11 10
1.635583 -10.356721 0.150327 5 11 10
2.154101 -20.244570 -1.250242 5 11 10
3.191138 -40.020267 -4.051379 5 11 10
1.213248 -5.417111 0.839784 20 22 19
1.309430 -10.365350 0.128672 20 22 19
1.501795 -20.261827 -1.293553 20 22 19
1.886524 -40.054783 -4.138001 20 22 19
1.045302 -5.416027 0.829434 43 45 42
0.973539 -10.363182 0.107972 43 45 42
0.830013 -20.257492 -1.334952 43 45 42
0.542960 -40.046112 -4.220799 43 45 42
0.872862 -5.409080 0.819653 24 26 21
0.628658 -10.349287 0.088409 24 26 21
0.140251 -20.229702 -1.374077 24 26 21
-0.836564 -39.990532 -4.299049 24 26 21
0.696386 -5.395828 0.810532 24 29 23
0.275706 -10.322783 0.070169 24 29 23
-0.565653 -20.176695 -1.410557 24 29 23
-2.248372 -39.884518 -4.372010 24 29 23
0.516419 -5.375870 0.802166 20 25 21
-0.084227 -10.282868 0.053436 20 25 21
-1.285519 -20.096865 -1.444023 20 25 21
-3.688104 -39.724857 -4.438942 20 25 21
0.333590 -5.348856 0.794643 16 17 19
-0.449885 -10.228841 0.038390 16 17 19
-2.016836 -19.988810 -1.474115 16 17 19
-5.150737 -39.508747 -4.499126 16 17 19
0.148603 -5.314504 0.788048 15 27 28
-0.819860 -10.160135 0.025201 15 27 28
-2.756785 -19.851398 -1.500494 15 27 28
-6.630635 -39.233925 -4.551883 15 27 28
-0.037770 -5.272606 0.782461 25 30 24
-1.192605 -10.076340 0.014026 25 30 24
-3.502276 -19.683807 -1.522844 25 30 24
-8.121617 -38.898743 -4.596584 25 30 24
-0.224702 -5.223050 0.777948 76 77 72
-1.566469 -9.977228 0.005000 76 77 72
-4.250004 -19.485584 -1.540895 76 77 72
-9.617073 -38.502296 -4.632687 76 77 72
-0.411327 -5.165821 0.774566 72 73 67
-1.939719 -9.862770 -0.001763 72 73 67
-4.996504 -19.256668 -1.554422 72 73 67
-11.110073 -38.044464 -4.659739 72 73 67
-0.596760 -5.101008 0.772358 74 73 68
-2.310586 -9.733144 -0.006179 74 73 68
-5.738237 -18.997416 -1.563253 74 73 68
-12.593539 -37.525959 -4.677402 74 73 68
-0.780115 -5.028808 0.771351 40 43 36
-2.677296 -9.588744 -0.008193 40 43 36
-6.471657 -18.708616 -1.567282 40 43 36
-14.060380 -36.948360 -4.685460 40 43 36
-0.960528 -4.949523 0.771555 44 44 36
-3.038121 -9.430174 -0.007786 44 44 36
-7.193308 -18.391476 -1.566468 44 44 36
-15.503681 -36.314079 -4.683832 44 44 36
-1.137173 -4.863554 0.772963 45 46 38
-3.391412 -9.258235 -0.004970 45 46 38
-7.899890 -18.047598 -1.560836 45 46 38
-16.916845 -35.626324 -4.672568 45 46 38
-1.309288 -4.771389 0.775552 39 40 35
-3.735642 -9.073906 0.000208 39 40 35
-8.588349 -17.678940 -1.550479 39 40 35
-18.293764 -34.889008 -4.651854 39 40 35
-1.476182 -4.673593 0.779284 37 38 33
-4.069430 -8.878314 0.007673 37 38 33
-9.255926 -17.287756 -1.535551 37 38 33
-19.628918 -34.106640 -4.621997 37 38 33
-1.637257 -4.570792 0.784106 28 23 19
-4.391579 -8.672711 0.017316 28 23 19
-9.900224 -16.876551 -1.516264 28 23 19
-20.917513 -33.284229 -4.583424 28 23 19
-1.792008 -4.463651 0.789952 39 30 25
-4.701082 -8.458429 0.029008 39 30 25
-10.519230 -16.447987 -1.492880 39 30 25
-22.155525 -32.427101 -4.536656 39 30 25
-1.940037 -4.352863 0.796747 78 80 77
-4.997139 -8.236855 0.042598 78 80 77
-11.111342 -16.004837 -1.465700 78 80 77
-23.339750 -31.540800 -4.482295 78 80 77
-2.081045 -4.239130 0.804408 44 43 41
-5.279156 -8.009387 0.057921 44 43 41
-11.675378 -15.549902 -1.435054 44 43 41
-24.467821 -30.630932 -4.421004 44 43 41
-2.214839 -4.123142 0.812847 49 51 46
-5.546744 -7.777413 0.074799 49 51 46
-12.210553 -15.085954 -1.401298 49 51 46
-25.538172 -29.703035 -4.353492 49 51 46
-2.341318 -4.005573 0.821974 44 48 51
-5.799702 -7.542274 0.093051 44 48 51
-12.716469 -14.615675 -1.364793 44 48 51
-26.550003 -28.762478 -4.280481 44 48 51
-2.460471 -3.887057 0.831695 106 84 71
-6.038007 -7.305241 0.112495 106 84 71
-13.193079 -14.141610 -1.325906 106 84 71
-27.503223 -27.814348 -4.202707 106 84 71
-2.572361 -3.768188 0.841922 65 43 29
-6.261788 -7.067504 0.132949 65 43 29
-13.640642 -13.666137 -1.284997 65 43 29
-28.398350 -26.863401 -4.120891 65 43 29
-2.677123 -3.649512 0.852568 91 96 92
-6.471312 -6.830152 0.154240 91 96 92
-14.059690 -13.191431 -1.242417 91 96 92
-29.236444 -25.913990 -4.035729 91 96 92
-2.774946 -3.531517 0.863548 55 47 44
-6.666958 -6.594162 0.176201 55 47 44
-14.450982 -12.719453 -1.198494 55 47 44
-30.019030 -24.970034 -3.947885 55 47 44
-2.866065 -3.414640 0.874786 36 39 32
-6.849195 -6.360407 0.198677 36 39 32
-14.815456 -12.251943 -1.153542 36 39 32
-30.747978 -24.035013 -3.857979 36 39 32
1.970302 -5.327437 0.734601 65 66 61
2.823539 -10.186002 -0.081694 65 66 61
4.530012 -19.903131 -1.714283 65 66 61
7.942958 -39.337391 -4.979463 65 66 61
1.829467 -5.347606 0.719968 76 77 72
2.541869 -10.226340 -0.110960 76 77 72
3.966673 -19.983809 -1.772816 76 77 72
6.816281 -39.498745 -5.096527 76 77 72
1.683124 -5.364274 0.705542 58 28 17
2.249182 -10.259675 -0.139812 58 28 17
3.381299 -20.050478 -1.830520 58 28 17
5.645532 -39.632084 -5.211936 58 28 17
1.531352 -5.376993 0.691410 8 10 9
1.945638 -10.285114 -0.168075 8 10 9
2.774210 -20.101357 -1.887046 8 10 9
4.431355 -39.733841 -5.324987 8 10 9
1.374296 -5.385305 0.677668 28 28 25
1.631526 -10.301738 -0.195560 28 28 25
2.145986 -20.134604 -1.942015 28 28 25
3.174907 -39.800335 -5.434926 28 28 25
1.212170 -5.388741 0.664417 32 34 36
1.307274 -10.308610 -0.222062 32 34 36
1.497482 -20.148348 -1.995020 32 34 36
1.877899 -39.827824 -5.540936 32 34 36
1.045264 -5.386840 0.651763 27 32 28
0.973462 -10.304808 -0.247370 27 32 28
0.829859 -20.140743 -2.045635 27 32 28
0.542652 -39.812614 -5.642166 27 32 28
0.873949 -5.379150 0.639818 86 90 91
0.630832 -10.289429 -0.271260 86 90 91
0.144599 -20.109985 -2.093417 86 90 91
-0.827868 -39.751099 -5.737729 86 90 91
0.698678 -5.365248 0.628693 72 72 72
0.280290 -10.261623 -0.293510 72 72 72
-0.556485 -20.054375 -2.137916 72 72 72
-2.230035 -39.639877 -5.826727 72 72 72
0.519989 -5.344745 0.618501 26 23 18
-0.077088 -10.220618 -0.313894 26 23 18
-1.271242 -19.972364 -2.178683 26 23 18
-3.659550 -39.475857 -5.908262 26 23 18
0.338497 -5.317307 0.609351 34 29 26
-0.440071 -10.165743 -0.332194 34 29 26
-1.997208 -19.862614 -2.215283 34 29 26
-5.111481 -39.256355 -5.981462 34 29 26
0.154895 -5.282663 0.601346 53 58 62
-0.807275 -10.096454 -0.348204 53 58 62
-2.731615 -19.724035 -2.247303 53 58 62
-6.580295 -38.979198 -6.045502 53 58 62
-0.030060 -5.240619 0.594580 81 86 90
-1.177186 -10.012365 -0.361736 81 86 90
-3.471437 -19.555859 -2.274367 81 86 90
-8.059940 -38.642845 -6.099629 81 86 90
-0.215560 -5.191067 0.589136 119 81 68
-1.548186 -9.913261 -0.372624 119 81 68
-4.213438 -19.357651 -2.296144 119 81 68
-9.543941 -38.246429 -6.143185 119 81 68
-0.400759 -5.133999 0.585080 140 97 80
-1.918583 -9.799127 -0.380735 140 97 80
-4.954231 -19.129381 -2.312366 140 97 80
-11.025527 -37.789890 -6.175627 140 97 80
-0.584789 -5.069506 0.582465 151 153 150
-2.286644 -9.670140 -0.385965 151 153 150
-5.690353 -18.871408 -2.322827 151 153 150
-12.497771 -37.273945 -6.196549 151 153 150
-0.766786 -4.997782 0.581322 143 143 134
-2.650637 -9.526692 -0.388252 143 143 134
-6.418340 -18.584513 -2.327399 143 143 134
-13.953745 -36.700153 -6.205693 143 143 134
-0.945903 -4.919125 0.581663 123 75 52
-3.008872 -9.369377 -0.387570 123 75 52
-7.134809 -18.269882 -2.326035 123 75 52
-15.386684 -36.070892 -6.202967 123 75 52
-1.121334 -4.833923 0.583480 106 65 45
-3.359734 -9.198975 -0.383936 106 65 45
-7.836534 -17.929077 -2.318767 106 65 45
-16.790133 -35.389282 -6.188430 106 65 45
-1.292331 -4.742656 0.586745 101 103 100
-3.701727 -9.016439 -0.377407 101 103 100
-8.520520 -17.564007 -2.305709 101 103 100
-18.158106 -34.659142 -6.162313 101 103 100
-1.458215 -4.645870 0.591410 74 79 75
-4.033496 -8.822868 -0.368076 74 79 75
-9.184058 -17.176865 -2.287048 74 79 75
-19.485182 -33.884857 -6.124992 74 79 75
-1.618399 -4.544176 0.597411 38 29 24
-4.353864 -8.619480 -0.356074 38 29 24
-9.824794 -16.770088 -2.263044 38 29 24
-20.766653 -33.071304 -6.076984 38 29 24
-1.772386 -4.438221 0.604669 10 15 9
-4.661837 -8.407570 -0.341558 10 15 9
-10.440739 -16.346268 -2.234012 10 15 9
-21.998543 -32.223663 -6.018920 10 15 9
-1.919777 -4.328679 0.613092 67 73 71
-4.956620 -8.188486 -0.324712 67 73 71
-11.030306 -15.908100 -2.200319 67 73 71
-23.177677 -31.347328 -5.951534 67 73 71
-2.060279 -4.216232 0.622579 45 47 44
-5.237624 -7.963593 -0.305737 45 47 44
-11.592314 -15.458314 -2.162369 45 47 44
-24.301693 -30.447756 -5.875634 45 47 44
-2.193692 -4.101556 0.633024 41 43 38
-5.504450 -7.734241 -0.284847 41 43 38
-12.125965 -14.999609 -2.120590 41 43 38
-25.368996 -29.530346 -5.792077 41 43 38
-2.319912 -3.985305 0.644315 27 27 27
-5.756890 -7.501738 -0.262265 27 27 27
-12.630845 -14.534603 -2.075426 27 27 27
-26.378756 -28.600334 -5.701747 27 27 27
-2.438920 -3.868099 0.656342 26 31 27
-5.994905 -7.267326 -0.238212 26 31 27
-13.106874 -14.065780 -2.027320 26 31 27
-27.330814 -27.662687 -5.605536 26 31 27
-2.550772 -3.750520 0.668993 36 39 30
-6.218609 -7.032169 -0.212910 36 39 30
-13.554284 -13.595466 -1.976715 36 39 30
-28.225634 -26.722059 -5.504326 36 39 30
-2.655592 -3.633103 0.682163 88 93 89
-6.428250 -6.797333 -0.186570 88 93 89
-13.973566 -13.125794 -1.924036 88 93 89
-29.064198 -25.782717 -5.398968 88 93 89
-2.753561 -3.516326 0.695750 67 56 50
-6.624187 -6.563781 -0.159397 67 56 50
-14.365438 -12.658689 -1.869689 67 56 50
-29.847942 -24.848507 -5.290273 67 56 50
-2.844901 -3.400620 0.709658 26 28 23
-6.806867 -6.332367 -0.131579 26 28 23
-14.730800 -12.195862 -1.814054 26 28 23
-30.578665 -23.922852 -5.179003 26 28 23
1.964509 -5.298912 0.574906 83 84 79
2.811953 -10.128951 -0.401084 83 84 79
4.506841 -19.789030 -2.353063 83 84 79
7.896616 -39.109188 -6.257021 83 84 79
1.824393 -5.317918 0.557697 86 76 67
2.531721 -10.166964 -0.435501 86 76 67
3.946377 -19.865055 -2.421898 86 76 67
6.775688 -39.261238 -6.394692 86 76 67
1.678867 -5.333435 0.540746 69 37 26
2.240669 -10.197998 -0.469403 69 37 26
3.364272 -19.927124 -2.489702 69 37 26
5.611479 -39.385376 -6.530300 69 37 26
1.528015 -5.345031 0.524155 76 77 71
1.938965 -10.221190 -0.502585 76 77 71
2.760864 -19.973509 -2.556065 76 77 71
4.404662 -39.478146 -6.663026 76 77 71
1.371984 -5.352258 0.508036 18 29 23
1.626902 -10.235644 -0.534823 18 29 23
2.136739 -20.002417 -2.620542 18 29 23
3.156413 -39.535961 -6.791980 18 29 23
1.210988 -5.354667 0.492507 10 16 12
1.304911 -10.240462 -0.565882 10 16 12
1.492757 -20.012053 -2.682660 10 16 12
1.868449 -39.555233 -6.916215 10 16 12
1.045317 -5.351810 0.477692 86 87 82
0.973569 -10.234748 -0.595512 86 87 82
0.830072 -20.000624 -2.741920 86 87 82
0.543079 -39.532375 -7.034735 86 87 82
0.875337 -5.343256 0.463720 16 12 9
0.633608 -10.217640 -0.623456 16 12 9
0.150150 -19.966408 -2.797809 16 12 9
-0.816765 -39.463943 -7.146513 16 12 9
0.701494 -5.328596 0.450721 70 67 62
0.285922 -10.188319 -0.649453 70 67 62
-0.545222 -19.907766 -2.849802 70 67 62
-2.207509 -39.346661 -7.250501 70 67 62
0.524315 -5.307462 0.438826 60 61 56
-0.068434 -10.146051 -0.673244 60 61 56
-1.253934 -19.823231 -2.897384 60 61 56
-3.624934 -39.177589 -7.345664 60 61 56
0.344406 -5.279533 0.428160 33 38 32
-0.428253 -10.090195 -0.694576 33 38 32
-1.973571 -19.711517 -2.940047 33 38 32
-5.064208 -38.954163 -7.430990 33 38 32
0.162442 -5.244555 0.418842 15 16 20
-0.792182 -10.020238 -0.713211 15 16 20
-2.701430 -19.571604 -2.977317 15 16 20
-6.519925 -38.674335 -7.505530 15 16 20
-0.020840 -5.202345 0.410982 73 74 66
-1.158745 -9.935818 -0.728933 73 74 66
-3.434556 -19.402763 -3.008761 73 74 66
-7.986176 -38.336655 -7.568418 73 74 66
-0.204650 -5.152807 0.404672 66 67 61
-1.526365 -9.836741 -0.741551 66 67 61
-4.169795 -19.204611 -3.033998 66 67 61
-9.456656 -37.940350 -7.618892 66 67 61
-0.388163 -5.095935 0.399992 44 45 40
-1.893391 -9.722998 -0.750911 44 45 40
-4.903848 -18.977123 -3.052718 44 45 40
-10.924761 -37.485374 -7.656332 44 45 40
-0.570537 -5.031823 0.397000 31 32 26
-2.258139 -9.594774 -0.756896 31 32 26
-5.633344 -18.720676 -3.064688 31 32 26
-12.383754 -36.972481 -7.680272 31 32 26
-0.750929 -4.960664 0.395731 34 36 31
-2.618923 -9.452456 -0.759433 34 36 31
-6.354912 -18.436041 -3.069762 34 36 31
-13.826889 -36.403210 -7.690420 34 36 31
-0.928515 -4.882746 0.396200 30 32 27
-2.974095 -9.296619 -0.758495 30 32 27
-7.065256 -18.124367 -3.067885 30 32 27
-15.247578 -35.779861 -7.686666 30 32 27
-1.102509 -4.798449 0.398398 33 39 29
-3.322083 -9.128026 -0.754100 33 39 29
-7.761231 -17.787180 -3.059096 33 39 29
-16.639528 -35.105488 -7.669087 33 39 29
-1.272180 -4.708236 0.402290 65 66 60
-3.661425 -8.947600 -0.746316 65 66 60
-8.439916 -17.426329 -3.043527 65 66 60
-17.996897 -34.383785 -7.637950 65 66 60
-1.436867 -4.612640 0.407823 66 67 61
-3.990799 -8.756408 -0.735250 66 67 61
-9.098664 -17.043943 -3.021397 66 67 61
-19.314394 -33.619015 -7.593689 66 67 61
-1.595991 -4.512247 0.414921 64 65 59
-4.309048 -8.555622 -0.721054 64 65 59
-9.735162 -16.642372 -2.993003 64 65 59
-20.587389 -32.815872 -7.536901 64 65 59
-1.749065 -4.407687 0.423494 29 31 30
-4.615195 -8.346502 -0.703908 29 31 30
-10.347455 -16.224133 -2.958712 29 31 30
-21.811975 -31.979393 -7.468319 29 31 30
-1.895694 -4.299611 0.433435 62 67 63
-4.908454 -8.130350 -0.684026 62 67 63
-10.933974 -15.791828 -2.918947 62 67 63
-22.985014 -31.114784 -7.388789 62 67 63
-2.035585 -4.188680 0.444628 25 29 28
-5.188236 -7.908487 -0.661640 25 29 28
-11.493537 -15.348103 -2.874176 25 29 28
-24.104139 -30.227333 -7.299248 25 29 28
-2.168535 -4.075547 0.456948 54 59 53
-5.454136 -7.682222 -0.637000 54 59 53
-12.025338 -14.895573 -2.824895 54 59 53
-25.167742 -29.322273 -7.200686 54 59 53
-2.294435 -3.960849 0.470267 33 34 26
-5.705936 -7.452826 -0.610361 33 34 26
-12.528937 -14.436779 -2.771617 33 34 26
-26.174940 -28.404686 -7.094131 33 34 26
-2.413258 -3.845190 0.484456 28 29 31
-5.943582 -7.221507 -0.581983 28 29 31
-13.004230 -13.974142 -2.714862 28 29 31
-27.125525 -27.479412 -6.980620 28 29 31
-2.525051 -3.729135 0.499386 25 31 29
-6.167168 -6.989398 -0.552123 25 31 29
-13.451402 -13.509924 -2.655141 25 31 29
-28.019869 -26.550976 -6.861178 25 31 29
-2.629927 -3.613205 0.514934 14 26 20
-6.376920 -6.757539 -0.521028 14 26 20
-13.870905 -13.046206 -2.592951 14 26 20
-28.858875 -25.623539 -6.736797 14 26 20
-2.728054 -3.497871 0.530981 82 69 61
-6.573173 -6.526869 -0.488935 82 69 61
-14.263412 -12.584867 -2.528765 82 69 61
-29.643888 -24.700861 -6.608425 82 69 61
-2.819643 -3.383551 0.547415 18 22 21
-6.756352 -6.298230 -0.456066 18 22 21
-14.629770 -12.127587 -2.463028 18 22 21
-30.376606 -23.786303 -6.476953 18 22 21
1.957920 -5.265783 0.418371 85 86 81
2.798774 -10.062694 -0.714153 85 86 81
4.480482 -19.656515 -2.979202 85 86 81
7.843898 -38.844158 -7.509300 85 86 81
1.818635 -5.283471 0.398749 73 50 31
2.520205 -10.098069 -0.753398 73 50 31
3.923346 -19.727266 -3.057692 73 50 31
6.729626 -38.985661 -7.666280 73 50 31
1.674053 -5.297687 0.379437 67 45 28
2.231041 -10.126501 -0.792021 67 45 28
3.345017 -19.784130 -3.134938 67 45 28
5.572969 -39.099388 -7.820772 67 45 28
1.524262 -5.308012 0.360553 76 77 72
1.931458 -10.147152 -0.829789 76 77 72
2.745851 -19.825432 -3.210474 76 77 72
4.374636 -39.181992 -7.971843 76 77 72
1.369410 -5.314017 0.342222 17 23 21
1.621754 -10.159163 -0.866451 17 23 21
2.126443 -19.849453 -3.283797 17 23 21
3.135821 -39.230034 -8.118490 17 23 21
1.209713 -5.315269 0.324579 9 15 15
1.302361 -10.161666 -0.901739 9 15 15
1.487656 -19.854460 -3.354373 9 15 15
1.858247 -39.240047 -8.259642 9 15 15
1.045458 -5.311340 0.307762 62 63 57
0.973850 -10.153808 -0.935372 62 63 57
0.830635 -19.838743 -3.421639 62 63 57
0.544205 -39.208614 -8.394175 62 63 57
0.877006 -5.301816 0.291917 17 12 8
0.636947 -10.134760 -0.967062 17 12 8
0.156828 -19.800648 -3.485019 17 12 8
-0.803409 -39.132423 -8.520933 17 12 8
0.704797 -5.286310 0.277191 59 61 54
0.292528 -10.103747 -0.996514 59 61 54
-0.532010 -19.738623 -3.543924 59 61 54
-2.181086 -39.008373 -8.638743 59 61 54
0.529346 -5.264472 0.263728 55 54 49
-0.058374 -10.060072 -1.023439 55 54 49
-1.233814 -19.651272 -3.597774 55 54 49
-3.584693 -38.833672 -8.746443 55 54 49
0.351243 -5.236002 0.251670 27 29 28
-0.414580 -10.003132 -1.047555 27 29 28
-1.946225 -19.537392 -3.646007 27 29 28
-5.009516 -38.605911 -8.842909 27 29 28
0.171146 -5.200658 0.241149 21 27 17
-0.774773 -9.932445 -1.068597 21 27 17
-2.666611 -19.396017 -3.688090 21 27 17
-6.450288 -38.323162 -8.927076 21 27 17
-0.010226 -5.158273 0.232286 11 16 12
-1.137517 -9.847673 -1.086323 11 16 12
-3.392099 -19.226475 -3.723543 11 16 12
-7.901264 -37.984077 -8.997981 11 16 12
-0.192108 -5.108759 0.225186 14 20 16
-1.501282 -9.748647 -1.100523 14 20 16
-4.119629 -19.028421 -3.751943 14 20 16
-9.356323 -37.587971 -9.054781 14 20 16
-0.373700 -5.052120 0.219936 17 20 9
-1.864466 -9.635368 -1.111024 17 20 9
-4.845998 -18.801865 -3.772943 17 20 9
-10.809061 -37.134857 -9.096783 17 20 9
-0.554186 -4.988449 0.216599 17 19 16
-2.225437 -9.508025 -1.117697 17 19 16
-5.567939 -18.547178 -3.786290 17 19 16
-12.252943 -36.625484 -9.123475 17 19 16
-0.732747 -4.917935 0.215217 18 28 19
-2.582559 -9.366998 -1.120461 18 28 19
-6.282183 -18.265123 -3.791819 18 28 19
-13.681431 -36.061375 -9.134533 18 28 19
-0.908584 -4.840859 0.215804 26 28 23
-2.934234 -9.212847 -1.119287 26 28 23
-6.985533 -17.956821 -3.789470 26 28 23
-15.088131 -35.444771 -9.129835 26 28 23
-1.080935 -4.757592 0.218349 33 34 29
-3.278935 -9.046311 -1.114197 33 34 29
-7.674936 -17.623751 -3.779289 33 34 29
-16.466938 -34.778629 -9.109474 33 34 29
-1.249089 -4.668577 0.222817 37 39 34
-3.615244 -8.868281 -1.105263 37 39 34
-8.347553 -17.267691 -3.761421 37 39 34
-17.812172 -34.066509 -9.073737 37 39 34
-1.412402 -4.574327 0.229144 40 40 38
-3.941869 -8.679783 -1.092608 40 40 38
-9.000804 -16.890694 -3.736113 40 40 38
-19.118673 -33.312515 -9.023121 40 40 38
-1.570308 -4.475411 0.237248 45 46 41
-4.257681 -8.481951 -1.076400 45 46 41
-9.632427 -16.495029 -3.703695 45 46 41
-20.381920 -32.521187 -8.958286 45 46 41
-1.722328 -4.372432 0.247027 44 44 42
-4.561721 -8.275991 -1.056841 44 44 42
-10.240507 -16.083111 -3.664577 44 44 42
-21.598080 -31.697348 -8.880051 44 44 42
-1.868073 -4.266017 0.258364 62 67 63
-4.853211 -8.063162 -1.034168 62 67 63
-10.823488 -15.657451 -3.619231 62 67 63
-22.764042 -30.846029 -8.789358 62 67 63
-2.007250 -4.156804 0.271127 38 41 34
-5.131566 -7.844737 -1.008642 38 41 34
-11.380198 -15.220601 -3.568181 38 41 34
-23.877460 -29.972330 -8.687257 38 41 34
-2.139655 -4.045424 0.285177 43 49 45
-5.396376 -7.621977 -0.980541 43 49 45
-11.909817 -14.775082 -3.511978 43 49 45
-24.936699 -29.081291 -8.574851 43 49 45
-2.265172 -3.932491 0.300371 22 23 25
-5.647409 -7.396111 -0.950153 22 23 25
-12.411883 -14.323349 -3.451202 22 23 25
-25.940832 -28.177826 -8.453300 22 23 25
-2.383765 -3.818590 0.316563 24 29 21
-5.884594 -7.168308 -0.917769 24 29 21
-12.886254 -13.867743 -3.386434 24 29 21
-26.889574 -27.266615 -8.323764 24 29 21
-2.495471 -3.704269 0.333609 17 24 17
-6.108007 -6.939667 -0.883677 17 24 17
-13.333079 -13.410461 -3.318250 17 24 17
-27.783224 -26.352051 -8.187396 17 24 17
-2.600390 -3.590035 0.351370 15 15 15
-6.317846 -6.711197 -0.848156 15 15 15
-13.752758 -12.953523 -3.247209 15 15 15
-28.622581 -25.438173 -8.045313 15 15 15
-2.698679 -3.476345 0.369711 86 45 33
-6.514424 -6.483818 -0.811475 86 45 33
-14.145914 -12.498763 -3.173845 86 45 33
-29.408894 -24.528654 -7.898585 86 45 33
-2.790536 -3.363609 0.388506 41 31 22
-6.698137 -6.258347 -0.773884 41 31 22
-14.513340 -12.047821 -3.098664 41 31 22
-30.143745 -23.626770 -7.748224 41 31 22
1.950588 -5.228356 0.265381 64 66 61
2.784111 -9.987840 -1.020134 64 66 61
4.451158 -19.506807 -3.591165 64 66 61
7.785249 -38.544743 -8.733225 64 66 61
1.812244 -5.244592 0.243522 81 45 29
2.507422 -10.020311 -1.063853 81 45 29
3.897778 -19.571751 -3.678601 81 45 29
6.678491 -38.674629 -8.908097 81 45 29
1.668725 -5.257378 0.222029 67 38 22
2.220385 -10.045883 -1.106838 67 38 22
3.323704 -19.622894 -3.764571 67 38 22
5.530342 -38.776917 -9.080037 67 38 22
1.520125 -5.266310 0.201032 66 67 62
1.923185 -10.063747 -1.148832 66 67 62
2.729304 -19.658623 -3.848560 66 67 62
4.341543 -38.848373 -9.248016 66 67 62
1.366596 -5.270977 0.180669 13 19 17
1.616127 -10.073082 -1.189558 13 19 17
2.115188 -19.677292 -3.930012 13 19 17
3.113311 -38.885712 -9.410919 13 19 17
1.208354 -5.270966 0.161088 16 17 11
1.299641 -10.073059 -1.228720 16 17 11
1.482218 -19.677246 -4.008337 16 17 11
1.847370 -38.885620 -9.567569 16 17 11
1.045681 -5.265867 0.142442 58 59 54
0.974297 -10.062862 -1.266011 58 59 54
0.831528 -19.656853 -4.082918 58 59 54
0.545991 -38.844833 -9.716732 58 59 54
0.878935 -5.255291 0.124891 52 53 48
0.640805 -10.041710 -1.301113 52 53 48
0.164546 -19.614548 -4.153121 52 53 48
-0.787974 -38.760223 -9.857139 52 53 48
0.708547 -5.238870 0.108595 47 48 42
0.300028 -10.008868 -1.333706 47 48 42
-0.517010 -19.548864 -4.218307 47 48 42
-2.151085 -38.628857 -9.987511 47 48 42
0.535019 -5.216275 0.093711 20 26 22
-0.047028 -9.963678 -1.363474 20 26 22
-1.211122 -19.458485 -4.277843 20 26 22
-3.539309 -38.448097 -10.106582 20 26 22
0.358925 -5.187224 0.080393 22 27 23
-0.399215 -9.905576 -1.390109 22 27 23
-1.915495 -19.342279 -4.331114 22 27 23
-4.948056 -38.215687 -10.213123 22 27 23
0.180905 -5.151495 0.068786 28 28 31
-0.755255 -9.834117 -1.413324 28 28 31
-2.627575 -19.199362 -4.377543 28 28 31
-6.372216 -37.929852 -10.305983 28 28 31
0.001654 -5.108933 0.059020 35 37 32
-1.113757 -9.748994 -1.432857 35 37 32
-3.344580 -19.029116 -4.416609 35 37 32
-7.806225 -37.589359 -10.384113 35 37 32
-0.178087 -5.059462 0.051209 33 40 32
-1.473240 -9.650052 -1.448478 33 40 32
-4.063546 -18.831232 -4.447852 33 40 32
-9.244157 -37.193592 -10.446600 33 40 32
-0.357546 -5.003091 0.045446 33 37 36
-1.832158 -9.537310 -1.460004 33 37 36
-4.781381 -18.605747 -4.470904 33 37 36
-10.679828 -36.742622 -10.492703 33 37 36
-0.535933 -4.939916 0.041801 33 38 32
-2.188931 -9.410959 -1.467294 33 38 32
-5.494928 -18.353046 -4.485484 33 38 32
-12.106922 -36.237221 -10.521863 33 38 32
-0.712459 -4.870121 0.040317 34 39 33
-2.541983 -9.271371 -1.470261 34 39 33
-6.201031 -18.073870 -4.491418 34 39 33
-13.519128 -35.678867 -10.533731 34 39 33
-0.886351 -4.793982 0.041011 37 44 37
-2.889768 -9.119091 -1.468873 37 44 37
-6.896602 -17.769310 -4.488642 37 44 37
-14.910269 -35.069748 -10.528180 37 44 37
-1.056872 -4.711851 0.043870 42 43 38
-3.230810 -8.954830 -1.463155 42 43 38
-7.578685 -17.440788 -4.477206 42 43 38
-16.274435 -34.412704 -10.505307 42 43 38
-1.223333 -4.624158 0.048855 43 43 38
-3.563732 -8.779445 -1.453186 43 43 38
-8.244529 -17.090017 -4.457267 43 43 38
-17.606123 -33.711163 -10.465429 43 43 38
-1.385109 -4.531396 0.055898 45 50 46
-3.887283 -8.593921 -1.439099 45 50 46
-8.891631 -16.718969 -4.429094 45 50 46
-18.900328 -32.969067 -10.409084 45 50 46
-1.541648 -4.434108 0.064910 52 53 47
-4.200361 -8.399343 -1.421075 52 53 47
-9.517787 -16.329815 -4.393045 52 53 47
-20.152639 -32.190758 -10.336987 52 53 47
-1.692481 -4.332871 0.075781 58 59 54
-4.502027 -8.196870 -1.399334 58 59 54
-10.121119 -15.924868 -4.349564 58 59 54
-21.359304 -31.380863 -10.250024 58 59 54
-1.837225 -4.228289 0.088381 62 67 61
-4.791516 -7.987705 -1.374134 62 67 61
-10.700098 -15.506538 -4.299164 62 67 61
-22.517262 -30.544205 -10.149224 62 67 61
-1.975589 -4.120972 0.102569 60 61 56
-5.068244 -7.773072 -1.345759 60 61 56
-11.253553 -15.077272 -4.242413 60 61 56
-23.624172 -29.685673 -10.035722 60 61 56
-2.107366 -4.011527 0.118192 66 68 65
-5.331797 -7.554182 -1.314511 66 68 65
-11.780659 -14.639492 -4.179918 66 68 65
-24.678383 -28.810112 -9.910732 66 68 65
-2.232432 -3.900545 0.135095 25 29 28
-5.581930 -7.332217 -1.280706 25 29 28
-12.280926 -14.195562 -4.112308 25 29 28
-25.678917 -27.922253 -9.775511 25 29 28
-2.350745 -3.788587 0.153118 23 26 19
-5.818555 -7.108302 -1.244660 23 26 19
-12.754176 -13.747732 -4.040215 23 26 19
-26.625418 -27.026592 -9.631326 23 26 19
-2.462330 -3.676186 0.172103 16 26 18
-6.041725 -6.883500 -1.206689 16 26 18
-13.200515 -13.298127 -3.964274 16 26 18
-27.518095 -26.127382 -9.479444 16 26 18
-2.567274 -3.563830 0.191897 16 18 15
-6.251613 -6.658789 -1.167102 16 18 15
-13.620292 -12.848705 -3.885099 16 18 15
-28.357649 -25.228539 -9.321095 16 18 15
-2.665719 -3.451965 0.212352 73 46 29
-6.448503 -6.435059 -1.126191 73 46 29
-14.014072 -12.401245 -3.803277 73 46 29
-29.145210 -24.333618 -9.157451 73 46 29
-2.757849 -3.340990 0.233330 52 35 21
-6.632763 -6.213107 -1.084237 52 35 21
-14.382591 -11.957342 -3.719369 52 35 21
-29.882248 -23.445812 -8.989634 52 35 21
-3.107653 -3.334199 3.379247 190 188 191
-6.352635 -6.679507 5.190050 190 188 191
-12.842600 -13.370123 8.811656 190 188 191
-25.822529 -26.751354 16.054867 190 188 191
-3.194259 -3.218548 3.431193 171 171 173
-6.525848 -6.448205 5.293942 171 171 173
-13.189025 -12.907518 9.019441 171 171 173
-26.515379 -25.826145 16.470436 171 171 173
-3.282251 -3.093194 3.484110 181 179 182
-6.701832 -6.197496 5.399776 181 179 182
-13.540993 -12.406101 9.231107 181 179 182
-27.219315 -24.823311 16.893768 181 179 182
-3.371160 -2.957458 3.537738 176 176 176
-6.879650 -5.926024 5.507031 176 176 176
-13.896628 -11.863156 9.445619 176 176 176
-27.930586 -23.737421 17.322792 176 176 176
-3.460404 -2.810688 3.591753 166 166 168
-7.058137 -5.632484 5.615063 166 166 168
-14.253603 -11.276077 9.661681 166 166 168
-28.644535 -22.563263 17.754917 166 166 168
-3.549277 -2.652290 3.645761 148 152 153
-7.235884 -5.315688 5.723078 148 152 153
-14.609097 -10.642484 9.877711 148 152 153
-29.355522 -21.296076 18.186977 148 152 153
-3.636945 -2.481754 3.699287 156 156 158
-7.411219 -4.974616 5.830131 156 156 158
-14.959766 -9.960340 10.091817 156 156 158
-30.056862 -19.931789 18.615189 156 156 158
-3.722439 -2.298701 3.751783 161 161 163
-7.582207 -4.608511 5.935122 161 161 163
-15.301743 -9.228130 10.301799 161 161 163
-30.740814 -18.467369 19.035152 161 161 163
-3.804665 -2.102926 3.802620 166 166 168
-7.746659 -4.216960 6.036796 166 166 168
-15.630647 -8.445028 10.505147 166 166 168
-31.398623 -16.901165 19.441849 166 166 168
-3.882416 -1.894441 3.851103 168 168 168
-7.902162 -3.799990 6.133761 168 168 168
-15.941652 -7.611088 10.699078 168 168 168
-32.020634 -15.233285 19.829712 168 168 168
-3.954400 -1.673527 3.896481 171 171 173
-8.046129 -3.358163 6.224518 171 171 173
-16.229588 -6.727434 10.880592 171 171 173
-32.596504 -13.465977 20.192741 171 171 173
-4.019276 -1.440775 3.937973 176 176 176
-8.175881 -2.892659 6.307502 176 176 176
-16.489092 -5.796426 11.046559 176 176 176
-33.115513 -11.603960 20.524673 176 176 176
-4.075709 -1.197114 3.974792 180 178 179
-8.288747 -2.405336 6.381141 180 178 179
-16.714823 -4.821781 11.193837 180 178 179
-33.566975 -9.654671 20.819229 180 178 179
-4.122428 -0.943826 4.006184 189 187 188
-8.382185 -1.898760 6.443924 189 187 188
-16.901699 -3.808629 11.319404 189 187 188
-33.940727 -7.628366 21.070362 189 187 188
-4.158295 -0.682537 4.031465 188 186 187
-8.453919 -1.376183 6.494484 188 186 187
-17.045168 -2.763475 11.420525 188 186 187
-34.227665 -5.538058 21.272606 188 186 187
-4.182376 -0.415187 4.050060 186 184 185
-8.502082 -0.841482 6.531676 186 184 185
-17.141493 -1.694072 11.494908 186 184 185
-34.420315 -3.399252 21.421371 186 184 185
-4.193999 -0.143963 4.061545 183 181 182
-8.525327 -0.299033 6.554646 183 181 182
-17.187983 -0.609175 11.540847 183 181 182
-34.513294 -1.229459 21.513248 183 181 182
-4.192801 0.128779 4.065669 165 163 164
-8.522930 0.246449 6.562894 165 163 164
-17.183189 0.481790 11.557343 165 163 164
-34.503708 0.952472 21.546242 165 163 164
-4.178757 0.400614 4.062375 142 142 142
-8.494843 0.790120 6.556305 142 142 142
-17.127014 1.569132 11.544167 142 142 142
-34.391357 3.127156 21.519890 142 142 142
-4.152182 0.669158 4.051802 138 138 138
-8.441693 1.327207 6.535160 138 138 138
-17.020716 2.643305 11.501876 138 138 138
-34.178761 5.275501 21.435307 138 138 138
-4.113709 0.932165 4.034276 138 138 138
-8.364748 1.853222 6.500107 138 138 138
-16.866825 3.695336 11.431770 138 138 138
-33.870979 7.379563 21.295097 138 138 138
-4.064246 1.187624 4.010283 156 156 156
-8.265821 2.364140 6.452121 156 156 156
-16.668972 4.717171 11.335798 156 156 156
-33.475273 9.423234 21.103153 156 156 156
-4.004914 1.433816 3.980440 170 169 165
-8.147158 2.856524 6.392435 170 169 165
-16.431644 5.701941 11.216426 170 169 165
-33.000618 11.392773 20.864407 170 169 165
-3.936982 1.669365 3.945453 163 163 163
-8.011293 3.327622 6.322462 163 163 163
-16.159916 6.644135 11.076479 163 163 163
-32.457161 13.277163 20.584515 163 163 163
-3.861797 1.893246 3.906081 87 86 81
-7.860923 3.775384 6.243718 87 86 81
-15.859176 7.539660 10.918992 87 86 81
-31.855680 15.068211 20.269539 87 86 81
-3.780719 2.104782 3.863096 86 85 80
-7.698768 4.198455 6.157747 86 85 80
-15.534864 8.385801 10.747050 86 85 80
-31.207058 16.760494 19.925655 86 85 80
-3.695071 2.303612 3.817252 87 87 87
-7.527471 4.596117 6.066060 87 87 87
-15.192270 9.181125 10.563676 87 87 87
-30.521870 18.351141 19.558907 87 87 87
-3.606089 2.489661 3.769262 80 81 73
-7.349506 4.968214 5.970080 80 81 73
-14.836342 9.925319 10.371716 80 81 73
-29.810013 19.839529 19.174988 80 81 73
-3.514903 2.663081 3.719779 76 75 70
-7.167134 5.315054 5.871115 76 75 70
-14.471598 10.619000 10.173785 76 75 70
-29.080524 21.226892 18.779125 76 75 70
-3.422513 2.824216 3.669386 90 92 91
-6.982354 5.637324 5.770328 90 92 91
-14.102037 11.263539 9.972211 90 92 91
-28.341404 22.515970 18.375977 90 92 91
-3.329783 2.973547 3.618588 82 86 85
-6.796895 5.935986 5.668733 82 86 85
-13.731118 11.860864 9.769021 82 86 85
-27.599566 23.710619 17.969597 82 86 85
-3.237446 3.111655 3.567819 59 60 54
-6.612221 6.212202 5.567194 59 60 54
-13.361771 12.413296 9.565944 59 60 54
-26.860870 24.815483 17.563442 59 60 54
-3.155217 -3.379535 3.200216 189 189 189
-6.447763 -6.770178 4.831988 189 189 189
-13.032855 -13.551465 8.095532 189 189 189
-26.203039 -27.114038 14.622621 189 189 189
-3.245790 -3.264789 3.248622 182 180 183
-6.628910 -6.540687 4.928800 182 180 183
-13.395149 -13.092483 8.289154 182 180 183
-26.927628 -26.196074 15.009865 182 180 183
-3.338045 -3.140116 3.298057 184 182 185
-6.813418 -6.291341 5.027669 184 182 185
-13.764166 -12.593791 8.486895 184 182 185
-27.665661 -25.198690 15.405345 184 182 185
-3.431504 -3.004779 3.348291 187 187 187
-7.000336 -6.020667 5.128137 187 187 187
-14.138001 -12.052443 8.687830 187 187 187
-28.413332 -24.115993 15.807216 187 187 187
-3.525570 -2.858061 3.399029 176 176 178
-7.188470 -5.727230 5.229613 176 176 178
-14.514269 -11.465569 8.890781 176 176 178
-29.165867 -22.942245 16.213120 176 176 178
-3.619510 -2.699291 3.449905 176 176 178
-7.376349 -5.409691 5.331367 176 176 178
-14.890027 -10.830491 9.094288 176 176 178
-29.917383 -21.672091 16.620132 176 176 178
-3.712442 -2.527889 3.500479 174 174 176
-7.562213 -5.066885 5.432513 174 174 176
-15.261755 -10.144879 9.296581 174 174 176
-30.660839 -20.300867 17.024719 174 174 176
-3.803336 -2.343396 3.550228 173 173 175
-7.744002 -4.697901 5.532011 173 173 175
-15.625333 -9.406911 9.495578 173 173 175
-31.387995 -18.824930 17.422710 173 173 175
-3.891013 -2.145539 3.598552 161 161 163
-7.919354 -4.302186 5.628660 161 161 163
-15.976038 -8.615480 9.688875 161 161 163
-32.089405 -17.242069 17.809307 161 161 163
-3.974160 -1.934269 3.644780 157 157 157
-8.085649 -3.879646 5.721115 157 157 157
-16.308626 -7.770401 9.873786 157 157 157
-32.754581 -15.551910 18.179127 157 157 157
-4.051359 -1.709826 3.688179 157 157 159
-8.240047 -3.430759 5.807913 157 157 159
-16.617424 -6.872627 10.047382 157 157 159
-33.372177 -13.756363 18.526321 157 157 159
-4.121130 -1.472783 3.727980 161 161 163
-8.379589 -2.956674 5.887516 161 161 163
-16.896507 -5.924456 10.206589 161 161 163
-33.930344 -11.860020 18.844734 161 161 163
-4.181983 -1.224085 3.763404 162 166 165
-8.501294 -2.459278 5.958363 162 166 165
-17.139917 -4.929664 10.348282 162 166 165
-34.417164 -9.870436 19.128120 162 166 165
-4.232492 -0.965067 3.793695 174 172 173
-8.602313 -1.941243 6.018946 174 172 173
-17.341955 -3.893595 10.469448 174 172 173
-34.821239 -7.798297 19.370453 174 172 173
-4.271377 -0.697452 3.818168 177 175 176
-8.680082 -1.406012 6.067893 177 175 176
-17.497494 -2.823132 10.567341 177 175 176
-35.132317 -5.657372 19.566238 177 175 176
-4.297575 -0.423308 3.836244 172 170 171
-8.732478 -0.857724 6.104043 172 170 171
-17.602285 -1.726556 10.639643 172 170 171
-35.341900 -3.464220 19.710842 172 170 171
-4.310321 -0.144989 3.847489 174 172 173
-8.757971 -0.301086 6.126534 174 172 173
-17.653271 -0.613281 10.684624 174 172 173
-35.443871 -1.237671 19.800804 174 172 173
-4.309202 0.134960 3.851649 164 162 163
-8.755733 0.258812 6.134853 164 162 163
-17.648794 0.506516 10.701262 164 162 163
-35.434917 1.001924 19.834080 164 162 163
-4.294188 0.413921 3.848664 148 148 148
-8.725705 0.816733 6.128883 148 148 148
-17.588739 1.622357 10.689322 148 148 148
-35.314808 3.233605 19.810200 148 148 148
-4.265636 0.689314 3.838673 149 149 149
-8.668601 1.367520 6.108901 149 149 149
-17.474531 2.723932 10.649358 149 149 149
-35.086391 5.436755 19.730270 149 149 149
-4.224263 0.958727 3.822004 152 152 152
-8.585855 1.906345 6.075563 152 152 152
-17.309040 3.801582 10.582683 152 152 152
-34.755409 7.592055 19.596920 152 152 152
-4.171097 1.220004 3.799147 153 151 152
-8.479523 2.428899 6.029850 153 151 152
-17.096375 4.846690 10.491256 153 151 152
-34.330078 9.682271 19.414066 153 151 152
-4.107402 1.471325 3.770721 152 153 148
-8.352134 2.931542 5.972997 152 153 148
-16.841597 5.851975 10.377550 152 153 148
-33.820522 11.692842 19.186657 152 153 148
-4.034602 1.711251 3.737431 147 147 145
-8.206533 3.411395 5.906417 147 147 145
-16.550396 6.811681 10.244390 147 147 145
-33.238121 13.612253 18.920338 147 147 145
-3.954199 1.938735 3.700030 85 82 77
-8.045727 3.866361 5.831615 85 82 77
-16.228783 7.721614 10.094786 85 82 77
-32.594894 15.432119 18.621128 85 82 77
-3.867698 2.153109 3.659279 84 85 80
-7.872725 4.295109 5.750113 84 85 80
-15.882778 8.579110 9.931783 84 85 80
-31.902885 17.147112 18.295120 84 85 80
-3.776552 2.354053 3.615918 74 76 75
-7.690433 4.696998 5.663392 74 76 75
-15.518194 9.382887 9.758340 74 76 75
-31.173717 18.754665 17.948235 74 76 75
-3.682108 2.541547 3.570638 78 79 74
-7.501545 5.071985 5.572832 78 79 74
-15.140419 10.132862 9.577219 78 79 74
-30.418167 20.254616 17.585995 78 79 74
-3.585585 2.715816 3.524068 85 82 77
-7.308500 5.420525 5.479692 85 82 77
-14.754329 10.829941 9.390938 85 82 77
-29.645987 21.648773 17.213432 85 82 77
-3.488051 2.877280 3.476762 78 82 81
-7.113431 5.743452 5.385080 78 82 81
-14.364191 11.475795 9.201715 78 82 81
-28.865711 22.940481 16.834988 78 82 81
-3.390420 3.026498 3.429199 66 71 65
-6.918169 6.041888 5.289955 66 71 65
-13.973666 12.072668 9.011465 66 71 65
-28.084661 24.134228 16.454487 66 71 65
-3.293455 3.164126 3.381783 37 44 36
-6.724239 6.317144 5.195122 37 44 36
-13.585807 12.623180 8.821799 37 44 36
-27.308943 25.235252 16.075153 37 44 36
-3.199091 -3.420971 3.013826 180 184 187
-6.535511 -6.853051 4.459208 180 184 187
-13.208352 -13.717211 7.349972 180 184 187
-26.554033 -27.445530 13.131499 180 184 187
-3.293425 -3.307151 3.058102 175 176 180
-6.724179 -6.625411 4.547760 175 176 180
-13.585688 -13.261930 7.527075 175 176 180
-27.308704 -26.534967 13.485706 175 176 180
-3.389734 -3.183207 3.103430 190 190 192
-6.916797 -6.377522 4.638415 190 190 192
-13.970922 -12.766151 7.708386 190 190 192
-28.079174 -25.543411 13.848329 190 190 192
-3.487540 -3.048343 3.149608 218 214 217
-7.112409 -6.107795 4.730771 218 214 217
-14.362146 -12.226699 7.893098 218 214 217
-28.861622 -24.464506 14.217752 218 214 217
-3.586234 -2.901781 3.196374 221 219 220
-7.309796 -5.814671 4.824304 221 219 220
-14.756922 -11.640450 8.080164 221 219 220
-29.651173 -23.292007 14.591883 221 219 220
-3.685055 -2.742780 3.243399 192 190 193
-7.507440 -5.496669 4.918354 192 190 193
-15.152208 -11.004446 8.268265 192 190 193
-30.441746 -22.020000 14.968084 192 190 193
-3.783084 -2.570683 3.290279 206 204 207
-7.703497 -5.152474 5.012115 206 204 207
-15.544323 -10.316057 8.455784 206 204 207
-31.225975 -20.643223 15.343124 206 204 207
-3.879229 -2.384957 3.336532 218 216 219
-7.895786 -4.781023 5.104620 218 216 219
-15.928902 -9.573154 8.640795 218 216 219
-31.995132 -19.157417 15.713146 218 216 219
-3.972229 -2.185255 3.381596 200 198 201
-8.081787 -4.381618 5.194748 200 198 201
-16.300903 -8.774343 8.821053 200 198 201
-32.739136 -17.559795 16.073662 200 198 201
-4.060671 -1.971466 3.424838 165 165 167
-8.258671 -3.954040 5.281231 165 165 167
-16.654671 -7.919188 8.994019 165 165 167
-33.446671 -15.849483 16.419594 165 165 167
-4.143011 -1.743783 3.465559 154 154 156
-8.423351 -3.498675 5.362674 154 154 156
-16.984032 -7.008459 9.156904 154 154 156
-34.105392 -14.028027 16.745365 154 154 156
-4.217624 -1.502759 3.503020 146 146 148
-8.572577 -3.016627 5.437596 146 146 148
-17.282484 -6.044362 9.306749 146 146 148
-34.702297 -12.099833 17.045053 146 146 148
-4.282867 -1.249349 3.536467 142 142 144
-8.703063 -2.509806 5.504489 142 142 144
-17.543455 -5.030721 9.440534 142 142 144
-35.224239 -10.072550 17.312622 142 142 144
-4.337155 -0.984937 3.565163 148 148 150
-8.811640 -1.980982 5.561881 148 148 150
-17.760609 -3.973072 9.555318 148 148 150
-35.658546 -7.957253 17.542191 148 148 150
-4.379054 -0.711333 3.588434 150 150 150
-8.895437 -1.433774 5.608424 150 150 150
-17.928204 -2.878657 9.648404 150 150 150
-35.993736 -5.768423 17.728363 150 150 150
-4.407373 -0.430738 3.605710 157 155 156
-8.952076 -0.872584 5.642975 157 155 156
-18.041481 -1.756276 9.717506 157 155 156
-36.220291 -3.523660 17.866570 157 155 156
-4.421249 -0.145669 3.616561 156 156 156
-8.979828 -0.302446 5.664677 156 156 156
-18.096985 -0.616000 9.760910 156 156 156
-36.331299 -1.243107 17.953377 156 156 156
-4.420215 0.141143 3.620732 157 155 156
-8.977758 0.271178 5.673020 157 155 156
-18.092846 0.531248 9.777596 157 155 156
-36.323021 1.051388 17.986748 157 155 156
-4.404233 0.426882 3.618163 169 167 168
-8.945795 0.842655 5.667881 169 167 168
-18.028919 1.674201 9.767318 169 167 168
-36.195168 3.337293 17.966190 169 167 168
-4.373706 0.708778 3.608988 159 158 162
-8.884741 1.406447 5.649531 159 158 162
-17.906811 2.801785 9.730618 159 158 162
-35.950951 5.592463 17.892792 159 158 162
-4.329441 0.984247 3.593529 151 150 148
-8.796211 1.957385 5.618614 151 150 148
-17.729752 3.903661 9.668784 151 150 148
-35.596832 7.796215 17.769123 151 150 148
-4.272588 1.250996 3.572267 153 151 152
-8.682506 2.490884 5.576090 153 151 152
-17.502340 4.970660 9.583735 153 151 152
-35.142010 9.930212 17.599026 153 151 152
-4.204563 1.507107 3.545807 144 144 142
-8.546454 3.003107 5.523170 144 144 142
-17.230238 5.995105 9.477894 144 144 142
-34.597805 11.979101 17.387344 144 144 142
-4.126946 1.751084 3.514836 144 144 144
-8.391222 3.491059 5.461228 144 144 144
-16.919773 6.971010 9.354012 144 144 144
-33.976875 13.930911 17.139580 144 144 144
-4.041399 1.981859 3.480084 93 92 88
-8.220127 3.952610 5.391724 93 92 88
-16.577583 7.894111 9.215004 93 92 88
-33.292496 15.777114 16.861565 93 92 88
-3.949576 2.198785 3.442285 84 83 78
-8.036481 4.386461 5.316126 84 83 78
-16.210291 8.761813 9.063807 84 83 78
-32.557911 17.512518 16.559170 84 83 78
-3.853057 2.401582 3.402145 79 83 82
-7.843442 4.792055 5.235847 79 83 82
-15.824214 9.573001 8.903248 79 83 82
-31.785757 19.134893 16.238052 79 83 82
-3.753299 2.590292 3.360321 81 80 74
-7.643928 5.169476 5.152197 81 80 74
-15.425184 10.327844 8.735950 81 80 74
-30.987698 20.644579 15.903457 81 80 74
-3.651607 2.765215 3.317403 82 78 75
-7.440543 5.519322 5.066362 82 78 75
-15.018415 11.027536 8.564280 82 78 75
-30.174160 22.043964 15.560116 82 78 75
-3.549113 2.926847 3.273910 83 84 79
-7.235555 5.842587 4.979375 83 84 79
-14.608438 11.674065 8.390306 83 84 79
-29.354206 23.337021 15.212169 83 84 79
-3.446774 3.075826 3.230282 41 43 38
-7.030878 6.140543 4.892120 41 43 38
-14.199085 12.269978 8.215796 41 43 38
-28.535500 24.528847 14.863149 41 43 38
-3.345385 3.212880 3.186889 31 33 27
-6.828099 6.414651 4.805333 31 33 27
-13.793528 12.818193 8.042222 31 33 27
-27.724384 25.625278 14.516000 31 33 27
-3.238728 -3.457958 2.820571 191 191 193
-6.614784 -6.927024 4.072697 191 191 193
-13.366898 -13.865157 6.576950 191 191 193
-26.871124 -27.741423 11.585456 191 191 193
-3.336539 -3.345044 2.860140 159 167 180
-6.810408 -6.701197 4.151835 159 167 180
-13.758144 -13.413502 6.735227 159 167 180
-27.653618 -26.838112 11.902009 159 167 180
-3.436612 -3.221836 2.900742 163 166 178
-7.010552 -6.454780 4.233040 163 166 178
-14.158434 -12.920669 6.897635 163 166 178
-28.454197 -25.852446 12.226827 163 166 178
-3.538468 -3.087487 2.942206 211 209 212
-7.214265 -6.186083 4.315968 211 209 212
-14.565859 -12.383274 7.063491 211 209 212
-29.269047 -24.777657 12.558538 211 209 212
-3.641490 -2.941156 2.984306 225 223 224
-7.420308 -5.893421 4.400167 225 223 224
-14.977945 -11.797951 7.231890 225 223 224
-30.093220 -23.607010 12.895335 225 223 224
-3.744897 -2.782037 3.026751 184 186 190
-7.627122 -5.575183 4.485058 184 186 190
-15.391574 -11.161474 7.401672 184 186 190
-30.920477 -22.334057 13.234900 184 186 190
-3.847731 -2.609401 3.069184 211 211 213
-7.832792 -5.229911 4.569924 211 211 213
-15.802913 -10.470930 7.571404 211 211 213
-31.743155 -20.952969 13.574365 211 211 213
-3.948849 -2.422642 3.111171 210 208 209
-8.035027 -4.856392 4.653898 210 208 209
-16.207382 -9.723893 7.739352 210 208 209
-32.552094 -19.458895 13.910259 210 208 209
-4.046913 -2.221340 3.152202 178 178 180
-8.231155 -4.453788 4.735959 178 178 180
-16.599640 -8.918684 7.903474 178 178 180
-33.336609 -17.848476 14.238503 178 178 180
-4.140412 -2.005321 3.191693 166 166 168
-8.418154 -4.021750 4.814942 166 166 168
-16.973637 -8.054609 8.061441 166 166 168
-34.084602 -16.120327 14.554438 166 166 168
-4.227683 -1.774730 3.229001 162 162 164
-8.592695 -3.560569 4.889558 162 162 164
-17.322720 -7.132246 8.210671 162 162 164
-34.782768 -14.275601 14.852899 162 162 164
-4.306960 -1.530095 3.263434 180 179 184
-8.751248 -3.071298 4.958424 180 179 184
-17.639826 -6.153705 8.348404 180 179 184
-35.416981 -12.318518 15.128364 180 179 184
-4.376445 -1.272375 3.294282 161 161 163
-8.890219 -2.555858 5.020120 161 161 163
-17.917767 -5.122825 8.471796 161 161 163
-35.972862 -10.256759 15.375148 161 161 163
-4.434395 -1.002998 3.320849 144 144 146
-9.006120 -2.017105 5.073254 144 144 146
-18.149569 -4.045318 8.578064 144 144 146
-36.436466 -8.101745 15.587684 144 144 146
-4.479226 -0.723859 3.342493 142 142 144
-9.095780 -1.458826 5.116541 142 142 144
-18.328890 -2.928761 8.664638 142 142 144
-36.795109 -5.868630 15.760831 142 142 144
-4.509612 -0.437281 3.358665 147 147 147
-9.156552 -0.885670 5.148886 147 147 147
-18.450434 -1.782448 8.729326 147 147 147
-37.038197 -3.576004 15.890209 147 147 147
-4.524592 -0.145939 3.368953 143 143 143
-9.186514 -0.302987 5.169461 143 143 143
-18.510357 -0.617082 8.770478 143 143 143
-37.158043 -1.245271 15.972512 143 143 143
-4.523642 0.147253 3.373108 139 139 139
-9.184612 0.283397 5.177772 139 139 139
-18.506554 0.555686 8.787100 139 139 139
-37.150436 1.100263 16.005756 139 139 139
-4.506721 0.439287 3.371069 145 145 145
-9.150772 0.867465 5.173695 145 145 145
-18.438873 1.723821 8.778945 145 145 145
-37.015076 3.436534 15.989446 145 145 145
-4.474276 0.727209 3.362963 153 151 152
-9.085881 1.443309 5.157482 153 151 152
-18.309092 2.875510 8.746520 153 151 152
-36.755512 5.739912 15.924596 153 151 152
-4.427203 1.008270 3.349094 152 152 152
-8.991735 2.005432 5.129744 152 152 152
-18.120800 3.999755 8.691044 152 152 152
-36.378929 7.988401 15.813643 152 152 152
-4.366780 1.280046 3.329919 137 137 137
-8.870890 2.548984 5.091393 137 137 137
-17.879108 5.086859 8.614344 137 137 137
-35.895546 10.162610 15.660242 137 137 137
-4.294571 1.540525 3.306011 134 134 134
-8.726472 3.069942 5.043579 134 134 134
-17.590273 6.128777 8.518713 134 134 134
-35.317875 12.246445 15.468982 134 134 134
-4.212318 1.788161 3.278021 128 128 128
-8.561966 3.565213 4.987598 128 128 128
-17.261261 7.119318 8.406753 128 128 128
-34.659851 14.227528 15.245061 128 128 128
-4.121837 2.021874 3.246634 101 103 100
-8.381003 4.032640 4.924825 101 103 100
-16.899336 8.054173 8.281204 101 103 100
-33.936001 16.097237 14.993965 101 103 100
-4.024927 2.241038 3.212537 84 83 78
-8.187183 4.470967 4.856629 84 83 78
-16.511696 8.930825 8.144814 84 83 78
-33.160721 17.850542 14.721185 84 83 78
-3.923295 2.445418 3.176385 82 87 83
-7.983918 4.879727 4.784325 82 87 83
-16.105165 9.748346 8.000206 82 87 83
-32.347660 19.485584 14.431968 82 87 83
-3.818501 2.635121 3.138783 50 53 44
-7.774330 5.259134 4.709123 50 53 44
-15.685989 10.507160 7.849802 50 53 44
-31.509308 21.003212 14.131159 50 53 44
-3.711930 2.810519 3.100275 76 71 65
-7.561189 5.609930 4.632105 76 71 65
-15.259706 11.208751 7.695766 76 71 65
-30.656742 22.406393 13.823088 76 71 65
-3.604774 2.972184 3.061327 90 88 89
-7.346877 5.933259 4.554211 90 88 89
-14.831083 11.855410 7.539977 90 88 89
-29.799496 23.699711 13.511509 90 88 89
-3.498030 3.120827 3.022339 49 51 48
-7.133389 6.230546 4.476233 49 51 48
-14.404108 12.449984 7.384023 49 51 48
-28.945545 24.888859 13.199601 49 51 48
-3.392515 3.257249 2.983637 43 45 37
-6.922360 6.503389 4.398830 43 45 37
-13.982049 12.995670 7.229216 43 45 37
-28.101427 25.980232 12.889987 43 45 37
-3.273597 -3.489967 2.621085 155 155 157
-6.684524 -6.991042 3.673727 155 155 157
-13.506376 -13.993193 5.779009 155 155 157
-27.150082 -27.997494 9.989573 155 155 157
-3.374529 -3.377901 2.655401 165 165 167
-6.886387 -6.766910 3.742357 165 165 167
-13.910103 -13.544928 5.916271 165 165 167
-27.957535 -27.100964 10.264097 165 165 167
-3.477987 -3.255397 2.690688 190 190 192
-7.093303 -6.521903 3.812931 190 190 192
-14.323936 -13.054914 6.057417 190 190 192
-28.785200 -26.120937 10.546391 190 190 192
-3.583499 -3.121564 2.726806 179 184 190
-7.304328 -6.254236 3.885167 179 184 190
-14.745985 -12.519580 6.201890 179 184 190
-29.629299 -25.050268 10.835335 179 184 190
-3.690442 -2.975504 2.763566 193 192 197
-7.518213 -5.962116 3.958688 193 192 197
-15.173755 -11.935341 6.348931 193 192 197
-30.484838 -23.881790 11.129418 193 192 197
-3.798018 -2.816351 2.800724 197 201 204
-7.733365 -5.643811 4.033003 197 201 204
-15.604059 -11.298731 6.497562 197 201 204
-31.345448 -22.608570 11.426681 197 201 204
-3.905240 -2.643310 2.837971 197 200 207
-7.947808 -5.297729 4.107497 197 200 207
-16.032946 -10.606566 6.646550 197 200 207
-32.203220 -21.224241 11.724656 197 200 207
-4.010914 -2.455706 2.874931 200 203 208
-8.159157 -4.922521 4.181417 200 203 208
-16.455643 -9.856150 6.794391 200 203 208
-33.048615 -19.723408 12.020337 200 203 208
-4.113636 -2.253051 2.911156 195 198 205
-8.364602 -4.517210 4.253869 195 198 205
-16.866533 -9.045528 6.939293 195 198 205
-33.870396 -18.102165 12.310142 195 198 205
-4.211805 -2.035110 2.946133 184 182 185
-8.560939 -4.081327 4.323821 184 182 185
-17.259207 -8.173763 7.079198 184 182 185
-34.655743 -16.358635 12.589952 184 182 185
-4.303645 -1.801979 2.979283 157 157 159
-8.744619 -3.615066 4.390122 157 157 159
-17.626568 -7.241241 7.211801 157 157 159
-35.390465 -14.493590 12.855157 157 157 159
-4.387259 -1.554158 3.009987 181 186 192
-8.911847 -3.119425 4.451530 181 186 192
-17.961023 -6.249958 7.334616 181 186 192
-36.059376 -12.511024 13.100787 181 186 192
-4.460703 -1.292610 3.037601 168 174 186
-9.058735 -2.596329 4.506757 168 174 186
-18.254799 -5.203766 7.445069 168 174 186
-36.646927 -10.418640 13.321694 168 174 186
-4.522082 -1.018799 3.061489 207 208 212
-9.181493 -2.048706 4.554533 207 208 212
-18.500315 -4.108521 7.540623 207 208 212
-37.137959 -8.228149 13.512801 207 208 212
-4.569662 -0.734694 3.081062 219 215 216
-9.276653 -1.480496 4.593680 219 215 216
-18.690636 -2.972100 7.618916 219 215 216
-37.518600 -5.955309 13.669388 219 215 216
-4.601993 -0.442733 3.095815 146 146 148
-9.341314 -0.896575 4.623185 146 146 148
-18.819958 -1.804258 7.677926 146 146 148
-37.777245 -3.619624 13.787408 146 146 148
-4.618013 -0.145740 3.105362 137 137 139
-9.373356 -0.302588 4.642280 137 137 139
-18.884041 -0.616284 7.716115 137 137 139
-37.905411 -1.243676 13.863787 137 137 139
-4.617147 0.153203 3.109472 161 159 160
-9.371623 0.295297 4.650499 161 159 160
-18.880575 0.579486 7.732554 161 159 160
-37.898479 1.147864 13.896664 161 159 160
-4.599346 0.450906 3.108082 147 147 147
-9.336021 0.890704 4.647719 147 147 147
-18.809372 1.770300 7.726995 147 147 147
-37.756073 3.529492 13.885545 147 147 147
-4.565101 0.744244 3.101305 149 149 147
-9.267531 1.477379 4.634167 149 149 147
-18.672392 2.943650 7.699889 149 149 147
-37.482113 5.876191 13.831333 149 149 147
-4.515397 1.030312 3.089418 155 154 150
-9.168122 2.049515 4.610392 155 154 150
-18.473574 4.087922 7.652339 155 154 150
-37.084476 8.164735 13.736234 155 154 150
-4.451635 1.306565 3.072837 142 142 142
-9.040600 2.602022 4.577229 142 142 142
-18.218529 5.192935 7.586014 142 142 142
-36.574387 10.374763 13.603584 142 142 142
-4.375524 1.570909 3.052083 146 146 144
-8.888376 3.130709 4.535721 146 146 144
-17.914082 6.250309 7.502998 146 146 144
-35.965492 12.489510 13.437551 146 146 144
-4.288957 1.821751 3.027746 137 137 135
-8.715243 3.632395 4.487049 137 137 135
-17.567816 7.253681 7.405653 137 137 135
-35.272961 14.496253 13.242862 137 137 135
-4.193902 2.058009 3.000448 105 106 108
-8.525133 4.104910 4.432452 105 106 108
-17.187595 8.198711 7.296461 105 106 108
-34.512520 16.386314 13.024477 105 106 108
-4.092293 2.279076 2.970806 84 85 79
-8.321915 4.547044 4.373168 84 85 79
-16.781158 9.082980 7.177891 84 85 79
-33.699646 18.154852 12.787337 84 85 79
-3.985955 2.484768 2.939407 39 44 36
-8.109239 4.958427 4.310369 39 44 36
-16.355806 9.905746 7.052295 39 44 36
-32.848942 19.800383 12.536145 39 44 36
-3.876544 2.675251 2.906790 34 42 33
-7.890417 5.339393 4.245135 34 42 33
-15.918163 10.667677 6.921826 34 42 33
-31.973656 21.324245 12.275208 34 42 33
-3.765518 2.850966 2.873433 45 51 37
-7.668365 5.690824 4.178422 45 51 37
-15.474058 11.370539 6.788400 45 51 37
-31.085445 22.729969 12.008356 45 51 37
-3.654120 3.012558 2.839749 67 72 66
-7.445569 6.014008 4.111053 67 72 66
-15.028467 12.016907 6.653662 67 72 66
-30.194263 24.022705 11.738880 67 72 66
-3.543383 3.160809 2.806082 58 60 57
-7.224094 6.310509 4.043720 58 60 57
-14.585518 12.609910 6.518996 58 60 57
-29.308365 25.208712 11.469548 58 60 57
-3.434141 3.296581 2.772717 57 58 50
-7.005611 6.582053 3.976989 57 58 50
-14.148551 13.152998 6.385533 57 58 50
-28.434431 26.294888 11.202621 57 58 50
-3.303210 -3.516510 2.416145 165 166 168
-6.743750 -7.044129 3.263846 165 166 168
-13.624828 -14.099366 4.959248 165 166 168
-27.386986 -28.209841 8.350051 165 166 168
-3.406828 -3.405192 2.444709 178 178 180
-6.950984 -6.821493 3.320974 178 178 180
-14.039298 -13.654095 5.073503 178 178 180
-28.215925 -27.319298 8.578564 178 178 180
-3.513211 -3.283322 2.474141 178 176 177
-7.163751 -6.577752 3.379838 178 176 177
-14.464830 -13.166612 5.191231 178 176 177
-29.066990 -26.344332 8.814018 178 176 177
-3.621890 -3.149965 2.504332 160 160 162
-7.381109 -6.311038 3.440219 160 160 162
-14.899548 -12.633184 5.311995 160 160 162
-29.936424 -25.277477 9.055545 160 160 162
-3.732239 -3.004179 2.535131 196 196 198
-7.601807 -6.019467 3.501819 196 196 198
-15.340942 -12.050043 5.435193 196 196 198
-30.819214 -24.111195 9.301941 196 196 198
-3.843448 -2.845045 2.566341 193 192 197
-7.824226 -5.701199 3.564238 193 192 197
-15.785781 -11.413506 5.560032 193 192 197
-31.708891 -22.838120 9.551620 193 192 197
-3.954505 -2.671708 2.597710 239 235 234
-8.046340 -5.354524 3.626975 239 235 234
-16.230009 -10.720156 5.685505 239 235 234
-32.597347 -21.451420 9.802567 239 235 234
-4.064177 -2.483431 2.628925 238 236 237
-8.265682 -4.977971 3.689405 238 236 237
-16.668694 -9.967051 5.810366 238 236 237
-33.474716 -19.945210 10.052288 238 236 237
-4.171000 -2.279667 2.659614 184 191 201
-8.479329 -4.570442 3.750783 184 191 201
-17.095987 -9.151993 5.933122 184 191 201
-34.329304 -18.315094 10.297799 184 191 201
-4.273293 -2.060123 2.689342 184 191 201
-8.683916 -4.131355 3.810239 184 191 201
-17.505161 -8.273819 6.052034 184 191 201
-35.147652 -16.558746 10.535625 184 191 201
-4.369182 -1.824852 2.717619 170 183 192
-8.875692 -3.660813 3.866795 170 183 192
-17.888714 -7.332735 6.165145 170 183 192
-35.914757 -14.676578 10.761847 170 183 192
-4.456652 -1.574327 2.743916 177 185 196
-9.050632 -3.159762 3.919387 177 185 196
-18.238594 -6.330632 6.270329 177 185 196
-36.614517 -12.672373 10.972215 177 185 196
-4.533626 -1.309508 2.767675 205 205 213
-9.204581 -2.630124 3.966906 205 205 213
-18.546492 -5.271356 6.365367 205 205 213
-37.230312 -10.553820 11.162290 205 205 213
-4.598070 -1.031888 2.788346 181 189 200
-9.333468 -2.074885 4.008247 181 189 200
-18.804266 -4.160879 6.448050 181 189 200
-37.745861 -8.332866 11.327657 181 189 200
-4.648114 -0.743505 2.805413 203 206 213
-9.433558 -1.498119 4.042383 203 206 213
-19.004444 -3.007346 6.516321 203 206 213
-38.146217 -6.025800 11.464198 203 206 213
-4.682190 -0.446896 2.818433 202 200 201
-9.501709 -0.904900 4.068422 202 200 201
-19.140747 -1.820909 6.568399 202 200 201
-38.418823 -3.652925 11.568355 202 200 201
-4.699147 -0.145015 2.827064 253 253 253
-9.535624 -0.301138 4.085683 253 253 253
-19.208576 -0.613385 6.602922 253 253 253
-38.554482 -1.237879 11.637400 253 253 253
-4.698358 0.158901 2.831096 178 176 181
-9.534045 0.306694 4.093748 178 176 181
-19.205420 0.602279 6.619051 178 176 181
-38.548168 1.193449 11.669659 178 176 181
-4.679769 0.461503 2.830470 152 152 152
-9.496867 0.911898 4.092496 152 152 152
-19.131063 1.812688 6.616548 152 152 152
-38.399456 3.614267 11.664652 152 152 152
-4.643911 0.759509 2.825279 152 150 151
-9.425152 1.507909 4.082113 152 150 151
-18.987633 3.004709 6.595782 152 150 151
-38.112595 5.998310 11.623119 152 150 151
-4.591854 1.049878 2.815758 151 151 151
-9.321036 2.088648 4.063071 151 151 151
-18.779402 4.166187 6.557697 151 151 151
-37.696133 8.321265 11.546950 151 151 151
-4.525108 1.329959 2.802264 168 167 163
-9.187545 2.648809 4.036084 168 167 163
-18.512419 5.286510 6.503723 168 167 163
-37.162167 10.561912 11.439002 168 167 163
-4.445518 1.597584 2.785248 167 166 162
-9.028364 3.184059 4.002052 167 166 162
-18.194057 6.357010 6.435660 167 166 162
-36.525444 12.702912 11.302876 167 166 162
-4.355116 1.851127 2.765218 150 149 145
-8.847562 3.691145 3.961992 150 149 145
-17.832453 7.371182 6.355539 150 149 145
-35.802235 14.731256 11.142634 150 149 145
-4.256006 2.089500 2.742706 50 53 46
-8.649342 4.167892 3.916967 50 53 46
-17.436012 8.324676 6.265490 50 53 46
-35.009354 16.638243 10.962536 50 53 46
-4.150246 2.312124 2.718240 28 30 25
-8.437820 4.613139 3.868036 28 30 25
-17.012970 9.215169 6.167628 28 30 25
-34.163269 18.419230 10.766812 28 30 25
-4.039763 2.518856 2.692322 45 50 43
-8.216856 5.026603 3.816200 45 50 43
-16.571041 10.042098 6.063956 45 50 43
-33.279411 20.073088 10.559468 45 50 43
-3.926300 2.709921 2.665409 36 36 26
-7.989928 5.408734 3.762373 36 36 26
-16.117186 10.806359 5.956301 36 36 26
-32.371700 21.601610 10.344158 36 36 26
-3.811376 2.885824 2.637903 53 56 47
-7.760080 5.760540 3.707361 53 56 47
-15.657490 11.509972 5.846278 53 56 47
-31.452309 23.008835 10.124111 53 56 47
-3.696279 3.047274 2.610150 35 39 32
-7.529886 6.083439 3.651856 35 39 32
-15.197102 12.155769 5.735268 35 39 32
-30.531532 24.300430 9.902091 35 39 32
-3.582070 3.195113 2.582439 29 39 30
-7.301469 6.379117 3.596435 29 39 30
-14.740268 12.747126 5.624425 29 39 30
-29.617865 25.483143 9.680407 29 39 30
-3.469599 3.330260 2.555005 17 27 16
-7.076526 6.649412 3.541565 17 27 16
-14.290381 13.287716 5.514686 17 27 16
-28.718092 26.564323 9.460928 17 27 16
-3.327130 -3.537160 2.206656 184 184 186
-6.791589 -7.085429 2.844867 184 184 186
-13.720508 -14.181967 4.121289 184 184 186
-27.578344 -28.375042 6.674135 184 184 186
-3.432934 -3.426454 2.229040 175 175 177
-7.003198 -6.864016 2.889635 175 175 177
-14.143724 -13.739141 4.210826 175 175 177
-28.424778 -27.489389 6.853207 175 175 177
-3.541702 -3.305106 2.252150 181 181 181
-7.220733 -6.621320 2.935856 181 181 181
-14.578794 -13.253748 4.303268 181 181 181
-29.294918 -26.518604 7.038092 181 181 181
-3.652969 -3.172149 2.275908 187 187 189
-7.443268 -6.355407 2.983373 187 187 189
-15.023865 -12.721923 4.398301 187 187 189
-30.185059 -25.454954 7.228158 187 187 189
-3.766109 -3.026604 2.300203 198 196 197
-7.669548 -6.064317 3.031962 198 196 197
-15.476425 -12.139743 4.495480 198 196 197
-31.090179 -24.290594 7.422516 198 196 197
-3.880303 -2.867508 2.324885 231 227 224
-7.897936 -5.746124 3.081326 231 227 224
-15.933201 -11.503356 4.594209 231 227 224
-32.003731 -23.017820 7.619973 231 227 224
-3.994519 -2.693956 2.349763 208 206 211
-8.126367 -5.399020 3.131081 208 206 211
-16.390062 -10.809149 4.693718 208 206 211
-32.917454 -21.629406 7.818993 208 206 211
-4.107491 -2.505163 2.374596 191 191 191
-8.352312 -5.021434 3.180747 191 191 191
-16.841953 -10.053976 4.793050 191 191 191
-33.821236 -20.119061 8.017655 191 191 191
-4.217710 -2.300527 2.399093 224 220 219
-8.572749 -4.612163 3.229742 224 220 219
-17.282827 -9.235434 4.891040 224 220 219
-34.702984 -18.481976 8.213635 224 220 219
-4.323428 -2.079710 2.422915 239 235 232
-8.784185 -4.170529 3.277385 239 235 232
-17.705700 -8.352166 4.986325 239 235 232
-35.548729 -16.715441 8.404205 239 235 232
-4.422689 -1.842726 2.445673 233 229 228
-8.982708 -3.696560 3.322901 233 229 228
-18.102745 -7.404229 5.077357 233 229 228
-36.342819 -14.819566 8.586269 233 229 228
-4.513379 -1.590022 2.466943 240 239 234
-9.164086 -3.191152 3.365441 240 239 234
-18.465502 -6.393413 5.162438 240 239 234
-37.068333 -12.797934 8.756433 240 239 234
-4.593307 -1.322557 2.486280 247 243 240
-9.323942 -2.656222 3.404117 247 243 240
-18.785213 -5.323552 5.239789 247 243 240
-37.707756 -10.658213 8.911134 247 243 240
-4.660321 -1.041848 2.503239 252 251 247
-9.457971 -2.094804 3.438035 252 251 247
-19.053270 -4.200716 5.307625 252 251 247
-38.243870 -8.412540 9.046804 252 251 247
-4.712436 -0.749983 2.517399 220 220 220
-9.562201 -1.511075 3.466354 220 220 220
-19.261730 -3.033258 5.364264 220 220 220
-38.660789 -6.077625 9.160084 220 220 220
-4.747981 -0.449586 2.528395 253 252 250
-9.633291 -0.910281 3.488346 253 252 250
-19.403912 -1.831670 5.408248 253 252 250
-38.945152 -3.674448 9.248053 253 252 250
-4.765729 -0.143720 2.535944 187 197 207
-9.668787 -0.298548 3.503444 187 197 207
-19.474903 -0.608204 5.438445 187 197 207
-39.087135 -1.227517 9.308445 187 197 207
-4.765005 0.164251 2.539869 192 201 210
-9.667339 0.317394 3.511293 192 201 210
-19.472008 0.623680 5.454142 192 201 210
-39.081345 1.236251 9.339838 192 201 210
-4.745755 0.470843 2.540111 184 184 184
-9.628839 0.930577 3.511778 184 184 184
-19.395008 1.850045 5.455111 184 184 184
-38.927345 3.688982 9.341778 184 184 184
-4.708543 0.772641 2.536738 240 241 236
-9.554416 1.534173 3.505033 240 241 236
-19.246161 3.057238 5.441621 240 241 236
-38.629650 6.103368 9.314796 240 241 236
-4.654508 1.066493 2.529934 236 231 227
-9.446345 2.121878 3.491424 236 231 227
-19.030020 4.232647 5.414403 236 231 227
-38.197369 8.454186 9.260363 236 231 227
-4.585261 1.349658 2.519980 218 215 208
-9.307851 2.688208 3.471517 218 215 208
-18.753031 5.365308 5.374589 218 215 208
-37.643391 10.719508 9.180735 218 215 208
-4.502759 1.619912 2.507236 160 161 156
-9.142848 3.228715 3.446027 160 161 156
-18.423025 6.446321 5.323609 160 161 156
-36.983379 12.881534 9.078775 160 161 156
-4.409156 1.875598 2.492103 46 47 41
-8.955642 3.740088 3.415762 46 47 41
-18.048613 7.469069 5.263079 46 47 41
-36.234554 14.927029 8.957714 46 47 41
-4.306670 2.115632 2.475007 38 44 34
-8.750669 4.220156 3.381570 38 44 34
-17.638666 8.429203 5.194695 38 44 34
-35.414661 16.847298 8.820948 38 44 34
-4.197460 2.339455 2.456367 39 45 35
-8.532249 4.667801 3.344291 39 45 35
-17.201828 9.324493 5.120138 39 45 35
-34.540985 18.637878 8.671831 39 45 35
-4.083544 2.546964 2.436582 28 30 21
-8.304417 5.082820 3.304720 28 30 21
-16.746162 10.154531 5.040996 28 30 21
-33.629654 20.297955 8.513546 28 30 21
-3.966732 2.738436 2.416012 29 30 16
-8.070793 5.465763 3.263580 29 30 16
-16.278915 10.920417 4.958715 29 30 16
-32.695160 21.829725 8.348988 29 30 16
-3.848596 2.914425 2.394976 23 34 20
-7.834520 5.817741 3.221507 23 34 20
-15.806370 11.624374 4.874570 23 34 20
-31.750069 23.237640 8.180696 23 34 20
-3.730459 3.075697 2.373745 30 32 27
-7.598248 6.140285 3.179046 30 32 27
-15.333825 12.269462 4.789647 30 32 27
-30.804979 24.527815 8.010850 30 32 27
-3.613405 3.223145 2.352546 36 39 32
-7.364140 6.435182 3.136647 36 39 32
-14.865609 12.859255 4.704850 36 39 32
-29.868547 25.707401 7.841256 36 39 32
-3.498293 3.357735 2.331560 32 40 27
-7.133915 6.704361 3.094676 32 40 27
-14.405159 13.397614 4.620909 32 40 27
-28.947647 26.784119 7.673374 32 40 27
-3.344994 -3.551564 1.993637 130 132 131
-6.827317 -7.114236 2.418831 130 132 131
-13.791963 -14.239581 3.269217 130 132 131
-27.721254 -28.490271 4.969990 130 132 131
-3.452426 -3.441300 2.009500 77 76 72
-7.042181 -6.893709 2.450556 77 76 72
-14.221692 -13.798527 3.332668 77 76 72
-28.580713 -27.608162 5.096891 77 76 72
-3.562972 -3.320331 2.025916 79 79 77
-7.263274 -6.651771 2.483388 79 79 77
-14.663877 -13.314651 3.398332 79 79 77
-29.465082 -26.640409 5.228220 79 79 77
-3.676172 -3.187666 2.042836 30 31 33
-7.489674 -6.386440 2.517228 30 31 33
-15.116677 -12.783989 3.466012 30 31 33
-30.370684 -25.579086 5.363579 30 31 33
-3.791399 -3.042296 2.060188 97 94 89
-7.720128 -6.095701 2.551931 97 94 89
-15.577585 -12.202511 3.535418 97 94 89
-31.292500 -24.416130 5.502392 97 94 89
-3.907830 -2.883226 2.077872 92 91 86
-7.952989 -5.777561 2.587300 92 91 86
-16.043306 -11.566231 3.606157 92 91 86
-32.223942 -23.143570 5.643869 92 91 86
-4.024417 -2.709517 2.095761 128 127 122
-8.186163 -5.430143 2.623077 128 127 122
-16.509655 -10.871395 3.677710 128 127 122
-33.156639 -21.753899 5.786975 128 127 122
-4.139872 -2.520345 2.113689 188 187 185
-8.417073 -5.051798 2.658934 188 187 185
-16.971476 -10.114704 3.749423 188 187 185
-34.080280 -20.240517 5.930402 188 187 185
-4.252650 -2.315068 2.131457 175 175 175
-8.642630 -4.641245 2.694470 175 175 175
-17.422588 -9.293598 3.820496 175 175 175
-34.982506 -18.598305 6.072548 175 175 175
-4.360955 -2.093313 2.148828 173 173 173
-8.859240 -4.197735 2.729211 173 173 173
-17.855808 -8.406579 3.889978 173 173 173
-35.848946 -16.824266 6.211513 173 173 173
-4.462769 -1.855063 2.165528 220 216 213
-9.062866 -3.721234 2.762612 220 216 213
-18.263062 -7.453577 3.956781 220 216 213
-36.663452 -14.918262 6.345117 220 216 213
-4.555898 -1.600746 2.181258 248 243 237
-9.249125 -3.212601 2.794072 248 243 237
-18.635580 -6.436311 4.019701 248 243 237
-37.408489 -12.883730 6.470957 248 243 237
-4.638070 -1.331319 2.195699 229 226 221
-9.413469 -2.673747 2.822954 229 226 221
-18.964268 -5.358603 4.077464 229 226 221
-38.065865 -10.728313 6.586483 229 226 221
-4.707040 -1.048316 2.208529 216 212 209
-9.551409 -2.107740 2.848613 216 212 209
-19.240147 -4.226589 4.128781 216 212 209
-38.617622 -8.464287 6.689118 216 212 209
-4.760734 -0.753865 2.219441 208 207 203
-9.658796 -1.518839 2.870437 208 207 203
-19.454922 -3.048786 4.172431 208 207 203
-39.047173 -6.108680 6.776417 208 207 203
-4.797399 -0.450651 2.228166 237 233 230
-9.732127 -0.912411 2.887887 237 233 230
-19.601583 -1.835931 4.207331 237 233 230
-39.340496 -3.682970 6.846217 237 233 230
-4.815751 -0.141823 2.234491 254 250 249
-9.768830 -0.294754 2.900538 254 250 249
-19.674990 -0.600616 4.232632 254 250 249
-39.487309 -1.212341 6.896819 254 250 249
-4.815079 0.169160 2.238278 255 254 252
-9.767487 0.327211 2.908112 255 254 252
-19.672302 0.643314 4.247779 255 254 252
-39.481934 1.275519 6.927114 255 254 252
-4.795324 0.478708 2.239473 254 254 252
-9.727978 0.946309 2.910502 254 254 252
-19.593285 1.881509 4.252561 254 254 252
-39.323898 3.751909 6.936677 254 254 252
-4.757081 0.783312 2.238114 252 251 249
-9.651490 1.555515 2.907784 252 251 249
-19.440310 3.099921 4.247123 252 251 249
-39.017948 6.188734 6.925801 252 251 249
-4.701541 1.079730 2.234320 248 252 251
-9.540411 2.148352 2.900195 248 252 251
-19.218151 4.285596 4.231946 248 252 251
-38.573631 8.560084 6.895449 248 252 251
-4.630392 1.365158 2.228284 91 92 86
-9.398113 2.719207 2.888123 91 92 86
-18.933556 5.427306 4.207802 91 92 86
-38.004440 10.843503 6.847159 91 92 86
-4.545679 1.637325 2.220253 47 52 45
-9.228687 3.263542 2.872062 47 52 45
-18.594704 6.515976 4.175679 47 52 45
-37.326736 13.020844 6.782914 47 52 45
-4.449648 1.894560 2.210510 36 39 32
-9.036626 3.778013 2.852576 36 39 32
-18.210581 7.544917 4.136707 36 39 32
-36.558491 15.078725 6.704970 36 39 32
-4.344605 2.135778 2.199352 35 38 29
-8.826540 4.260447 2.830259 35 38 29
-17.790409 8.509786 4.092074 35 38 29
-35.718147 17.008463 6.615704 35 38 29
-4.232790 2.360439 2.187074 21 27 15
-8.602910 4.709769 2.805703 21 27 15
-17.343149 9.408429 4.042963 21 27 15
-34.823627 18.805750 6.517481 21 27 15
-4.116286 2.568472 2.173956 20 21 14
-8.369902 5.125836 2.779468 20 21 14
-16.877132 10.240564 3.990492 20 21 14
-33.891594 20.470020 6.412540 20 21 14
-3.996954 2.760192 2.160254 18 20 15
-8.131238 5.509275 2.752064 18 20 15
-16.399805 11.007442 3.935683 18 20 15
-32.936939 22.003775 6.302922 18 20 15
-3.876407 2.936195 2.146192 15 26 18
-7.890142 5.861281 2.723939 15 26 18
-15.917614 11.711454 3.879435 15 26 18
-31.972557 23.411800 6.190425 15 26 18
-3.755992 3.097287 2.131962 18 26 15
-7.649312 6.183465 2.695479 18 26 15
-15.435954 12.355823 3.822514 18 26 15
-31.009237 24.700537 6.076583 18 26 15
-3.636809 3.244401 2.117723 15 18 11
-7.410946 6.477693 2.667002 15 18 11
-14.959222 12.944277 3.765560 15 18 11
-30.055773 25.877445 5.962677 15 18 11
-3.519723 3.378536 2.103606 9 15 4
-7.176776 6.745964 2.638768 9 15 4
-14.490881 13.480819 3.709091 9 15 4
-29.119091 26.950529 5.849738 9 15 4
-3.356527 -3.559462 1.778206 41 45 44
-6.850383 -7.130033 1.987967 41 45 44
-13.838095 -14.271173 2.407490 41 45 44
-27.813519 -28.553455 3.246536 41 45 44
-3.464984 -3.449447 1.787308 74 75 67
-7.067297 -6.910002 2.006171 74 75 67
-14.271922 -13.831112 2.443899 74 75 67
-28.681173 -27.673332 3.319353 74 75 67
-3.576650 -3.328687 1.796767 65 66 60
-7.290628 -6.668482 2.025090 65 66 60
-14.718586 -13.348072 2.481735 65 66 60
-29.574501 -26.707253 3.395025 65 66 60
-3.691067 -3.196177 1.806562 35 39 38
-7.519464 -6.403463 2.044680 35 39 38
-15.176257 -12.818034 2.520916 35 39 38
-30.489843 -25.647177 3.473387 35 39 38
-3.807610 -3.050892 1.816660 89 85 82
-7.752548 -6.112893 2.064877 89 85 82
-15.642426 -12.236894 2.561309 89 85 82
-31.422180 -24.484896 3.554173 89 85 82
-3.925450 -2.891816 1.827014 84 85 79
-7.988229 -5.794740 2.085583 84 85 79
-16.113787 -11.600588 2.602722 84 85 79
-32.364902 -23.212284 3.637001 84 85 79
-4.043534 -2.717988 1.837558 49 51 50
-8.224397 -5.447084 2.106671 49 51 50
-16.586123 -10.905276 2.644898 49 51 50
-33.309574 -21.821661 3.721353 49 51 50
-4.160557 -2.528558 1.848208 88 87 83
-8.458444 -5.068225 2.127973 88 87 83
-17.054216 -10.147559 2.687501 88 87 83
-34.245762 -20.306227 3.806558 88 87 83
-4.274952 -2.322864 1.858861 88 90 87
-8.687234 -4.656837 2.149277 88 90 87
-17.511797 -9.324782 2.730110 88 90 87
-35.160923 -18.660673 3.891775 88 90 87
-4.384894 -2.100508 1.869388 40 45 39
-8.907118 -4.212125 2.170331 40 45 39
-17.951565 -8.435359 2.772217 40 45 39
-36.040459 -16.881826 3.975990 40 45 39
-4.488323 -1.861455 1.879641 145 149 150
-9.113976 -3.734018 2.190838 145 149 150
-18.365280 -7.479145 2.813231 145 149 150
-36.867889 -14.969398 4.058019 145 149 150
-4.583001 -1.606122 1.889455 71 76 70
-9.303331 -3.223352 2.210466 71 76 70
-18.743992 -6.457812 2.852489 71 76 70
-37.625313 -12.926732 4.136533 71 76 70
-4.666597 -1.335462 1.898651 153 157 158
-9.470524 -2.682032 2.228858 153 157 158
-19.078377 -5.375173 2.889272 153 157 158
-38.294083 -10.761455 4.210100 153 157 158
-4.736810 -1.051021 1.907045 182 183 178
-9.610949 -2.113151 2.245646 182 183 178
-19.359226 -4.237410 2.922847 182 183 178
-38.855782 -8.485928 4.277249 182 183 178
-4.791507 -0.754953 1.914457 242 239 234
-9.720343 -1.521015 2.260470 242 239 234
-19.578014 -3.053138 2.952497 242 239 234
-39.293358 -6.117385 4.336549 242 239 234
-4.828886 -0.449983 1.920727 200 200 192
-9.795101 -0.911075 2.273010 200 200 192
-19.727531 -1.833258 2.977575 200 200 192
-39.592392 -3.677624 4.386705 200 200 192
-4.847621 -0.139311 1.925721 220 222 219
-9.832571 -0.289730 2.282997 220 222 219
-19.802471 -0.590568 2.997550 220 222 219
-39.742271 -1.192245 4.426655 220 222 219
-4.846983 0.173541 1.929344 244 243 241
-9.831296 0.335973 2.290245 244 243 241
-19.799921 0.660838 3.012045 244 243 241
-39.737171 1.310567 4.455646 244 243 241
-4.826909 0.484919 1.931551 243 239 236
-9.791146 0.958730 2.294658 243 239 236
-19.719622 1.906352 3.020872 243 239 236
-39.576572 3.801596 4.473299 243 239 236
-4.788009 0.791251 1.932343 249 244 240
-9.713347 1.571393 2.296241 249 244 240
-19.564024 3.131679 3.024038 249 244 240
-39.265377 6.252249 4.479631 249 244 240
-4.731513 1.089243 1.931769 93 96 89
-9.600354 2.167378 2.295094 93 96 89
-19.338037 4.323647 3.021744 93 96 89
-38.813404 8.636187 4.475043 93 96 89
-4.659156 1.376048 1.929922 29 34 28
-9.455642 2.740988 2.291399 29 34 28
-19.048613 5.470868 3.014355 29 34 28
-38.234554 10.930627 4.460265 29 34 28
-4.573040 1.649372 1.926926 31 37 27
-9.283410 3.287636 2.285407 31 37 27
-18.704149 6.564164 3.002369 31 37 27
-37.545628 13.117220 4.436295 31 37 27
-4.475471 1.907531 1.922926 32 35 28
-9.088271 3.803954 2.277408 32 35 28
-18.313871 7.596799 2.986372 32 35 28
-36.765072 15.182489 4.404301 32 35 28
-4.368809 2.149442 1.918082 15 23 12
-8.874947 4.287776 2.267719 15 23 12
-17.887222 8.564443 2.966994 15 23 12
-35.911774 17.117777 4.365543 15 23 12
-4.255346 2.374580 1.912550 34 35 29
-8.648022 4.738051 2.256657 34 35 29
-17.433372 9.464993 2.944869 34 35 29
-35.004074 18.918879 4.321294 34 35 29
-4.137206 2.582894 1.906485 24 27 17
-8.411740 5.154679 2.244525 24 27 17
-16.960810 10.298250 2.920607 24 27 17
-34.058949 20.585392 4.272769 24 27 17
-4.016283 2.774722 1.900026 18 23 17
-8.169894 5.538335 2.231607 18 23 17
-16.477118 11.065562 2.894770 18 23 17
-33.091564 22.120016 4.221096 18 23 17
-3.894213 2.950690 1.893298 22 20 23
-7.925755 5.890271 2.218151 22 20 23
-15.988838 11.769434 2.867858 22 20 23
-32.115005 23.527760 4.167272 22 20 23
-3.772362 3.111627 1.886409 14 19 13
-7.682052 6.212146 2.204374 14 19 13
-15.501433 12.413183 2.840304 14 19 13
-31.140196 24.815258 4.112164 14 19 13
-3.651836 3.258492 1.879451 7 17 9
-7.441002 6.505876 2.190458 7 17 9
-15.019333 13.000644 2.812472 7 17 9
-30.175995 25.990179 4.056499 7 17 9
-3.533509 3.392307 1.872498 15 21 11
-7.204346 6.773505 2.176552 15 21 11
-14.546021 13.535902 2.784660 15 21 11
-29.229372 27.060696 4.000876 15 21 11
-3.361553 -3.560695 1.561541 59 61 56
-6.860435 -7.132498 1.554637 59 61 56
-13.858198 -14.276104 1.540831 59 61 56
-27.853725 -28.563316 1.513217 59 61 56
-3.470403 -3.450719 1.563757 48 49 41
-7.078135 -6.912547 1.559069 48 49 41
-14.293599 -13.836203 1.549693 48 49 41
-28.724527 -27.683514 1.530943 48 49 41
-3.582497 -3.329983 1.566121 34 31 27
-7.302322 -6.671075 1.563797 34 31 27
-14.741974 -13.353258 1.559150 34 31 27
-29.621277 -26.717625 1.549855 34 31 27
-3.697377 -3.197478 1.568640 39 40 34
-7.532084 -6.406064 1.568835 39 40 34
-15.201497 -12.823236 1.569226 39 40 34
-30.540323 -25.657579 1.570008 39 40 34
-3.814419 -3.052171 1.571320 30 34 33
-7.766167 -6.115450 1.574195 30 34 33
-15.669662 -12.242009 1.579946 30 34 33
-31.476654 -24.495127 1.591447 30 34 33
-3.932792 -2.893040 1.574164 23 32 29
-8.002913 -5.797188 1.579883 23 32 29
-16.143156 -11.605485 1.591322 23 32 29
-32.423641 -23.222078 1.614200 23 32 29
-4.051440 -2.719118 1.577173 30 32 31
-8.240210 -5.449344 1.585902 30 32 31
-16.617748 -10.909796 1.603359 30 32 31
-33.372826 -21.830700 1.638274 30 32 31
-4.169054 -2.529546 1.580345 31 35 38
-8.475436 -5.070200 1.592245 31 35 38
-17.088202 -10.151508 1.616045 31 35 38
-34.313732 -20.314125 1.663646 31 35 38
-4.284057 -2.323654 1.583672 35 35 35
-8.705442 -4.658416 1.598899 35 35 35
-17.548214 -9.327940 1.629353 35 35 35
-35.233757 -18.666988 1.690262 35 35 35
-4.394613 -2.101037 1.587141 49 54 48
-8.926555 -4.213182 1.605838 49 54 48
-17.990438 -8.437472 1.643232 49 54 48
-36.118206 -16.886053 1.718020 49 54 48
-4.498646 -1.861653 1.590735 50 53 50
-9.134622 -3.734415 1.613026 50 53 50
-18.406572 -7.479938 1.657607 50 53 50
-36.950474 -14.970984 1.746770 50 53 50
-4.593903 -1.605918 1.594427 74 76 75
-9.325134 -3.222944 1.620410 74 76 75
-18.787598 -6.456996 1.672376 74 76 75
-37.712524 -12.925100 1.776309 74 76 75
-4.678030 -1.334784 1.598186 64 69 63
-9.493390 -2.680676 1.627928 64 69 63
-19.124109 -5.372460 1.687411 64 69 63
-38.385548 -10.756028 1.806378 64 69 63
-4.748706 -1.049802 1.601972 73 71 72
-9.634742 -2.110713 1.635501 73 71 72
-19.406813 -4.232534 1.702557 73 71 72
-38.950954 -8.476177 1.836669 73 71 72
-4.803778 -0.753136 1.605743 65 73 75
-9.744884 -1.517381 1.643042 65 73 75
-19.627098 -3.045871 1.717639 65 73 75
-39.391525 -6.102850 1.866834 65 73 75
-4.841424 -0.447527 1.609451 64 49 46
-9.820176 -0.906161 1.650457 64 49 46
-19.777681 -1.823431 1.732470 64 49 46
-39.692692 -3.657971 1.896496 64 49 46
-4.860302 -0.136192 1.613048 69 51 47
-9.857933 -0.283491 1.657651 69 51 47
-19.853195 -0.578091 1.746858 69 51 47
-39.843719 -1.167291 1.925272 69 51 47
-4.859676 0.177323 1.616488 38 43 37
-9.856681 0.343538 1.664533 38 43 37
-19.850691 0.675967 1.760621 38 43 37
-39.838711 1.340825 1.952798 38 43 37
-4.839483 0.489342 1.619732 63 65 61
-9.816296 0.967575 1.671019 63 65 61
-19.769920 1.924042 1.773594 63 65 61
-39.677170 3.836975 1.978744 63 65 61
-4.800340 0.796269 1.622744 53 55 52
-9.738008 1.581429 1.677043 53 55 52
-19.613346 3.151750 1.785642 53 55 52
-39.364021 6.292391 2.002840 53 55 52
-4.743487 1.094793 1.625499 34 36 31
-9.624304 2.178478 1.682555 34 36 31
-19.385937 4.345848 1.796665 34 36 31
-38.909203 8.680588 2.024886 34 36 31
-4.670681 1.382054 1.627984 71 72 66
-9.478692 2.753000 1.687524 71 72 66
-19.094713 5.494891 1.806603 71 72 66
-38.326756 10.978673 2.044762 71 72 66
-4.584043 1.655748 1.630191 74 78 77
-9.305414 3.300387 1.691938 74 78 77
-18.748158 6.589666 1.815433 74 78 77
-37.633644 13.168224 2.062421 74 78 77
-4.485898 1.914189 1.632125 108 110 109
-9.109126 3.817270 1.695805 108 110 109
-18.355581 7.623431 1.823166 108 110 109
-36.848492 15.235754 2.077887 108 110 109
-4.378632 2.156296 1.633794 35 39 42
-8.894592 4.301485 1.699144 35 39 42
-17.926514 8.591861 1.829843 35 39 42
-35.990356 17.172613 2.091242 35 39 42
-4.264551 2.381550 1.635215 26 30 29
-8.666430 4.751992 1.701986 26 30 29
-17.470190 9.492876 1.835527 26 30 29
-35.077709 18.974644 2.102611 26 30 29
-4.145797 2.589910 1.636407 18 20 17
-8.428923 5.168711 1.704370 18 20 17
-16.995174 10.326313 1.840296 18 20 17
-34.127678 20.641518 2.112148 18 20 17
-4.024276 2.781720 1.637392 89 94 88
-8.185881 5.552332 1.706339 89 94 88
-16.509090 11.093556 1.844234 89 94 88
-33.155510 22.176004 2.120025 89 94 88
-3.901632 2.957619 1.638191 111 114 105
-7.940594 5.904130 1.707938 111 114 105
-16.018517 11.797152 1.847432 111 114 105
-32.174362 23.583195 2.126419 111 114 105
-3.779238 3.118446 1.638827 76 78 73
-7.695806 6.225784 1.709210 76 78 73
-15.528941 12.440460 1.849976 76 78 73
-31.195211 24.869812 2.131507 76 78 73
-3.658204 3.265168 1.639320 89 93 92
-7.453738 6.519228 1.710197 89 93 92
-15.044805 13.027347 1.851949 89 93 92
-30.226938 26.043585 2.135455 89 93 92
-3.539404 3.398815 1.639691 13 12 8
-7.216136 6.786522 1.710938 13 12 8
-14.569602 13.561935 1.853431 13 12 8
-29.276533 27.112762 2.138418 13 12 8
-3.360005 -3.555215 1.344858 18 28 20
-6.857338 -7.121539 1.121272 18 28 20
-13.852006 -14.254187 0.674100 18 28 20
-27.841341 -28.519482 -0.220243 18 28 20
-3.468605 -3.445065 1.340181 30 30 28
-7.074539 -6.901238 1.111918 30 30 28
-14.286407 -13.813585 0.655391 30 30 28
-28.710144 -27.638279 -0.257662 30 30 28
-3.580421 -3.324164 1.335442 25 15 14
-7.298172 -6.659436 1.102440 25 15 14
-14.733672 -13.329980 0.636435 25 15 14
-29.604673 -26.671068 -0.295574 25 15 14
-3.694997 -3.191506 1.330676 17 19 14
-7.527323 -6.394121 1.092908 17 19 14
-15.191976 -12.799350 0.617371 17 19 14
-30.521280 -25.609808 -0.333702 17 19 14
-3.811705 -3.046067 1.325927 29 29 29
-7.760738 -6.103241 1.083410 29 29 29
-15.658806 -12.217591 0.598376 29 29 29
-31.454941 -24.446291 -0.371693 29 29 29
-3.929716 -2.886829 1.321250 23 31 28
-7.996760 -5.784767 1.074056 23 31 28
-16.130850 -11.580642 0.579667 23 31 28
-32.399029 -23.172392 -0.409110 23 31 28
-4.047975 -2.712834 1.316711 18 26 15
-8.233278 -5.436776 1.064978 18 26 15
-16.603886 -10.884661 0.561511 18 26 15
-33.345100 -21.780430 -0.445422 18 26 15
-4.165176 -2.523232 1.312389 20 18 19
-8.467682 -5.057573 1.056333 20 18 19
-17.072693 -10.126254 0.544222 20 18 19
-34.282715 -20.263617 -0.480001 20 18 19
-4.279751 -2.317361 1.308374 25 27 24
-8.696831 -4.645830 1.048303 25 27 24
-17.530991 -9.302768 0.528162 25 27 24
-35.199310 -18.616644 -0.512120 25 27 24
-4.389869 -2.094824 1.304768 20 22 21
-8.917067 -4.200757 1.041091 20 22 21
-17.971462 -8.412622 0.513738 20 22 21
-36.080254 -16.836353 -0.540967 20 22 21
-4.493468 -1.855589 1.301682 36 43 33
-9.124266 -3.722286 1.034920 36 43 33
-18.385860 -7.455679 0.501395 36 43 33
-36.909050 -14.922467 -0.565655 36 43 33
-4.588305 -1.600074 1.299231 57 37 38
-9.313938 -3.211256 1.030019 57 37 38
-18.765205 -6.433620 0.491593 57 37 38
-37.667740 -12.878348 -0.585259 57 37 38
-4.672045 -1.329237 1.297531 58 39 28
-9.481420 -2.669582 1.026618 58 39 28
-19.100168 -5.350272 0.484792 58 39 28
-38.337666 -10.711652 -0.598861 58 39 28
-4.742381 -1.044626 1.296689 56 38 36
-9.622091 -2.100360 1.024934 56 38 36
-19.381512 -4.211829 0.481424 56 38 36
-38.900352 -8.434767 -0.605597 56 38 36
-4.797177 -0.748400 1.296797 33 34 36
-9.731684 -1.507908 1.025150 33 34 36
-19.600697 -3.026925 0.481856 33 34 36
-39.338722 -6.064958 -0.604731 33 34 36
-4.834627 -0.443288 1.297924 40 45 41
-9.806582 -0.897684 1.027404 40 45 41
-19.750494 -1.806476 0.486364 40 45 41
-39.638317 -3.624061 -0.595716 40 45 41
-4.853400 -0.132494 1.300108 59 59 57
-9.844129 -0.276097 1.031772 59 59 57
-19.825586 -0.563301 0.495099 59 59 57
-39.788502 -1.137711 -0.578247 59 59 57
-4.852766 0.180454 1.303351 66 65 61
-9.842861 0.349800 1.038259 66 65 61
-19.823051 0.688491 0.508073 66 65 61
-39.783432 1.365874 -0.552298 66 65 61
-4.832662 0.491901 1.307621 69 70 65
-9.802653 0.972694 1.046797 69 70 65
-19.742636 1.934279 0.525150 69 70 65
-39.622601 3.857450 -0.518144 69 70 65
-4.793699 0.798271 1.312846 67 67 65
-9.724728 1.585433 1.057248 67 67 65
-19.586784 3.159757 0.546053 67 67 65
-39.310898 6.308406 -0.476339 67 67 65
-4.737111 1.096269 1.318929 69 69 61
-9.611551 2.181431 1.069413 69 69 61
-19.360432 4.351753 0.570382 69 69 61
-38.858192 8.692397 -0.427681 69 69 61
-4.664637 1.383050 1.325745 18 17 15
-9.466602 2.754992 1.083046 18 17 15
-19.070534 5.498875 0.597648 18 17 15
-38.278397 10.986642 -0.373147 18 17 15
-4.578381 1.656320 1.333160 42 44 39
-9.294091 3.301531 1.097876 42 44 39
-18.725512 6.591954 0.627308 42 44 39
-37.588352 13.172800 -0.313828 42 44 39
-4.480655 1.914397 1.341033 51 53 52
-9.098639 3.817685 1.113621 51 53 52
-18.334606 7.624262 0.658798 51 53 52
-36.806541 15.237416 -0.250848 51 53 52
-4.373826 2.156203 1.349225 62 62 55
-8.884981 4.301297 1.130006 62 62 55
-17.907291 8.591485 0.691568 62 62 55
-35.951912 17.171862 -0.185309 62 62 55
-4.260187 2.381215 1.357609 43 47 46
-8.657702 4.751321 1.146775 43 47 46
-17.452734 9.491533 0.725105 43 47 46
-35.042797 18.971958 -0.118235 43 47 46
-4.141868 2.589387 1.366071 110 116 104
-8.421064 5.167666 1.163698 110 116 104
-16.979458 10.324224 0.758952 110 116 104
-34.096245 20.637339 -0.050540 110 116 104
-4.020766 2.781061 1.374513 132 137 130
-8.178861 5.551013 1.180581 132 137 130
-16.495050 11.090918 0.792718 132 137 130
-33.127430 22.170727 0.016991 132 137 130
-3.898520 2.956865 1.382853 132 137 131
-7.934368 5.902622 1.197261 132 137 131
-16.006065 11.794136 0.826077 132 137 131
-32.149460 23.577164 0.083710 132 137 131
-3.776496 3.117634 1.391026 129 132 123
-7.690320 6.224159 1.213608 129 132 123
-15.517970 12.437209 0.858772 129 132 123
-31.173269 24.863310 0.149100 129 132 123
-3.655803 3.264326 1.398984 124 127 118
-7.448936 6.517544 1.229524 124 127 118
-15.035201 13.023980 0.890605 124 127 118
-30.207731 26.036852 0.212765 124 127 118
-3.537316 3.397968 1.406691 42 48 48
-7.211961 6.784828 1.244937 42 48 48
-14.561252 13.558548 0.921430 42 48 48
-29.259832 27.105988 0.274416 42 48 48
-3.351925 -3.543090 1.129374 17 17 15
-6.841179 -7.097288 0.690304 17 17 15
-13.819687 -14.205685 -0.187836 17 17 15
-27.776703 -28.422478 -1.944117 17 17 15
-3.459640 -3.432557 1.117917 31 37 35
-7.056609 -6.876223 0.667389 31 37 35
-14.250547 -13.763555 -0.233666 31 37 35
-28.638424 -27.538218 -2.035776 31 37 35
-3.570484 -3.311307 1.106198 35 37 38
-7.278297 -6.633723 0.643951 35 37 38
-14.693924 -13.278554 -0.280541 35 37 38
-29.525177 -26.568216 -2.129527 35 37 38
-3.683997 -3.178349 1.094281 46 50 51
-7.505322 -6.367805 0.620117 46 50 51
-15.147974 -12.746719 -0.328210 46 50 51
-30.433277 -25.504547 -2.224865 46 50 51
-3.799550 -3.032672 1.082247 29 41 41
-7.736428 -6.076453 0.596051 29 41 41
-15.610186 -12.164014 -0.376343 29 41 41
-31.357700 -24.339136 -2.321130 29 41 41
-3.916317 -2.873283 1.070204 15 20 16
-7.969962 -5.757675 0.571964 15 20 16
-16.077253 -11.526459 -0.424517 15 20 16
-32.291836 -23.064026 -2.417479 15 20 16
-4.033249 -2.699244 1.058280 17 29 25
-8.203828 -5.409595 0.548117 17 29 25
-16.544985 -10.830299 -0.472211 17 29 25
-33.227299 -21.671707 -2.512866 17 29 25
-4.149056 -2.509729 1.046635 37 42 38
-8.435441 -5.030567 0.524826 37 42 38
-17.008211 -10.072242 -0.518792 37 42 38
-34.153751 -20.155592 -2.606028 37 42 38
-4.262185 -2.304101 1.035454 57 62 54
-8.661699 -4.619311 0.502464 57 62 54
-17.460728 -9.249731 -0.563515 57 62 54
-35.058784 -18.510571 -2.695475 57 62 54
-4.370837 -2.081990 1.024950 36 38 38
-8.879003 -4.175087 0.481457 36 38 38
-17.895334 -8.361283 -0.605531 36 38 38
-35.927998 -16.733675 -2.779507 36 38 38
-4.472982 -1.843379 1.015359 22 26 25
-9.083294 -3.697866 0.462274 22 26 25
-18.303917 -7.406840 -0.643896 22 26 25
-36.745163 -14.824788 -2.856236 22 26 25
-4.566425 -1.588705 1.006932 33 33 30
-9.270180 -3.188518 0.445419 33 33 30
-18.677689 -6.388144 -0.677607 33 33 30
-37.492706 -12.787395 -2.923658 33 33 30
-4.648879 -1.318928 0.999924 31 31 32
-9.435087 -2.648964 0.431403 31 31 32
-19.007504 -5.309036 -0.705637 31 31 32
-38.152336 -10.629180 -2.979719 31 31 32
-4.718091 -1.035590 0.994583 43 45 44
-9.573511 -2.082288 0.420722 43 45 44
-19.284351 -4.175684 -0.727000 43 45 44
-38.706032 -8.362477 -3.022444 43 45 44
-4.771978 -0.740828 0.991131 55 54 49
-9.681286 -1.492764 0.413818 55 54 49
-19.499901 -2.996636 -0.740808 55 54 49
-39.137131 -6.004381 -3.050061 55 54 49
-4.808782 -0.437335 0.989746 57 58 53
-9.754892 -0.885778 0.411048 57 58 53
-19.647114 -1.782665 -0.746348 57 58 53
-39.431557 -3.576438 -3.061140 57 58 53
-4.827206 -0.128268 0.990549 58 59 54
-9.791741 -0.267644 0.412653 58 59 54
-19.720812 -0.546396 -0.743137 58 59 54
-39.578953 -1.103900 -3.054719 58 59 54
-4.826543 0.182905 0.993588 63 64 59
-9.790415 0.354701 0.418732 63 64 59
-19.718159 0.698293 -0.730981 63 64 59
-39.573647 1.385478 -3.030406 63 64 59
-4.806730 0.492588 0.998837 66 67 62
-9.750790 0.974067 0.429230 66 67 62
-19.638908 1.937027 -0.709984 66 67 62
-39.415146 3.862945 -2.988411 66 67 62
-4.768365 0.797266 1.006194 69 67 64
-9.674059 1.583423 0.443943 69 67 64
-19.485447 3.155739 -0.680558 69 67 64
-39.108223 6.300369 -2.929561 69 67 64
-4.712644 1.093698 1.015487 64 65 60
-9.562616 2.176287 0.462530 64 65 60
-19.262562 4.341466 -0.643384 64 65 60
-38.662453 8.671824 -2.855213 64 65 60
-4.641264 1.379077 1.026494 62 63 58
-9.419857 2.747046 0.484543 62 63 58
-18.977043 5.482983 -0.599357 62 63 58
-38.091415 10.954857 -2.767159 62 63 58
-4.556277 1.651138 1.038954 63 64 59
-9.249884 3.291168 0.509464 63 64 59
-18.637096 6.571227 -0.549517 63 64 59
-37.411522 13.131346 -2.667478 63 64 59
-4.459940 1.908213 1.052590 63 64 59
-9.057210 3.805318 0.536735 63 64 59
-18.251749 7.599528 -0.494974 63 64 59
-36.640827 15.187947 -2.558392 63 64 59
-4.354568 2.149223 1.067122 21 17 18
-8.846465 4.287338 0.565800 21 17 18
-17.830259 8.563568 -0.436845 21 17 18
-35.797848 17.116028 -2.442134 21 17 18
-4.242409 2.373637 1.082284 20 23 16
-8.622148 4.736166 0.596124 20 23 16
-17.381624 9.461224 -0.376195 20 23 16
-34.900578 18.911339 -2.320835 20 23 16
-4.125554 2.581392 1.097833 103 103 101
-8.388436 5.151676 0.627223 103 103 101
-16.914202 10.292244 -0.313999 103 103 101
-33.965733 20.573380 -2.196442 103 103 101
-4.005870 2.772807 1.113556 104 107 102
-8.149069 5.534506 0.658667 104 107 102
-16.435467 11.057903 -0.251110 104 107 102
-33.008263 22.104698 -2.070664 104 107 102
-3.884974 2.948489 1.129269 16 15 19
-7.907277 5.885870 0.690093 16 15 19
-15.951883 11.760632 -0.188258 16 15 19
-32.041096 23.510155 -1.944960 16 15 19
-3.764219 3.109247 1.144823 113 115 111
-7.665768 6.207386 0.721202 113 115 111
-15.468864 12.403664 -0.126040 113 115 111
-31.075058 24.796219 -1.820523 113 115 111
-3.644707 3.256021 1.160101 70 37 34
-7.426743 6.500933 0.751757 70 37 34
-14.990815 12.990758 -0.064931 70 37 34
-30.118959 25.970407 -1.698305 70 37 34
-3.527306 3.389815 1.175009 96 101 95
-7.191941 6.768522 0.781574 96 101 95
-14.521212 13.525936 -0.005297 96 101 95
-29.179752 27.040764 -1.579038 96 101 95
-3.337465 -3.524493 0.916272 26 32 28
-6.812258 -7.060095 0.264099 26 32 28
-13.761846 -14.131298 -1.040246 26 32 28
-27.661020 -28.273705 -3.648937 26 32 28
-3.443686 -3.413389 0.898261 33 38 34
-7.024702 -6.837887 0.228077 33 38 34
-14.186733 -13.686882 -1.112290 33 38 34
-28.510796 -27.384872 -3.793024 33 38 34
-3.552893 -3.291625 0.879810 27 28 23
-7.243114 -6.594357 0.191176 27 28 23
-14.623558 -13.199823 -1.186093 27 28 23
-29.384445 -26.410755 -3.940630 27 28 23
-3.664619 -3.158233 0.861011 35 37 36
-7.466568 -6.327575 0.153578 35 37 36
-15.070465 -12.666258 -1.261289 35 37 36
-30.278259 -25.343624 -4.091022 35 37 36
-3.778236 -3.012235 0.841985 62 63 58
-7.693801 -6.035578 0.115525 62 63 58
-15.524932 -12.082264 -1.337394 62 63 58
-31.187193 -24.175636 -4.243233 62 63 58
-3.892923 -2.852666 0.822886 35 44 39
-7.923176 -5.716440 0.077328 35 44 39
-15.983681 -11.443989 -1.413787 35 44 39
-32.104691 -22.899086 -4.396019 35 44 39
-4.007646 -2.678625 0.803909 41 37 36
-8.152620 -5.368359 0.039374 41 37 36
-16.442570 -10.747827 -1.489697 41 37 36
-33.022469 -21.506762 -4.547838 41 37 36
-4.121131 -2.489328 0.785287 23 28 24
-8.379591 -4.989765 0.002129 23 28 24
-16.896511 -9.990638 -1.564186 23 28 24
-33.930351 -19.992384 -4.696817 23 28 24
-4.231863 -2.284176 0.767296 21 23 22
-8.601054 -4.579460 -0.033852 21 23 22
-17.339437 -9.170028 -1.636149 21 23 22
-34.816204 -18.351164 -4.840743 21 23 22
-4.338085 -2.062834 0.750253 26 26 22
-8.813498 -4.136776 -0.067938 26 26 22
-17.764326 -8.284660 -1.704319 26 26 22
-35.665981 -16.580429 -4.977083 26 26 22
-4.437830 -1.825320 0.734511 21 25 28
-9.012989 -3.661749 -0.099423 21 25 28
-18.163307 -7.334607 -1.767291 21 25 28
-36.463943 -14.680323 -5.103025 21 25 28
-4.528973 -1.572092 0.720444 39 39 39
-9.195274 -3.155292 -0.127557 39 39 39
-18.527878 -6.321692 -1.823558 39 39 39
-37.193085 -12.654492 -5.215561 39 39 39
-4.609309 -1.304114 0.708438 45 46 41
-9.355947 -2.619337 -0.151569 45 46 41
-18.849224 -5.249783 -1.871582 45 46 41
-37.835777 -10.510674 -5.311608 45 46 41
-4.676674 -1.022916 0.698867 57 57 55
-9.490677 -2.056941 -0.170711 57 57 55
-19.118683 -4.124990 -1.909866 57 57 55
-38.374695 -8.261087 -5.388176 57 57 55
-4.729070 -0.730597 0.692069 63 59 56
-9.595469 -1.472303 -0.184306 63 59 56
-19.328266 -2.955715 -1.937056 63 59 56
-38.793861 -5.922538 -5.442557 63 59 56
-4.764812 -0.429793 0.688323 56 57 52
-9.666954 -0.870694 -0.191799 56 57 52
-19.471237 -1.752496 -1.952042 56 57 52
-39.079803 -3.516101 -5.472528 56 57 52
-4.782668 -0.123579 0.687821 58 58 56
-9.702664 -0.258266 -0.192801 58 58 56
-19.542658 -0.527640 -1.954047 58 58 56
-39.222645 -1.066389 -5.476539 58 58 56
-4.781956 0.184669 0.690656 61 62 57
-9.701241 0.358229 -0.187131 61 62 57
-19.539810 0.705351 -1.942707 61 62 57
-39.216949 1.399593 -5.453858 61 62 57
-4.762621 0.491457 0.696808 63 64 59
-9.662572 0.971805 -0.174829 63 64 59
-19.462473 1.932501 -1.918103 63 64 59
-39.062275 3.853893 -5.404650 63 64 59
-4.725233 0.793364 0.706143 60 61 56
-9.587795 1.575620 -0.156159 60 61 56
-19.312920 3.140132 -1.880762 60 61 56
-38.763168 6.269155 -5.329967 60 61 56
-4.670938 1.087236 0.718430 62 63 58
-9.479204 2.163364 -0.131585 62 63 58
-19.095737 4.315619 -1.831613 62 63 58
-38.328804 8.620130 -5.231671 62 63 58
-4.601357 1.370332 0.733354 62 63 58
-9.340042 2.729556 -0.101736 62 63 58
-18.817413 5.448003 -1.771917 62 63 58
-37.772156 10.884897 -5.112278 62 63 58
-4.518457 1.640430 0.750545 58 59 54
-9.174244 3.269753 -0.067355 58 59 54
-18.485817 6.528397 -1.703154 58 59 54
-37.108963 13.045685 -4.974752 58 59 54
-4.424410 1.895885 0.769600 59 60 55
-8.986150 3.780661 -0.029245 59 60 55
-18.109629 7.550213 -1.626934 59 60 55
-36.356586 15.089318 -4.822312 59 60 55
-4.321445 2.135617 0.790111 61 62 57
-8.780218 4.260125 0.011777 61 62 57
-17.697765 8.509141 -1.544890 61 62 57
-35.532860 17.007174 -4.658224 61 62 57
-4.211734 2.359079 0.811684 64 65 60
-8.560797 4.707049 0.054924 64 65 60
-17.258923 9.402990 -1.458596 64 65 60
-34.655174 18.794872 -4.485635 64 65 60
-4.097306 2.566181 0.833958 56 58 53
-8.331941 5.121254 0.099471 56 58 53
-16.801210 10.231400 -1.369503 56 58 53
-33.739750 20.451691 -4.307449 56 58 53
-3.979980 2.757208 0.856608 17 21 17
-8.097288 5.503307 0.144771 17 21 17
-16.331905 10.995506 -1.278903 17 21 17
-32.801140 21.979904 -4.126249 17 21 17
-3.861334 2.932726 0.879357 52 54 49
-7.859998 5.854343 0.190270 52 54 49
-15.857325 11.697578 -1.187905 52 54 49
-31.851978 23.384048 -3.944253 52 54 49
-3.742700 3.093509 0.901975 21 27 25
-7.622729 6.175909 0.235506 21 27 25
-15.382788 12.340710 -1.097432 21 27 25
-30.902905 24.670311 -3.763309 21 27 25
-3.625164 3.240458 0.924276 19 24 20
-7.387656 6.469807 0.280107 19 24 20
-14.912642 12.928505 -1.008231 19 24 20
-29.962612 25.845901 -3.584906 19 24 20
-3.509587 3.374546 0.946113 68 70 67
-7.156503 6.737983 0.323781 68 70 67
-14.450336 13.464857 -0.920882 68 70 67
-29.038000 26.918606 -3.410209 68 70 67
-3.316876 -3.499704 0.706669 17 26 23
-6.771082 -7.010517 -0.155106 17 26 23
-13.679493 -14.032142 -1.878657 17 26 23
-27.496315 -28.075392 -5.325758 17 26 23
-3.421037 -3.387864 0.682435 58 60 57
-6.979404 -6.786836 -0.203575 58 60 57
-14.096137 -13.584780 -1.975594 58 60 57
-28.329603 -27.180668 -5.519632 58 60 57
-3.527991 -3.265447 0.657612 57 58 59
-7.193311 -6.542003 -0.253220 57 58 59
-14.523951 -13.095114 -2.074884 57 58 59
-29.185230 -26.201336 -5.718213 57 58 59
-3.637265 -3.131520 0.632322 17 19 18
-7.411859 -6.274149 -0.303800 17 19 18
-14.961047 -12.559406 -2.176045 17 19 18
-30.059423 -25.129921 -5.920534 17 19 18
-3.748231 -2.985141 0.606724 18 20 15
-7.633792 -5.981390 -0.354997 18 20 15
-15.404913 -11.973889 -2.278438 18 20 15
-30.947155 -23.958887 -6.125320 18 20 15
-3.860078 -2.825391 0.581021 17 22 18
-7.857486 -5.661890 -0.406403 17 22 18
-15.852301 -11.334888 -2.381250 17 22 18
-31.841930 -22.680883 -6.330945 17 22 18
-3.971787 -2.651416 0.555465 19 24 18
-8.080904 -5.313940 -0.457513 19 24 18
-16.299137 -10.638988 -2.483471 19 24 18
-32.735603 -21.289083 -6.535386 19 24 18
-4.082118 -2.462482 0.530363 16 20 21
-8.301565 -4.936073 -0.507718 16 20 21
-16.740459 -9.883255 -2.583879 16 20 21
-33.618248 -19.777618 -6.736203 16 20 21
-4.189599 -2.258046 0.506073 28 34 32
-8.516527 -4.527201 -0.556297 28 34 32
-17.170383 -9.065510 -2.681039 28 34 32
-34.478096 -18.142128 -6.930522 28 34 32
-4.292537 -2.037821 0.483007 28 34 29
-8.722404 -4.086751 -0.602430 28 34 29
-17.582136 -8.184609 -2.773305 28 34 29
-35.301601 -16.380327 -7.115054 28 34 29
-4.389045 -1.801866 0.461619 32 35 28
-8.915420 -3.614840 -0.645207 32 35 28
-17.968168 -7.240788 -2.858858 32 35 28
-36.073666 -14.492683 -7.286160 32 35 28
-4.477092 -1.550661 0.442395 61 62 57
-9.091514 -3.112431 -0.683655 61 62 57
-18.320356 -6.235970 -2.935754 61 62 57
-36.778042 -12.483049 -7.439952 61 62 57
-4.554586 -1.285181 0.425833 59 60 55
-9.246502 -2.581471 -0.716779 59 60 55
-18.630333 -5.174050 -3.002002 59 60 55
-37.397995 -10.359208 -7.572449 59 60 55
-4.619475 -1.006932 0.412415 60 61 56
-9.376280 -2.024973 -0.743615 60 61 56
-18.889889 -4.061054 -3.055674 60 61 56
-37.917107 -8.133217 -7.679792 60 61 56
-4.669875 -0.717965 0.402579 60 61 56
-9.477079 -1.447038 -0.763286 60 61 56
-19.091488 -2.905184 -3.095016 60 61 56
-38.320305 -5.821477 -7.758476 60 61 56
-4.704201 -0.420833 0.396688 57 58 53
-9.545731 -0.852774 -0.775068 57 58 53
-19.228790 -1.716655 -3.118580 57 58 53
-38.594910 -3.444419 -7.805604 57 58 53
-4.721294 -0.118506 0.394997 62 63 58
-9.579918 -0.248120 -0.778450 62 63 58
-19.297165 -0.507349 -3.125344 62 63 58
-38.731659 -1.025806 -7.819133 62 63 58
-4.720520 0.185765 0.397634 62 63 58
-9.578369 0.360421 -0.773177 62 63 58
-19.294067 0.709734 -3.114799 62 63 58
-38.725464 1.408360 -7.798041 62 63 58
-4.701825 0.488619 0.404583 64 64 62
-9.540979 0.966129 -0.759279 64 64 62
-19.219288 1.921150 -3.087001 64 64 62
-38.575905 3.831192 -7.742447 64 64 62
-4.665744 0.786765 0.415689 60 61 56
-9.468817 1.562421 -0.737065 60 61 56
-19.074963 3.113734 -3.042575 60 61 56
-38.287254 6.216360 -7.653594 60 61 56
-4.613355 1.077160 0.430669 67 63 60
-9.364038 2.143212 -0.707107 67 63 60
-18.865406 4.275315 -2.982657 67 63 60
-37.868141 8.539521 -7.533759 67 63 60
-4.546185 1.357153 0.449131 61 61 59
-9.229699 2.703197 -0.670182 61 61 59
-18.596727 5.395286 -2.908808 61 61 59
-37.330784 10.779464 -7.386060 61 61 59
-4.466090 1.624581 0.470611 63 64 59
-9.069510 3.238054 -0.627222 63 64 59
-18.276348 6.464999 -2.822887 63 64 59
-36.690025 12.918889 -7.214219 63 64 59
-4.375123 1.877827 0.494601 56 61 55
-8.887575 3.744545 -0.579243 56 61 55
-17.912479 7.477982 -2.726930 56 61 55
-35.962288 14.944855 -7.022304 56 61 55
-4.275402 2.115814 0.520580 58 59 54
-8.688133 4.220520 -0.527285 58 59 54
-17.513596 8.429931 -2.623014 58 59 54
-35.164520 16.848753 -6.814473 58 59 54
-4.169001 2.337976 0.548043 49 52 47
-8.475330 4.664843 -0.472358 49 52 47
-17.087990 9.318577 -2.513160 49 52 47
-34.313309 18.626045 -6.594764 49 52 47
-4.057861 2.544184 0.576521 58 59 54
-8.253051 5.077259 -0.415402 58 59 54
-16.643431 10.143410 -2.399247 58 59 54
-33.424191 20.275711 -6.366939 58 59 54
-3.943736 2.734676 0.605594 62 61 57
-8.024801 5.458244 -0.357257 62 61 57
-16.186932 10.905380 -2.282959 62 61 57
-32.511192 21.799652 -6.134361 62 61 57
-3.828156 2.909972 0.634894 59 60 55
-7.793642 5.808835 -0.298655 59 60 55
-15.724613 11.606562 -2.165755 59 60 55
-31.586555 23.202015 -5.899954 59 60 55
-3.712417 3.070789 0.664117 40 42 41
-7.562163 6.130469 -0.240209 40 42 41
-15.261656 12.249830 -2.048863 40 42 41
-30.660641 24.488552 -5.666170 40 42 41
-3.597585 3.217982 0.693012 36 37 32
-7.332499 6.424855 -0.182420 36 37 32
-14.802327 12.838601 -1.933285 36 37 32
-29.741983 25.666094 -5.435015 36 37 32
-3.484512 3.352478 0.721380 28 30 25
-7.106352 6.693848 -0.125685 28 30 25
-14.350034 13.376587 -1.819815 28 30 25
-28.837397 26.742065 -5.208074 28 30 25
-3.290504 -3.469091 0.501592 10 19 18
-6.718336 -6.949290 -0.565260 10 19 18
-13.574001 -13.909689 -2.698965 10 19 18
-27.285332 -27.830486 -6.966374 10 19 18
-3.392093 -3.356385 0.471553 19 19 13
-6.921516 -6.723877 -0.625338 19 19 13
-13.980361 -13.458863 -2.819120 19 19 13
-28.098051 -26.928835 -7.206685 19 19 13
-3.496241 -3.233213 0.440814 10 19 11
-7.129811 -6.477534 -0.686817 10 19 11
-14.396952 -12.966176 -2.942078 10 19 11
-28.931232 -25.943460 -7.452600 10 19 11
-3.602471 -3.098682 0.409525 17 19 16
-7.342272 -6.208472 -0.749395 17 19 16
-14.821873 -12.428052 -3.067234 17 19 16
-29.781075 -24.867212 -7.702911 17 19 16
-3.710158 -2.951898 0.377883 13 19 15
-7.557645 -5.914904 -0.812678 13 19 15
-15.252620 -11.840917 -3.193800 13 19 15
-30.642569 -23.692942 -7.956045 13 19 15
-3.818500 -2.791995 0.346138 30 30 30
-7.774329 -5.595098 -0.876168 30 30 30
-15.685987 -11.201303 -3.320780 30 30 30
-31.509302 -22.413715 -8.210004 30 30 30
-3.926502 -2.618179 0.314598 36 38 35
-7.990334 -5.247466 -0.939248 36 38 35
-16.117996 -10.506040 -3.446939 36 38 35
-32.373322 -21.023188 -8.462323 36 38 35
-4.032963 -2.429777 0.283633 25 32 25
-8.203255 -4.870663 -1.001177 25 32 25
-16.543839 -9.752435 -3.570799 25 32 25
-33.225006 -19.515978 -8.710042 25 32 25
-4.136469 -2.226308 0.253677 21 26 22
-8.410268 -4.463725 -1.061091 21 26 22
-16.957865 -8.938559 -3.690627 21 26 22
-34.053059 -17.888226 -8.949697 21 26 22
-4.235404 -2.007544 0.225220 53 55 50
-8.608138 -4.026196 -1.118004 53 55 50
-17.353605 -8.063499 -3.804452 53 55 50
-34.844540 -16.138107 -9.177349 53 55 50
-4.327977 -1.773588 0.198808 60 61 56
-8.793283 -3.558284 -1.170828 60 61 56
-17.723894 -7.127676 -3.910101 60 61 56
-35.585117 -14.266459 -9.388646 60 61 56
-4.412273 -1.524951 0.175017 56 57 52
-8.961876 -3.061011 -1.218410 56 57 52
-18.061081 -6.133131 -4.005263 56 57 52
-36.259491 -12.277370 -9.578971 56 57 52
-4.486330 -1.262611 0.154438 55 57 52
-9.109989 -2.536331 -1.259569 55 57 52
-18.357307 -5.083770 -4.087583 55 57 52
-36.851944 -10.178648 -9.743609 55 57 52
-4.548233 -0.988046 0.137640 57 58 53
-9.233795 -1.987200 -1.293164 57 58 53
-18.604919 -3.985509 -4.154772 57 58 53
-37.347168 -7.982127 -9.877989 57 58 53
-4.596230 -0.703243 0.125142 57 58 53
-9.329789 -1.417595 -1.318160 57 58 53
-18.796907 -2.846299 -4.204764 57 58 53
-37.731144 -5.703706 -9.977972 57 58 53
-4.628854 -0.410659 0.117372 56 57 52
-9.395037 -0.832427 -1.333701 56 57 52
-18.927402 -1.675962 -4.235847 56 57 52
-37.992134 -3.363032 -10.040137 56 57 52
-4.645034 -0.113135 0.114633 55 57 52
-9.427397 -0.237378 -1.339179 55 57 52
-18.992123 -0.485865 -4.246802 55 57 52
-38.121574 -0.982838 -10.062048 55 57 52
-4.644185 0.186230 0.117081 60 62 57
-9.425698 0.361351 -1.334283 60 62 57
-18.988726 0.711594 -4.237010 60 62 57
-38.114780 1.412079 -10.042463 60 62 57
-4.626259 0.484233 0.124707 59 61 56
-9.389848 0.957358 -1.319031 59 61 56
-18.917025 1.903607 -4.206506 59 61 56
-37.971378 3.796106 -9.981456 59 61 56
-4.591752 0.777738 0.137338 54 55 50
-9.320833 1.544368 -1.293769 54 55 50
-18.778996 3.077628 -4.155982 54 55 50
-37.695320 6.144147 -9.880407 54 55 50
-4.541660 1.063838 0.154649 62 62 60
-9.220649 2.116568 -1.259146 62 62 60
-18.578627 4.222028 -4.086737 62 62 60
-37.294582 8.432948 -9.741918 62 62 60
-4.477398 1.339988 0.176192 56 57 52
-9.092126 2.668869 -1.216059 56 57 52
-18.321581 5.326629 -4.000563 56 57 52
-36.780491 10.642149 -9.569571 56 57 52
-4.400693 1.604100 0.201428 61 62 57
-8.938716 3.197091 -1.165588 61 62 57
-18.014761 6.383073 -3.899620 61 62 57
-36.166851 12.755037 -9.367684 61 62 57
-4.313458 1.854590 0.229763 57 60 53
-8.764246 3.698071 -1.108918 57 60 53
-17.665821 7.385035 -3.786280 57 60 53
-35.468971 14.758961 -9.141005 57 60 53
-4.217680 2.090389 0.260586 56 58 53
-8.572688 4.169669 -1.047272 56 58 53
-17.282705 8.328229 -3.662988 56 58 53
-34.702740 16.645350 -8.894420 56 58 53
-4.115310 2.310905 0.293300 51 56 50
-8.367949 4.610703 -0.981844 51 56 50
-16.873226 9.210297 -3.532133 51 56 50
-33.883781 18.409485 -8.632710 51 56 50
-4.008190 2.515972 0.327344 48 50 45
-8.153709 5.020835 -0.913757 48 50 45
-16.444748 10.030561 -3.395958 48 50 45
-33.026825 20.050014 -8.360360 48 50 45
-3.897991 2.705770 0.362211 52 54 49
-7.933311 5.400431 -0.844022 52 54 49
-16.003950 10.789754 -3.256487 52 54 49
-32.145229 21.568399 -8.081419 52 54 49
-3.786180 2.880755 0.397460 55 56 51
-7.709689 5.750402 -0.773524 55 56 51
-15.556707 11.489697 -3.115492 55 56 51
-31.250744 22.968285 -7.799428 55 56 51
-3.674011 3.041588 0.432714 57 59 54
-7.485352 6.072067 -0.703016 57 59 54
-15.108032 12.133025 -2.974475 57 59 54
-30.353394 24.254942 -7.517395 57 59 54
-3.562523 3.189060 0.467664 59 60 55
-7.262375 6.367011 -0.633117 59 60 55
-14.662080 12.722914 -2.834678 59 60 55
-29.461489 25.434719 -7.237800 59 60 55
-3.452556 3.324045 0.502060 57 60 53
-7.042441 6.636981 -0.564325 57 60 53
-14.222212 13.262854 -2.697094 57 60 53
-28.581753 26.514599 -6.962633 57 60 53
-3.258764 -3.433097 0.301952 21 19 20
-6.654858 -6.877302 -0.964540 21 19 20
-13.447044 -13.765713 -3.497524 21 19 20
-27.031418 -27.542534 -8.563493 21 19 20
-3.357338 -3.319432 0.266598 12 21 20
-6.852005 -6.649972 -1.035249 12 21 20
-13.841338 -13.311053 -3.638942 12 21 20
-27.820005 -26.633215 -8.846329 12 21 20
-3.458205 -3.195442 0.230471 15 23 12
-7.053740 -6.401992 -1.107502 15 23 12
-14.244808 -12.815092 -3.783448 15 23 12
-28.626945 -25.641293 -9.135341 15 23 12
-3.560888 -3.060279 0.193753 16 22 18
-7.259104 -6.131666 -1.180937 16 22 18
-14.655538 -12.274441 -3.930319 16 22 18
-29.448404 -24.559990 -9.429082 16 22 18
-3.664763 -2.913103 0.156678 68 70 65
-7.466855 -5.837315 -1.255088 68 70 65
-15.071038 -11.685738 -4.078620 68 70 65
-30.279406 -23.382584 -9.725684 68 70 65
-3.769045 -2.753111 0.119538 71 72 67
-7.675420 -5.517330 -1.329369 71 72 67
-15.488169 -11.045769 -4.227182 71 72 67
-31.113667 -22.102646 -10.022808 71 72 67
-3.872770 -2.579574 0.082691 51 52 46
-7.882870 -5.170257 -1.403063 51 52 46
-15.903069 -10.351623 -4.374570 51 52 46
-31.943466 -20.714354 -10.317584 51 52 46
-3.974783 -2.391893 0.046564 48 53 49
-8.086895 -4.794894 -1.475317 48 53 49
-16.311119 -9.600897 -4.519077 48 53 49
-32.759567 -19.212902 -10.606599 48 53 49
-4.073735 -2.189651 0.011654 51 56 52
-8.284800 -4.390410 -1.545136 51 56 52
-16.706928 -8.791928 -4.658717 51 56 52
-33.551186 -17.594965 -10.885879 51 56 52
-4.168099 -1.972683 -0.021479 55 57 54
-8.473528 -3.956475 -1.611402 55 57 54
-17.084385 -7.924058 -4.791248 55 57 54
-34.306099 -15.859225 -11.150940 55 57 54
-4.256195 -1.741145 -0.052219 55 56 58
-8.649719 -3.493398 -1.672883 55 56 58
-17.436768 -6.997904 -4.914210 55 56 58
-35.010864 -14.006917 -11.396864 55 56 58
-4.336238 -1.495575 -0.079919 51 53 50
-8.809806 -3.002258 -1.728281 51 53 50
-17.756941 -6.015625 -5.025007 51 53 50
-35.651211 -12.042358 -11.618459 51 53 50
-4.406410 -1.236950 -0.103917 54 56 53
-8.950149 -2.485008 -1.776277 54 56 53
-18.037626 -4.981125 -5.120999 54 56 53
-36.212582 -9.973358 -11.810442 54 56 53
-4.464945 -0.966714 -0.123576 53 55 52
-9.067219 -1.944537 -1.815597 53 55 52
-18.271767 -3.900182 -5.199637 53 55 52
-36.680862 -7.811472 -11.967719 53 55 52
-4.510240 -0.686782 -0.138323 56 59 52
-9.157808 -1.384672 -1.845090 56 59 52
-18.452946 -2.780452 -5.258624 56 59 52
-37.043221 -5.572012 -12.085691 56 59 52
-4.540953 -0.399496 -0.147680 57 59 54
-9.219234 -0.810100 -1.863805 57 59 54
-18.575798 -1.631309 -5.296053 57 59 54
-37.288925 -3.273727 -12.160551 57 59 54
-4.556109 -0.107553 -0.151309 53 53 51
-9.249548 -0.226214 -1.871063 53 53 51
-18.636425 -0.463537 -5.310571 53 53 51
-37.410179 -0.938182 -12.189586 53 53 51
-4.555180 0.186117 -0.149036 64 65 60
-9.247688 0.361125 -1.866515 64 65 60
-18.632706 0.711142 -5.301475 64 65 60
-37.402740 1.411176 -12.171394 64 65 60
-4.538119 0.478490 -0.140863 59 60 55
-9.213568 0.945872 -1.850170 59 60 55
-18.564465 1.880636 -5.268785 59 60 55
-37.266258 3.750164 -12.106013 59 60 55
-4.505383 0.766604 -0.126976 56 57 51
-9.148095 1.522099 -1.822397 56 57 51
-18.433519 3.033090 -5.213239 56 57 51
-37.004368 6.055071 -11.994922 56 57 51
-4.457878 1.047703 -0.107727 56 57 52
-9.053084 2.084297 -1.783898 56 57 52
-18.243498 4.157485 -5.136241 56 57 52
-36.624325 8.303862 -11.840926 56 57 52
-4.396896 1.319364 -0.083605 64 65 60
-8.931122 2.627619 -1.735653 64 65 60
-17.999573 5.244130 -5.039751 64 65 60
-36.136475 10.477152 -11.647946 64 65 60
-4.324023 1.579582 -0.055202 57 57 55
-8.785376 3.148056 -1.678848 57 57 55
-17.708080 6.285003 -4.926140 57 57 55
-35.553490 12.558897 -11.420724 57 57 55
-4.241020 1.826820 -0.023174 58 60 55
-8.619370 3.642532 -1.614793 58 60 55
-17.376068 7.273956 -4.798030 58 60 55
-34.889465 14.536803 -11.164505 58 60 55
-4.149725 2.060015 0.011798 59 60 55
-8.436779 4.108922 -1.544849 59 60 55
-17.010887 8.206736 -4.658142 59 60 55
-34.159103 16.402363 -10.884728 59 60 55
-4.051956 2.278555 0.049044 51 56 52
-8.241241 4.546001 -1.470356 51 56 52
-16.619812 9.080894 -4.509156 51 56 52
-33.376953 18.150681 -10.586757 51 56 52
-3.949438 2.482224 0.087932 52 54 49
-8.036205 4.953341 -1.392581 52 54 49
-16.209740 9.895573 -4.353605 52 54 49
-32.556808 19.780037 -10.275655 52 54 49
-3.843749 2.671147 0.127885 55 55 55
-7.824826 5.331186 -1.312675 55 55 55
-15.786982 10.651263 -4.193795 55 55 55
-31.711292 21.291418 -9.956034 55 55 55
-3.736284 2.845712 0.168392 47 49 44
-7.609897 5.680315 -1.231659 47 49 44
-15.357123 11.349522 -4.031763 47 49 44
-30.851576 22.687935 -9.631970 47 49 44
-3.628247 3.006505 0.209020 50 52 51
-7.393823 6.001903 -1.150405 50 52 51
-14.924974 11.992697 -3.869255 50 52 51
-29.987278 23.974285 -9.306953 50 52 51
-3.520643 3.154255 0.249402 52 57 53
-7.178615 6.297401 -1.069640 52 57 53
-14.494558 12.583694 -3.707724 52 57 53
-29.126446 25.156281 -8.983891 52 57 53
-3.414294 3.289771 0.289245 50 55 49
-6.965916 6.568433 -0.989955 50 55 49
-14.069161 13.125757 -3.548354 50 55 49
-28.275652 26.240406 -8.665153 50 55 49
-3.222134 -3.392222 0.108530 15 24 21
-6.581597 -6.795552 -1.351383 15 24 21
-13.300523 -13.602212 -4.271211 15 24 21
-26.738375 -27.215532 -10.110867 15 24 21
-3.317320 -3.277549 0.068400 65 65 63
-6.771969 -6.566207 -1.431643 65 65 63
-13.681268 -13.143522 -4.431731 65 65 63
-27.499865 -26.298153 -10.431907 65 65 63
-3.414515 -3.152718 0.027469 65 64 60
-6.966359 -6.316545 -1.513506 65 64 60
-14.070047 -12.644198 -4.595457 65 64 60
-28.277424 -25.299505 -10.759358 65 64 60
-3.513239 -3.016935 -0.014054 56 61 55
-7.163808 -6.044979 -1.596553 56 61 55
-14.464945 -12.101066 -4.761549 56 61 55
-29.067219 -24.213240 -11.091543 56 61 55
-3.612879 -2.869420 -0.055901 14 24 16
-7.363087 -5.749949 -1.680246 14 24 16
-14.863503 -11.511005 -4.928936 14 24 16
-29.864334 -23.033119 -11.426316 14 24 16
-3.712667 -2.709436 -0.097738 41 46 40
-7.562664 -5.429980 -1.763921 41 46 40
-15.262657 -10.871068 -5.096286 41 46 40
-30.662643 -21.753244 -11.761016 41 46 40
-3.811676 -2.536327 -0.139165 49 54 50
-7.760682 -5.083763 -1.846774 49 54 50
-15.658692 -10.178635 -5.261992 49 54 50
-31.454714 -20.368378 -12.092427 49 54 50
-3.908803 -2.349569 -0.179705 56 58 53
-7.954934 -4.710246 -1.927853 56 58 53
-16.047197 -9.431600 -5.424151 56 58 53
-32.231724 -18.874308 -12.416746 56 58 53
-4.002773 -2.148817 -0.218810 52 56 55
-8.142876 -4.308743 -2.006064 52 56 55
-16.423080 -8.628593 -5.580572 52 56 55
-32.983490 -17.268295 -12.729589 52 56 55
-4.092157 -1.933972 -0.255867 54 56 53
-8.321643 -3.879053 -2.080178 54 56 53
-16.780615 -7.769214 -5.728799 54 56 53
-33.698559 -15.549537 -13.026043 54 56 53
-4.175393 -1.705238 -0.290207 51 52 47
-8.488114 -3.421584 -2.148858 51 52 47
-17.113558 -6.854277 -5.866160 51 52 47
-34.364445 -13.719662 -13.300765 51 52 47
-4.250835 -1.463180 -0.321128 50 55 49
-8.639000 -2.937469 -2.210701 50 55 49
-17.415329 -5.886046 -5.989847 50 55 49
-34.967987 -11.783201 -13.548138 50 55 49
-4.316818 -1.208771 -0.347923 51 53 48
-8.770966 -2.428651 -2.264291 51 53 48
-17.679260 -4.868411 -6.097025 51 53 48
-35.495850 -9.747931 -13.762495 51 53 48
-4.371736 -0.943414 -0.369911 51 53 50
-8.880800 -1.897937 -2.308265 51 53 50
-17.898930 -3.806983 -6.184975 51 53 50
-35.935188 -7.625073 -13.938395 51 53 50
-4.414134 -0.668941 -0.386479 61 66 60
-8.965596 -1.348989 -2.341401 61 66 60
-18.068521 -2.709087 -6.251247 61 66 60
-36.274372 -5.429283 -14.070938 61 66 60
-4.442802 -0.387571 -0.397121 70 75 68
-9.022934 -0.786250 -2.362687 70 75 68
-18.183197 -1.583609 -6.293818 70 75 68
-36.503723 -3.178326 -14.156080 70 75 68
-4.456868 -0.101844 -0.401479 72 77 71
-9.051064 -0.214796 -2.371401 72 77 71
-18.239458 -0.440701 -6.311247 72 77 71
-36.616245 -0.892511 -14.190938 72 77 71
-4.455853 0.185490 -0.399363 68 73 67
-9.049036 0.359872 -2.367170 68 73 67
-18.235401 0.708635 -6.302785 68 73 67
-36.608131 1.406162 -14.174014 68 73 67
-4.439723 0.471600 -0.390775 62 64 59
-9.016775 0.932091 -2.349995 62 64 59
-18.170879 1.853073 -6.268434 62 64 59
-36.479088 3.695037 -14.105311 62 64 59
-4.408884 0.753705 -0.375906 54 59 53
-8.955097 1.496302 -2.320256 54 59 53
-18.047523 2.981496 -6.208956 54 59 53
-36.232376 5.951884 -13.986356 54 59 53
-4.364154 1.029217 -0.355121 52 56 55
-8.865637 2.047326 -2.278686 52 56 55
-17.868603 4.083544 -6.125816 52 56 55
-35.874535 8.155980 -13.820077 52 56 55
-4.306702 1.295844 -0.328935 54 59 53
-8.750732 2.580580 -2.226314 54 59 53
-17.638794 5.150052 -6.021071 54 59 53
-35.414917 10.288995 -13.610587 54 59 53
-4.237960 1.551673 -0.297973 58 59 54
-8.613249 3.092237 -2.164389 58 59 54
-17.363827 6.173366 -5.897223 58 59 54
-34.864983 12.335623 -13.362890 58 59 54
-4.159533 1.795217 -0.262931 50 55 49
-8.456394 3.579326 -2.094306 50 55 49
-17.050117 7.147544 -5.757055 50 55 49
-34.237564 14.283980 -13.082555 50 55 49
-4.073103 2.025428 -0.224536 56 60 59
-8.283535 4.039747 -2.017517 56 60 59
-16.704399 8.068386 -5.603478 56 60 59
-33.546127 16.125664 -12.775401 56 60 59
-3.980345 2.241672 -0.183512 56 58 55
-8.098019 4.472235 -1.935467 56 58 55
-16.333366 8.933362 -5.439379 56 58 55
-32.804062 17.855616 -12.447203 56 58 55
-3.882859 2.443689 -0.140543 50 51 46
-7.903048 4.876269 -1.849531 50 51 46
-15.943424 9.741430 -5.267506 50 51 46
-32.024178 19.471752 -12.103456 50 51 46
-3.782120 2.631542 -0.096263 50 55 49
-7.701569 5.251975 -1.760971 50 55 49
-15.540466 10.492842 -5.090386 50 55 49
-31.218262 20.974575 -11.749217 50 55 49
-3.679445 2.805545 -0.051235 47 52 46
-7.496218 5.599982 -1.670913 47 52 46
-15.129766 11.188856 -4.910271 47 52 46
-30.396860 22.366604 -11.388987 47 52 46
-3.575978 2.966214 -0.005945 49 50 45
-7.289286 5.921320 -1.580334 49 50 45
-14.715900 11.831532 -4.729112 49 50 45
-29.569130 23.651955 -11.026668 49 50 45
-3.472687 3.114201 0.039196 46 51 47
-7.082704 6.217293 -1.490053 46 51 47
-14.302736 12.423477 -4.548550 46 51 47
-28.742802 24.835846 -10.665544 46 51 47
-3.370371 3.250246 0.083849 40 44 43
-6.878071 6.489384 -1.400747 40 44 43
-13.893472 12.967660 -4.369938 40 44 43
-27.924273 25.924212 -10.308321 40 44 43
-3.181131 -3.347007 -0.078032 58 62 61
-6.499592 -6.705122 -1.724508 58 62 61
-13.136513 -13.421352 -5.017461 58 62 61
-26.410355 -26.853813 -11.603366 58 62 61
-3.272633 -3.231317 -0.122365 58 63 59
-6.682595 -6.473742 -1.813174 58 63 59
-13.502520 -12.958593 -5.194793 58 63 59
-27.142368 -25.928295 -11.958030 58 63 59
-3.365850 -3.105664 -0.167489 78 78 78
-6.869029 -6.222437 -1.903423 78 78 78
-13.875387 -12.455982 -5.375290 78 78 78
-27.888103 -24.923073 -12.319024 78 78 78
-3.460304 -2.969312 -0.213166 89 93 92
-7.057936 -5.949733 -1.994776 89 93 92
-14.253201 -11.910575 -5.557997 89 93 92
-28.643732 -23.832258 -12.684439 89 93 92
-3.555390 -2.821545 -0.259095 91 95 94
-7.248109 -5.654198 -2.086634 91 95 94
-14.633547 -11.319505 -5.741713 91 95 94
-29.404423 -22.650118 -13.051870 91 95 94
-3.650369 -2.661696 -0.304910 95 101 99
-7.438068 -5.334501 -2.178264 95 101 99
-15.013465 -10.680110 -5.924972 95 101 99
-30.164259 -21.371328 -13.418387 95 101 99
-3.744351 -2.489187 -0.350170 101 105 104
-7.626031 -4.989483 -2.268784 101 105 104
-15.389391 -9.990074 -6.106011 101 105 104
-30.916111 -19.991257 -13.780467 101 105 104
-3.836293 -2.303567 -0.394361 103 107 106
-7.809915 -4.618243 -2.357166 103 107 106
-15.757158 -9.247595 -6.282776 103 107 106
-31.651646 -18.506298 -14.133996 103 107 106
-3.925000 -2.104568 -0.436896 106 110 109
-7.987329 -4.220245 -2.442236 106 110 109
-16.111988 -8.451599 -6.452917 106 110 109
-32.361305 -16.914307 -14.474278 106 110 109
-4.009146 -1.892153 -0.477122 108 112 111
-8.155621 -3.795414 -2.522689 108 112 111
-16.448570 -7.601937 -6.613822 108 112 111
-33.034470 -15.214983 -14.796088 108 112 111
-4.087291 -1.666573 -0.514335 111 115 114
-8.311911 -3.344254 -2.597115 111 115 114
-16.761150 -6.699616 -6.762674 111 115 114
-33.659630 -13.410341 -15.093793 111 115 114
-4.157933 -1.428416 -0.547800 115 119 118
-8.453195 -2.867941 -2.664044 115 119 118
-17.043718 -5.746991 -6.896533 115 119 118
-34.224766 -11.505091 -15.361510 115 119 118
-4.219562 -1.178646 -0.576780 117 121 120
-8.576452 -2.368401 -2.722004 117 121 120
-17.290234 -4.747910 -7.012453 117 121 120
-34.717796 -9.506928 -15.593350 117 121 120
-4.270730 -0.918617 -0.600572 119 120 115
-8.678788 -1.848343 -2.769588 119 120 115
-17.494905 -3.707795 -7.107619 119 120 115
-35.127140 -7.426699 -15.783683 119 120 115
-4.310133 -0.650073 -0.618544 116 121 115
-8.757596 -1.311254 -2.805532 116 121 115
-17.652521 -2.633615 -7.179507 116 121 115
-35.442371 -5.278339 -15.927459 116 121 115
-4.336696 -0.375103 -0.630178 118 120 115
-8.810720 -0.761315 -2.828801 118 120 115
-17.758770 -1.533739 -7.226046 118 120 115
-35.654869 -3.078587 -16.020535 118 120 115
-4.349639 -0.096085 -0.635105 118 123 117
-8.836607 -0.203279 -2.838654 118 123 117
-17.810543 -0.417666 -7.245752 118 123 117
-35.758415 -0.846441 -16.059948 118 123 117
-4.348541 0.184419 -0.633130 120 122 117
-8.834412 0.357730 -2.834705 120 122 117
-17.806152 0.704351 -7.237854 120 122 117
-35.749634 1.397594 -16.044151 120 122 117
-4.333372 0.463774 -0.624253 118 122 120
-8.804073 0.916440 -2.816950 118 122 120
-17.745476 1.821772 -7.202344 118 122 120
-35.628281 3.632435 -15.973132 118 122 120
-4.304495 0.739392 -0.608664 115 119 118
-8.746319 1.467675 -2.785772 115 119 118
-17.629967 2.924242 -7.139989 115 119 118
-35.397263 5.837377 -15.848422 115 119 118
-4.262638 1.008852 -0.586734 116 121 115
-8.662605 2.006596 -2.741913 116 121 115
-17.462540 4.002083 -7.052270 116 121 115
-35.062408 7.993058 -15.672984 116 121 115
-4.208845 1.270002 -0.558986 110 115 111
-8.555018 2.528895 -2.686417 110 115 111
-17.247366 5.046681 -6.941278 110 115 111
-34.632061 10.082253 -15.451001 110 115 111
-4.144400 1.521025 -0.526060 107 111 110
-8.426128 3.030942 -2.620565 107 111 110
-16.989586 6.050776 -6.809574 107 111 110
-34.116501 12.090445 -15.187593 107 111 110
-4.070747 1.760496 -0.488673 108 112 110
-8.278824 3.509884 -2.545791 108 112 110
-16.694977 7.008659 -6.660027 108 112 110
-33.527283 14.006210 -14.888497 108 112 110
-3.989413 1.987380 -0.447579 100 104 103
-8.116156 3.963652 -2.463602 100 104 103
-16.369640 7.916195 -6.495648 100 104 103
-32.876610 15.821282 -14.559741 100 104 103
-3.901924 2.201029 -0.403530 97 103 99
-7.941176 4.390950 -2.375504 97 103 99
-16.019682 8.770792 -6.319453 97 103 99
-32.176693 17.530476 -14.207351 97 103 99
-3.809751 2.401142 -0.357252 93 98 92
-7.756830 4.791175 -2.282948 93 98 92
-15.650990 9.571241 -6.134339 93 98 92
-31.439308 19.131374 -13.837123 93 98 92
-3.714261 2.587717 -0.309413 87 92 88
-7.565850 5.164325 -2.187270 87 92 88
-15.269030 10.317542 -5.942985 87 92 88
-30.675388 20.623976 -13.454414 87 92 88
-3.616686 2.760999 -0.260619 83 88 82
-7.370700 5.510890 -2.089683 83 88 82
-14.878730 11.010672 -5.747810 83 88 82
-29.894789 22.010235 -13.064065 83 88 82
-3.518107 2.921426 -0.211398 79 84 80
-7.173543 5.831743 -1.991241 79 84 80
-14.484416 11.652377 -5.550926 79 84 80
-29.106161 23.293646 -12.670297 79 84 80
-3.419449 3.069572 -0.162201 56 58 53
-6.976227 6.128035 -1.892846 56 58 53
-14.089783 12.244962 -5.354137 56 58 53
-28.316895 24.478815 -12.276718 56 58 53
-3.321482 3.206107 -0.113403 47 49 44
-6.780293 6.401106 -1.795250 47 49 44
-13.697914 12.791103 -5.158944 47 49 44
-27.533157 25.571098 -11.886332 47 49 44
-2.558539 3.466488 3.072910 82 102 101
-6.273572 6.452630 4.583369 82 102 101
-13.703638 12.424913 7.604286 82 102 101
-28.563770 24.369480 13.646120 82 102 101
-2.464833 3.567392 3.097423 74 87 93
-6.086161 6.654437 4.632395 74 87 93
-13.328815 12.828527 7.702338 74 87 93
-27.814125 25.176708 13.842224 74 87 93
-2.365084 3.669064 3.121478 113 129 128
-5.886663 6.857782 4.680505 113 129 128
-12.929820 13.235217 7.798558 113 129 128
-27.016134 25.990088 14.034664 113 129 128
-2.259110 3.771155 3.144929 69 81 79
-5.674714 7.061963 4.727406 69 81 79
-12.505921 13.643579 7.892360 69 81 79
-26.168337 26.806812 14.222267 69 81 79
-2.146763 3.873271 3.167617 68 77 72
-5.450020 7.266196 4.772783 68 77 72
-12.056535 14.052046 7.983114 68 77 72
-25.269564 27.623745 14.403776 68 77 72
-2.027945 3.974980 3.189378 80 95 92
-5.212384 7.469613 4.816304 80 95 92
-11.581263 14.458879 8.070156 80 95 92
-24.319019 28.437412 14.577862 80 95 92
-1.902611 4.075808 3.210037 137 160 166
-4.961715 7.671268 4.857623 137 160 166
-11.079925 14.862190 8.152794 137 160 166
-23.316343 29.244034 14.743135 137 160 166
-1.770776 4.175250 3.229418 89 107 109
-4.698047 7.870154 4.896384 89 107 109
-10.552588 15.259961 8.230316 89 107 109
-22.261669 30.039576 14.898180 89 107 109
-1.632529 4.272774 3.247341 60 77 69
-4.421552 8.065201 4.932230 60 77 69
-9.999598 15.650054 8.302008 60 77 69
-21.155689 30.819761 15.041565 60 77 69
-1.488030 4.367826 3.263629 122 136 136
-4.132554 8.255304 4.964807 122 136 136
-9.421602 16.030262 8.367161 122 136 136
-19.999699 31.580177 15.171871 122 136 136
-1.337523 4.459842 3.278112 50 58 61
-3.831541 8.439338 4.993773 50 58 61
-8.819576 16.398329 8.425095 50 58 61
-18.795647 32.316311 15.287737 50 58 61
-1.181337 4.548263 3.290631 59 73 76
-3.519168 8.616179 5.018809 59 73 76
-8.194830 16.752012 8.475166 59 73 76
-17.546154 33.023678 15.387882 59 73 76
-1.019881 4.632539 3.301039 58 69 75
-3.196257 8.784732 5.039626 58 69 75
-7.549007 17.089117 8.516800 58 69 75
-16.254509 33.697887 15.471149 58 69 75
-0.853648 4.712150 3.309211 143 158 163
-2.863791 8.943953 5.055971 143 158 163
-6.884076 17.407558 8.549490 143 158 163
-14.924646 34.334770 15.536528 143 158 163
-0.683207 4.786611 3.315045 155 169 170
-2.522909 9.092875 5.067638 155 169 170
-6.202312 17.705404 8.572825 155 169 170
-13.561117 34.930462 15.583199 155 169 170
-0.509193 4.855494 3.318464 118 138 149
-2.174880 9.230640 5.074477 118 138 149
-5.506254 17.980934 8.586502 118 138 149
-12.169002 35.481522 15.610552 118 138 149
-0.332298 4.918427 3.319422 70 85 82
-1.821090 9.356507 5.076391 70 85 82
-4.798675 18.232668 8.590331 70 85 82
-10.753843 35.984989 15.618210 70 85 82
-0.153257 4.975116 3.317900 87 107 96
-1.463008 9.469885 5.073349 87 107 96
-4.082510 18.459423 8.584246 87 107 96
-9.321514 36.438499 15.606041 87 107 96
0.027167 5.025343 3.313916 76 93 83
-1.102160 9.570340 5.065381 76 93 83
-3.360813 18.660334 8.568310 76 93 83
-7.878120 36.840321 15.574167 76 93 83
0.208200 5.068974 3.307514 124 138 138
-0.740094 9.657601 5.052577 124 138 138
-2.636681 18.834856 8.542702 124 138 138
-6.429857 37.189365 15.522951 124 138 138
0.389073 5.105957 3.298770 67 84 78
-0.378348 9.731566 5.035088 67 84 78
-1.913190 18.982786 8.507724 67 84 78
-4.982874 37.485226 15.452995 67 84 78
0.569036 5.136323 3.287785 81 97 86
-0.018421 9.792300 5.013118 81 97 86
-1.193337 19.104254 8.463785 81 97 86
-3.543168 37.728161 15.365118 81 97 86
0.747376 5.160184 3.274685 152 176 186
0.338258 9.840021 4.986917 152 176 186
-0.479977 19.199696 8.411384 152 176 186
-2.116449 37.919044 15.260315 152 176 186
0.923426 5.177720 3.259615 244 253 255
0.690359 9.875093 4.956778 244 253 255
0.224223 19.269840 8.351103 244 253 255
-0.708048 38.059334 15.139755 244 253 255
1.096577 5.189175 3.242734 163 185 199
1.036661 9.898003 4.923017 163 185 199
0.916827 19.315659 8.283583 163 185 199
0.677161 38.150970 15.004713 163 185 199
1.266286 5.194844 3.224215 164 191 202
1.376078 9.909342 4.885979 164 191 202
1.595662 19.338337 8.209505 164 191 202
2.034830 38.196327 14.856560 164 191 202
1.432079 5.195068 3.204236 252 252 252
1.707664 9.909790 4.846019 252 252 252
2.258833 19.339233 8.129587 252 252 252
3.361172 38.198120 14.696722 252 252 252
1.593555 5.190217 3.182975 255 255 255
2.030616 9.900088 4.803497 255 255 255
2.904737 19.319830 8.044542 255 255 255
4.652981 38.159313 14.526634 255 255 255
1.750385 5.180684 3.160612 255 255 255
2.344277 9.881021 4.758772 255 255 255
3.532059 19.281696 7.955093 255 255 255
5.907624 38.083046 14.347734 255 255 255
1.902313 5.166873 3.137323 255 255 255
2.648131 9.853400 4.712194 255 255 255
4.139769 19.226454 7.861938 255 255 255
7.123043 37.972561 14.161423 255 255 255
2.049146 5.149192 3.113276 106 122 122
2.941798 9.818038 4.664099 106 122 122
4.727102 19.155729 7.765746 106 122 122
8.297709 37.831112 13.969040 106 122 122
2.190756 5.128044 3.088628 99 121 119
3.225019 9.775742 4.614803 99 121 119
5.293543 19.071136 7.667155 99 121 119
9.430593 37.661926 13.771858 99 121 119
-2.592464 3.495574 2.923963 142 164 178
-6.341423 6.510801 4.285475 142 164 178
-13.839340 12.541256 7.008497 142 164 178
-28.835175 24.602165 12.454542 142 164 178
-2.499033 3.598320 2.946416 65 78 71
-6.154560 6.716294 4.330380 65 78 71
-13.465614 12.952242 7.098309 65 78 71
-28.087723 25.424137 12.634167 65 78 71
-2.399446 3.701901 2.968467 68 83 78
-5.955385 6.923456 4.374482 68 83 78
-13.067265 13.366565 7.186513 68 83 78
-27.291023 26.252783 12.810574 68 83 78
-2.293505 3.805955 2.989981 84 96 92
-5.743504 7.131564 4.417509 84 96 92
-12.643501 13.782782 7.272567 84 96 92
-26.443497 27.085217 12.982681 84 96 92
-2.181050 3.910078 3.010810 83 99 98
-5.518594 7.339808 4.459169 83 99 98
-12.193683 14.199270 7.355886 83 99 98
-25.543859 27.918194 13.149321 83 99 98
-2.061971 4.013820 3.030803 79 94 89
-5.280436 7.547293 4.499154 79 94 89
-11.717365 14.614239 7.435855 79 94 89
-24.591225 28.748131 13.309259 79 94 89
-1.936208 4.116692 3.049796 73 90 84
-5.028911 7.753036 4.537140 73 90 84
-11.214315 15.025726 7.511828 73 90 84
-23.585125 29.571106 13.461205 73 90 84
-1.803769 4.218167 3.067624 89 108 102
-4.764031 7.955988 4.572796 89 108 102
-10.684557 15.431629 7.583140 89 108 102
-22.525608 30.382912 13.603828 89 108 102
-1.664732 4.317691 3.084119 73 90 84
-4.485958 8.155035 4.605785 73 90 84
-10.128410 15.829724 7.649119 73 90 84
-21.413315 31.179102 13.735786 73 90 84
-1.519256 4.414686 3.099115 86 98 94
-4.195006 8.349026 4.635778 86 98 94
-9.546506 16.217705 7.709105 86 98 94
-20.249506 31.955061 13.855759 86 98 94
-1.367583 4.508564 3.112453 143 154 160
-3.891661 8.536780 4.662454 143 154 160
-8.939816 16.593214 7.762455 143 154 160
-19.036125 32.706081 13.962460 143 154 160
-1.210044 4.598736 3.123981 56 67 69
-3.576582 8.717125 4.685510 56 67 69
-8.309658 16.953903 7.808568 56 67 69
-17.775810 33.427460 14.054684 56 67 69
-1.047056 4.684627 3.133562 158 173 178
-3.250607 8.888907 4.704673 158 173 178
-7.657708 17.297468 7.846894 158 173 178
-16.471910 34.114590 14.131336 158 173 178
-0.879125 4.765692 3.141079 95 112 102
-2.914744 9.051038 4.719707 95 112 102
-6.985983 17.621729 7.876961 95 112 102
-15.128460 34.763111 14.191469 95 112 102
-0.706835 4.841425 3.146434 141 155 155
-2.570164 9.202503 4.730415 141 155 155
-6.296822 17.924660 7.898379 141 155 155
-13.750137 35.368973 14.234306 141 155 155
-0.530841 4.911374 3.149554 71 88 78
-2.218177 9.342402 4.736657 71 88 78
-5.592847 18.204456 7.910861 71 88 78
-12.342189 35.928566 14.259272 71 88 78
-0.351860 4.975155 3.150396 120 135 132
-1.860214 9.469963 4.738341 120 135 132
-4.876923 18.459579 7.914230 120 135 132
-10.910339 36.438812 14.266008 120 135 132
-0.170652 5.032459 3.148944 63 75 75
-1.497799 9.584571 4.735437 63 75 75
-4.152092 18.688795 7.908422 63 75 75
-9.460677 36.897243 14.254393 63 75 75
0.011991 5.083061 3.145213 78 91 82
-1.132512 9.685775 4.727974 78 91 82
-3.421518 18.891203 7.893497 78 91 82
-7.999530 37.302059 14.224543 78 91 82
0.195267 5.126825 3.139246 55 71 61
-0.765960 9.773304 4.716040 55 71 61
-2.688413 19.066261 7.869628 55 71 61
-6.533320 37.652176 14.176805 55 71 61
0.378379 5.163704 3.131114 92 111 105
-0.399737 9.847061 4.699776 92 111 105
-1.955967 19.213776 7.837101 92 111 105
-5.068429 37.947205 14.111750 92 111 105
0.560549 5.193737 3.120914 151 168 176
-0.035396 9.907127 4.679377 151 168 176
-1.227287 19.333908 7.796301 151 168 176
-3.611067 38.187469 14.030151 151 168 176
0.741039 5.217045 3.108765 193 216 232
0.325584 9.953743 4.655078 193 216 232
-0.505327 19.427139 7.747705 193 216 232
-2.167148 38.373932 13.932957 193 216 232
0.919160 5.233827 3.094803 234 252 254
0.681826 9.987307 4.627155 234 252 254
0.207157 19.494267 7.691858 234 252 254
-0.742179 38.508186 13.821264 234 252 254
1.094284 5.244343 3.079180 134 148 159
1.032073 10.008340 4.595909 134 148 159
0.907653 19.536333 7.629366 134 148 159
0.658812 38.592319 13.696280 134 148 159
1.265852 5.248913 3.062057 155 179 191
1.375209 10.017479 4.561663 155 179 191
1.593924 19.554611 7.560874 155 179 191
2.031354 38.628876 13.559296 155 179 191
1.433378 5.247897 3.043601 254 254 252
1.710262 10.015447 4.524751 254 254 252
2.264030 19.550547 7.487050 254 254 252
3.371567 38.620747 13.411648 254 254 252
1.596455 5.241688 3.023981 252 253 253
2.036416 10.003029 4.485510 252 253 253
2.916337 19.525711 7.408569 252 253 253
4.676179 38.571075 13.254686 252 253 253
1.754747 5.230700 3.003364 246 252 253
2.353001 9.981054 4.444277 246 252 253
3.549507 19.481762 7.326102 246 252 253
5.942521 38.483177 13.089752 246 252 253
1.907997 5.215362 2.981914 96 118 116
2.659500 9.950377 4.401376 96 118 116
4.162506 19.420406 7.240300 96 118 116
7.168517 38.360466 12.918148 96 118 116
2.056014 5.196099 2.959786 76 93 93
2.955534 9.911851 4.357121 76 93 93
4.754573 19.343355 7.151790 76 93 93
8.352652 38.206364 12.741127 76 93 93
2.198672 5.173334 2.937129 60 76 75
3.240850 9.866322 4.311806 60 76 75
5.325207 19.252296 7.061159 60 76 75
9.493919 38.024246 12.559866 60 76 75
-2.623237 3.522153 2.771190 65 78 69
-6.402968 6.563960 3.979927 65 78 69
-13.962430 12.647573 6.397403 65 78 69
-29.081354 24.814798 11.232353 65 78 69
-2.530082 3.626591 2.791397 57 68 70
-6.216657 6.772835 4.020342 57 68 70
-13.589808 13.065324 6.478231 57 68 70
-28.336111 25.650301 11.394011 57 68 70
-2.430668 3.731924 2.811255 91 106 103
-6.017830 6.983502 4.060060 91 106 103
-13.192154 13.486657 6.557667 91 106 103
-27.540802 26.492968 11.552881 91 106 103
-2.324785 3.837784 2.830643 68 80 75
-5.806065 7.195221 4.098835 68 80 75
-12.768623 13.910095 6.635218 68 80 75
-26.693741 27.339844 11.707983 68 80 75
-2.212261 3.943752 2.849427 100 119 133
-5.581017 7.407158 4.136402 100 119 133
-12.318528 14.333969 6.710352 100 119 133
-25.793550 28.187592 11.858253 100 119 133
-2.092971 4.049367 2.867466 105 123 123
-5.342437 7.618388 4.172480 105 123 123
-11.841368 14.756430 6.782508 105 123 123
-24.839230 29.032513 12.002563 105 123 123
-1.966846 4.154124 2.884613 74 89 82
-5.090187 7.827901 4.206774 74 89 82
-11.336868 15.175455 6.851095 74 89 82
-23.830231 29.870564 12.139738 74 89 82
-1.833883 4.257475 2.900714 53 64 56
-4.824259 8.034603 4.238977 53 64 56
-10.805013 15.588861 6.915503 53 64 56
-22.766520 30.697374 12.268553 53 64 56
-1.694152 4.358846 2.915618 93 114 109
-4.544799 8.237346 4.268785 93 114 109
-10.246092 15.994345 6.975117 93 114 109
-21.648678 31.508343 12.387783 93 114 109
-1.547808 4.457635 2.929171 92 100 102
-4.252110 8.434924 4.295890 92 100 102
-9.660715 16.389502 7.029327 92 100 102
-20.477924 32.298656 12.496202 92 100 102
-1.395093 4.553231 2.941225 156 168 168
-3.946680 8.626116 4.319998 156 168 168
-9.049853 16.771885 7.077543 156 168 168
-19.256201 33.063423 12.592634 156 168 168
-1.236338 4.645020 2.951641 63 73 74
-3.629170 8.809694 4.340830 63 73 74
-8.414834 17.139042 7.119208 63 73 74
-17.986162 33.797737 12.675964 63 73 74
-1.071969 4.732404 2.960293 126 140 143
-3.300433 8.984462 4.358135 126 140 143
-7.757360 17.488577 7.153818 126 140 143
-16.671213 34.496807 12.745184 126 140 143
-0.902502 4.814811 2.967072 84 97 88
-2.961497 9.149276 4.371691 84 97 88
-7.079489 17.818205 7.180931 84 97 88
-15.315472 35.156063 12.799410 84 97 88
-0.728534 4.891714 2.971886 70 86 76
-2.613562 9.303082 4.381320 70 86 76
-6.383618 18.125816 7.200189 70 86 76
-13.923731 35.771286 12.837925 70 86 76
-0.550742 4.962644 2.974670 76 92 82
-2.257977 9.444941 4.386889 76 92 82
-5.672449 18.409534 7.211327 76 92 82
-12.501392 36.338722 12.860201 76 92 82
-0.369862 5.027198 2.975384 60 73 64
-1.896219 9.574050 4.388315 60 73 64
-4.948932 18.667753 7.214179 60 73 64
-11.054358 36.855160 12.865906 60 73 64
-0.186681 5.085060 2.974011 66 83 73
-1.529856 9.689774 4.385571 66 83 73
-4.216206 18.899200 7.208691 66 83 73
-9.588906 37.318054 12.854929 66 83 73
-0.002014 5.135995 2.970568 85 94 93
-1.160523 9.791644 4.378683 85 94 93
-3.477540 19.102942 7.194915 85 94 93
-8.111574 37.725536 12.827377 85 94 93
0.183307 5.179869 2.965093 72 85 78
-0.789880 9.879391 4.367734 72 85 78
-2.736254 19.278435 7.173016 72 85 78
-6.629002 38.076523 12.783581 72 85 78
0.368460 5.216634 2.957653 71 86 81
-0.419574 9.952921 4.352855 71 86 81
-1.995641 19.425495 7.143258 71 86 81
-5.147777 38.370644 12.724064 71 86 81
0.552643 5.246339 2.948339 89 113 109
-0.051209 10.012331 4.334226 89 113 109
-1.258912 19.544315 7.105999 89 113 109
-3.674319 38.608284 12.649548 89 113 109
0.735092 5.269118 2.937260 112 135 143
0.313690 10.057889 4.312068 112 135 143
-0.529114 19.635431 7.061683 112 135 143
-2.214723 38.790516 12.560915 112 135 143
0.915099 5.285182 2.924542 111 128 131
0.673705 10.090016 4.286633 111 128 131
0.190915 19.699686 7.010814 111 128 131
-0.774664 38.919025 12.459177 111 128 131
1.092019 5.294812 2.910327 157 170 176
1.027543 10.109277 4.258203 157 170 176
0.898592 19.738207 6.953953 157 170 176
0.640689 38.996067 12.345455 157 170 176
1.265277 5.298346 2.894763 162 184 197
1.374059 10.116344 4.227073 162 184 197
1.591624 19.752342 6.891695 162 184 197
2.026753 39.024338 12.220938 162 184 197
1.434377 5.296165 2.878003 253 254 250
1.712261 10.111983 4.193553 253 254 250
2.268027 19.743620 6.824655 253 254 250
3.379560 39.006893 12.086859 253 254 250
1.598905 5.288685 2.860203 252 253 252
2.041316 10.097023 4.157953 252 253 252
2.926138 19.713699 6.753455 252 253 252
4.695782 38.947052 11.944458 252 253 252
1.758522 5.276340 2.841516 94 112 114
2.360549 10.072334 4.120581 94 112 114
3.564604 19.664322 6.678709 94 112 114
5.972713 38.848297 11.794966 94 112 114
1.912966 5.259579 2.822093 86 103 97
2.669439 10.038811 4.081733 86 103 97
4.182383 19.597275 6.601014 86 103 97
7.208272 38.714203 11.639576 86 103 97
2.062051 5.238845 2.802074 60 80 74
2.967607 9.997343 4.041696 60 80 74
4.778721 19.514339 6.520940 60 80 74
8.400948 38.548332 11.479429 60 80 74
2.205653 5.214579 2.781595 65 80 77
3.254812 9.948811 4.000738 65 80 77
5.353130 19.417274 6.439024 65 80 77
9.549766 38.354202 11.315598 65 80 77
-2.650600 3.546015 2.614932 52 68 57
-6.457694 6.611684 3.667413 52 68 57
-14.071881 12.743021 5.772374 52 68 57
-29.300257 25.005695 9.982296 52 68 57
-2.557712 3.651972 2.632720 61 76 71
-6.271917 6.823597 3.702987 61 76 71
-13.700329 13.166847 5.843523 61 76 71
-28.557152 25.853348 10.124594 61 76 71
-2.458475 3.758880 2.650210 104 119 114
-6.073444 7.037413 3.737968 104 119 114
-13.303383 13.594480 5.913484 104 119 114
-27.763260 26.708612 10.264517 104 119 114
-2.352669 3.866363 2.667294 73 86 81
-5.861831 7.252378 3.772136 73 86 81
-12.880157 14.024410 5.981821 73 86 81
-26.916807 27.568474 10.401190 73 86 81
-2.240106 3.973992 2.683855 59 66 59
-5.636707 7.467638 3.805257 59 66 59
-12.429908 14.454929 6.048063 59 66 59
-26.016310 28.429512 10.533674 59 66 59
-2.120652 4.081295 2.699766 61 76 69
-5.397799 7.682243 3.837079 61 76 69
-11.952092 14.884140 6.111707 61 76 69
-25.060678 29.287933 10.660961 61 76 69
-1.994227 4.187749 2.714895 72 82 81
-5.144948 7.895151 3.867338 72 82 81
-11.446390 15.309955 6.172225 72 82 81
-24.049274 30.139563 10.781998 72 82 81
-1.860818 4.292792 2.729107 81 93 89
-4.878131 8.105238 3.895763 81 93 89
-10.912756 15.730129 6.229074 81 93 89
-22.982006 30.979912 10.895695 81 93 89
-1.720491 4.395829 2.742264 71 84 77
-4.597476 8.311312 3.922076 71 84 77
-10.351446 16.142277 6.281700 71 84 77
-21.859386 31.804207 11.000948 71 84 77
-1.573393 4.496238 2.754228 82 96 83
-4.303280 8.512130 3.946004 82 96 83
-9.763054 16.543913 6.329556 82 96 83
-20.682602 32.607479 11.096659 82 96 83
-1.419765 4.593385 2.764867 97 114 121
-3.996025 8.706424 3.967281 97 114 121
-9.148543 16.932501 6.372111 97 114 121
-19.453581 33.384655 11.181770 97 114 121
-1.259942 4.686634 2.774055 58 72 73
-3.676378 8.892921 3.985658 58 72 73
-8.509251 17.305496 6.408864 58 72 73
-18.174995 34.130646 11.255278 58 72 73
-1.094354 4.775363 2.781679 195 218 234
-3.345203 9.070379 4.000906 195 218 234
-7.846900 17.660412 6.439361 195 218 234
-16.850294 34.840477 11.316269 195 218 234
-0.923527 4.858980 2.787640 173 193 202
-3.003548 9.237613 4.012828 173 193 202
-7.163590 17.994879 6.463204 173 193 202
-15.483675 35.509411 11.363956 173 193 202
-0.748073 4.936936 2.791856 66 83 77
-2.652639 9.393526 4.021261 66 83 77
-6.461773 18.306705 6.480070 66 83 77
-14.080040 36.133064 11.397688 66 83 77
-0.568682 5.008746 2.794269 82 98 88
-2.293858 9.537145 4.026086 82 98 88
-5.744210 18.593943 6.489719 82 98 88
-12.644915 36.707539 11.416986 82 98 88
-0.386113 5.073992 2.794840 65 76 72
-1.928721 9.667638 4.027227 65 76 72
-5.013936 18.854929 6.492003 65 76 72
-11.184365 37.229511 11.421555 65 76 72
-0.201174 5.132348 2.793557 78 94 93
-1.558842 9.784349 4.024663 78 94 93
-4.274178 19.088352 6.486874 78 94 93
-9.704849 37.696358 11.411297 78 94 93
-0.014704 5.183575 2.790434 54 69 64
-1.185903 9.886803 4.018416 54 69 64
-3.528299 19.293259 6.474380 54 69 64
-8.213093 38.106171 11.386309 54 69 64
0.172441 5.227533 2.785507 79 89 90
-0.811611 9.974719 4.008561 79 89 90
-2.779716 19.469091 6.454671 79 89 90
-6.715927 38.457836 11.346889 79 89 90
0.359415 5.264181 2.778836 64 80 78
-0.437664 10.048016 3.995220 64 80 78
-2.031822 19.615685 6.427988 64 80 78
-5.220139 38.751022 11.293524 64 80 78
0.545392 5.293575 2.770503 51 66 63
-0.065711 10.106804 3.978554 51 66 63
-1.287916 19.733261 6.394657 51 66 63
-3.732326 38.986176 11.226862 51 66 63
0.729588 5.315858 2.760608 82 99 93
0.302682 10.151370 3.958764 82 99 93
-0.551131 19.822393 6.355076 82 99 93
-2.258756 39.164440 11.147699 82 99 93
0.911276 5.331258 2.749265 247 254 252
0.666057 10.182169 3.936078 247 254 252
0.175620 19.883991 6.309704 247 254 252
-0.805253 39.287636 11.056957 247 254 252
1.089793 5.340072 2.736601 70 81 83
1.023092 10.199797 3.910750 70 81 83
0.889691 19.919247 6.259048 70 81 83
0.622887 39.358147 10.955645 70 81 83
1.264555 5.342654 2.722750 142 162 170
1.372615 10.204962 3.883047 142 162 170
1.588737 19.929577 6.203643 142 162 170
2.020979 39.378807 10.844833 142 162 170
1.435055 5.339407 2.707850 254 251 250
1.713615 10.198467 3.853247 254 251 250
2.270736 19.916588 6.144042 254 251 250
3.384978 39.352829 10.725632 254 251 250
1.600870 5.330765 2.692039 254 250 254
2.045247 10.181183 3.821627 254 250 254
2.933999 19.882019 6.080803 254 250 254
4.711504 39.283691 10.599154 254 250 254
1.761660 5.317183 2.675458 148 171 177
2.366827 10.154020 3.788465 148 171 177
3.577159 19.827694 6.014477 148 171 177
5.997825 39.175041 10.466503 148 171 177
1.917163 5.299126 2.658238 56 71 64
2.677833 10.117905 3.754025 56 71 64
4.199171 19.755463 5.945597 56 71 64
7.241848 39.030579 10.328743 56 71 64
2.067192 5.277057 2.640507 45 62 52
2.977890 10.073767 3.718562 45 62 52
4.799286 19.667187 5.874672 45 62 52
8.442078 38.854027 10.186893 45 62 52
2.211627 5.251431 2.622384 63 78 71
3.266760 10.022514 3.682315 63 78 71
5.377027 19.564682 5.802179 63 78 71
9.597559 38.649017 10.041906 63 78 71
-2.674317 3.566965 2.455582 62 79 73
-6.505127 6.653583 3.348712 62 79 73
-14.166749 12.826818 5.134972 62 79 73
-29.489992 25.173290 8.707492 62 79 73
-2.581677 3.674247 2.470791 42 58 48
-6.319849 6.868147 3.379130 42 58 48
-13.796192 13.255947 5.195807 42 58 48
-28.748878 26.031548 8.829163 42 58 48
-2.482613 3.782530 2.485752 61 76 73
-6.121720 7.084714 3.409051 61 76 73
-13.399934 13.689081 5.255651 61 76 73
-27.956362 26.897816 8.948851 61 76 73
-2.376891 3.891432 2.500371 121 141 150
-5.910275 7.302517 3.438290 121 141 150
-12.977045 14.124688 5.314127 121 141 150
-27.110584 27.769030 9.065804 121 141 150
-2.264314 4.000515 2.514546 56 68 68
-5.685122 7.520684 3.466640 56 68 68
-12.526739 14.561022 5.370828 56 68 68
-26.209972 28.641697 9.179203 56 68 68
-2.144738 4.109294 2.528169 46 56 48
-5.445970 7.738242 3.493886 46 56 48
-12.048434 14.996137 5.425319 46 56 48
-25.253363 29.511927 9.288186 46 56 48
-2.018072 4.217235 2.541124 69 81 81
-5.192637 7.954123 3.519797 69 81 81
-11.541769 15.427898 5.477142 69 81 81
-24.240032 30.375450 9.391832 69 81 81
-1.884296 4.323760 2.553295 56 65 62
-4.925086 8.167172 3.544139 56 65 62
-11.006667 15.853998 5.525826 56 65 62
-23.169828 31.227650 9.489201 56 65 62
-1.743469 4.428256 2.564561 69 80 76
-4.643431 8.376165 3.566671 69 80 76
-10.443357 16.271984 5.570890 69 80 76
-22.043207 32.063622 9.579329 69 80 76
-1.595734 4.530086 2.574803 82 99 91
-4.347962 8.579824 3.587155 82 99 91
-9.852419 16.679302 5.611858 82 99 91
-20.861332 32.878258 9.661264 82 99 91
-1.441331 4.628592 2.583905 134 156 154
-4.039156 8.776837 3.605359 134 156 154
-9.234807 17.073328 5.648266 134 156 154
-19.626108 33.666309 9.734079 134 156 154
-1.280595 4.723119 2.591758 70 84 85
-3.717684 8.965892 3.621065 70 84 85
-8.591862 17.451437 5.679678 70 84 85
-18.340218 34.422527 9.796904 70 84 85
-1.113963 4.813027 2.598263 188 211 227
-3.384419 9.145708 3.634074 188 211 227
-7.925333 17.811069 5.705697 188 211 227
-17.007160 35.141792 9.848942 188 211 227
-0.941966 4.897702 2.603333 183 206 220
-3.040427 9.315058 3.644214 183 206 220
-7.237348 18.149769 5.725976 183 206 220
-15.631189 35.819191 9.889502 183 206 220
-0.765230 4.976579 2.606898 177 197 208
-2.686954 9.472812 3.651343 177 197 208
-6.530403 18.465277 5.740235 177 197 208
-14.217299 36.450207 9.918018 177 197 208
-0.584460 5.049155 2.608904 135 154 152
-2.325414 9.617964 3.655357 135 154 152
-5.807323 18.755581 5.748262 135 154 152
-12.771139 37.030815 9.934072 135 154 152
-0.400432 5.115004 2.609321 65 77 77
-1.957357 9.749660 3.656191 65 77 77
-5.071208 19.018974 5.749930 65 77 77
-11.298911 37.557602 9.937408 65 77 77
-0.213971 5.173785 2.608138 70 86 83
-1.584436 9.867224 3.653825 70 86 83
-4.325367 19.254101 5.745197 70 86 83
-9.807228 38.027855 9.927942 70 86 83
-0.025941 5.225257 2.605366 73 92 83
-1.208375 9.970168 3.648280 73 92 83
-3.573245 19.459990 5.734109 73 92 83
-8.302983 38.439632 9.905766 73 92 83
0.162785 5.269280 2.601038 73 85 83
-0.830924 10.058213 3.639624 73 85 83
-2.818342 19.636080 5.716796 73 85 83
-6.793179 38.791813 9.871141 73 85 83
0.351336 5.305814 2.595207 82 96 97
-0.453822 10.131282 3.627962 82 96 97
-2.064139 19.782217 5.693473 82 96 97
-5.284772 39.084087 9.824493 82 96 97
0.538867 5.334922 2.587945 60 75 70
-0.078760 10.189497 3.613439 60 75 70
-1.314014 19.898647 5.664425 60 75 70
-3.784523 39.316948 9.766399 60 75 70
0.724576 5.356758 2.579340 46 59 65
0.292658 10.233170 3.596228 46 59 65
-0.571178 19.985992 5.630004 46 59 65
-2.298849 39.491638 9.697556 46 59 65
0.907719 5.371562 2.569492 252 251 255
0.658944 10.262776 3.576531 252 251 255
0.161395 20.045206 5.590611 252 251 255
-0.833705 39.610065 9.618771 252 251 255
1.087620 5.379644 2.558511 71 86 91
1.018746 10.278942 3.554570 71 86 91
0.880998 20.077538 5.546689 71 86 91
0.605502 39.674728 9.530926 71 86 91
1.263682 5.381381 2.546515 145 159 162
1.370870 10.282414 3.530579 145 159 162
1.585246 20.084482 5.498707 145 159 162
2.013997 39.688618 9.434961 145 159 162
1.435391 5.377186 2.533626 245 254 254
1.714288 10.274025 3.504799 245 254 254
2.272081 20.067703 5.447147 245 254 254
3.387669 39.655060 9.331842 245 254 254
1.602319 5.367515 2.519963 232 247 244
2.048144 10.254683 3.477474 232 247 244
2.939794 20.029018 5.392496 232 247 244
4.723093 39.577690 9.222540 232 247 244
1.764122 5.352839 2.505647 65 80 77
2.371749 10.225330 3.448842 65 80 77
3.587004 19.970314 5.335231 65 80 77
6.017513 39.460281 9.108011 65 80 77
1.920536 5.333636 2.490793 54 69 64
2.684579 10.186926 3.419134 54 69 64
4.212663 19.893505 5.275815 54 69 64
7.268832 39.306664 8.989180 54 69 64
2.071378 5.310389 2.475512 48 63 56
2.986261 10.140430 3.388571 48 63 56
4.816029 19.800514 5.214690 48 63 56
8.475563 39.120682 8.866928 48 63 56
2.216529 5.283565 2.459905 58 70 66
3.276564 10.086782 3.357358 58 70 66
5.396635 19.693218 5.152266 58 70 66
9.636775 38.906090 8.742079 58 70 66
-2.694177 3.584826 2.293574 56 68 66
-6.544847 6.689305 3.024697 56 68 66
-14.246189 12.898264 4.486942 56 68 66
-29.648872 25.316181 7.411432 56 68 66
-2.601759 3.693223 2.306066 60 73 66
-6.360012 6.906099 3.049680 60 73 66
-13.876518 13.331852 4.536908 60 73 66
-28.909531 26.183357 7.511365 60 73 66
-2.502852 3.802664 2.318356 62 78 68
-6.162199 7.124981 3.074261 62 78 68
-13.480891 13.769615 4.586069 62 78 68
-28.118277 27.058884 7.609687 62 78 68
-2.397215 3.912759 2.330367 72 89 81
-5.950925 7.345171 3.098283 72 89 81
-13.058344 14.209996 4.634113 72 89 81
-27.273182 27.939646 7.705775 72 89 81
-2.284643 4.023066 2.342014 61 77 73
-5.725780 7.565784 3.121577 61 77 73
-12.608054 14.651222 4.680702 61 77 73
-26.372602 28.822098 7.798953 61 77 73
-2.164980 4.133088 2.353208 44 56 52
-5.486454 7.785829 3.143963 44 56 52
-12.129401 15.091311 4.725474 44 56 52
-25.415297 29.702274 7.888497 44 56 52
-2.038129 4.242280 2.363851 53 65 55
-5.232751 8.004213 3.165251 53 65 55
-11.621997 15.528080 4.768049 53 65 55
-24.400488 30.575813 7.973647 53 65 55
-1.904062 4.350054 2.373847 47 58 54
-4.964619 8.219761 3.185243 47 58 54
-11.085732 15.959175 4.808033 47 58 54
-23.327957 31.438004 8.053615 47 58 54
-1.762833 4.455781 2.383096 49 61 59
-4.682160 8.431215 3.203739 49 61 59
-10.520815 16.382084 4.845027 49 61 59
-22.198124 32.283821 8.127602 49 61 59
-1.614582 4.558805 2.391497 57 72 68
-4.385657 8.637264 3.220541 57 72 68
-9.927809 16.794182 4.878631 57 72 68
-21.012112 33.108017 8.194811 57 72 68
-1.459545 4.658457 2.398954 138 153 160
-4.075583 8.836567 3.235456 138 153 160
-9.307661 17.192787 4.908460 138 153 160
-19.771816 33.905228 8.254468 138 153 160
-1.298060 4.754062 2.405376 62 69 75
-3.752614 9.027778 3.248300 62 69 75
-8.661722 17.575209 4.934149 62 69 75
-18.479939 34.670071 8.305845 62 69 75
-1.130567 4.844962 2.410680 175 197 210
-3.417627 9.209577 3.258908 175 197 210
-7.991749 17.938807 4.955365 175 197 210
-17.139992 35.397266 8.348278 175 197 210
-0.957604 4.930527 2.414794 78 102 102
-3.071702 9.380707 3.267136 78 102 102
-7.299899 18.281067 4.971819 78 102 102
-15.756292 36.081787 8.381187 78 102 102
-0.779807 5.010177 2.417658 67 83 70
-2.716108 9.540007 3.272864 67 83 70
-6.588710 18.599667 4.983277 67 83 70
-14.333915 36.718987 8.404102 67 83 70
-0.597893 5.083395 2.419230 57 73 63
-2.352280 9.686444 3.276008 57 73 63
-5.861054 18.892542 4.989564 57 73 63
-12.878602 37.304737 8.416676 57 73 63
-0.412652 5.149745 2.419482 80 93 84
-1.981798 9.819143 3.276512 80 93 84
-5.120090 19.157940 4.990573 80 93 84
-11.396673 37.835533 8.418694 80 93 84
-0.224927 5.208879 2.418407 65 78 69
-1.606348 9.937411 3.274362 65 78 69
-4.369189 19.394476 4.986271 65 78 69
-9.894873 38.308605 8.410090 65 78 69
-0.035597 5.260550 2.416013 52 63 59
-1.227688 10.040754 3.269575 52 63 59
-3.611871 19.601162 4.976699 52 63 59
-8.380236 38.721977 8.390945 52 63 59
0.154444 5.304619 2.412331 71 86 82
-0.847607 10.128891 3.262209 71 86 82
-2.851708 19.777435 4.961967 71 86 82
-6.859911 39.074524 8.361483 71 86 82
0.344308 5.341047 2.407403 75 91 81
-0.467878 10.201748 3.252355 75 91 81
-2.092250 19.923149 4.942258 75 91 81
-5.340994 39.365952 8.322064 75 91 81
0.533134 5.369904 2.401292 85 100 97
-0.090226 10.259461 3.240133 85 100 97
-1.336947 20.038576 4.917813 85 100 97
-3.830388 39.596806 8.273174 85 100 97
0.720103 5.391352 2.394071 107 123 122
0.283713 10.302357 3.225690 107 123 122
-0.589069 20.124367 4.888928 107 123 122
-2.334631 39.768387 8.215405 107 123 122
0.904458 5.405642 2.385824 157 181 193
0.652422 10.330936 3.209197 157 181 193
0.148351 20.181526 4.855942 157 181 193
-0.859793 39.882706 8.149433 157 181 193
1.085511 5.413100 2.376646 74 83 92
1.014528 10.345853 3.190839 74 83 92
0.872561 20.211359 4.819227 74 83 92
0.588628 39.942371 8.076002 74 83 92
1.262655 5.414110 2.366632 143 158 164
1.368816 10.347873 3.170813 143 158 164
1.581138 20.215399 4.779174 143 158 164
2.005782 39.950451 7.995896 143 158 164
1.435370 5.409108 2.355886 210 225 220
1.714246 10.337870 3.149321 210 225 220
2.271998 20.195393 4.736190 210 225 220
3.387502 39.910439 7.909928 210 225 220
1.603223 5.398560 2.344509 72 89 83
2.049952 10.316773 3.126566 72 89 83
2.943410 20.153200 4.690680 72 89 83
4.730327 39.826054 7.818908 72 89 83
1.765867 5.382952 2.332600 55 71 61
2.375240 10.285557 3.102747 55 71 61
3.593987 20.090767 4.643043 55 71 61
6.031479 39.701187 7.723634 55 71 61
1.923040 5.362779 2.320255 75 91 81
2.689585 10.245211 3.078058 75 91 81
4.222677 20.010075 4.593664 75 91 81
7.288859 39.539803 7.624876 75 91 81
2.074556 5.338532 2.307566 77 94 84
2.992618 10.196717 3.052681 77 94 84
4.828741 19.913088 4.542911 77 94 84
8.500988 39.345829 7.523369 77 94 84
2.220302 5.310693 2.294620 68 84 73
3.284110 10.141039 3.026787 68 84 73
5.411725 19.801731 4.491122 68 84 73
9.666956 39.123116 7.419793 68 84 73
-2.710001 3.599449 2.129386 39 51 47
-6.576496 6.718552 2.696320 39 51 47
-14.309485 12.956757 3.830188 39 51 47
-29.775465 25.433167 6.097924 39 51 47
-2.617768 3.708734 2.139044 38 49 43
-6.392031 6.937121 2.715637 38 49 43
-13.940556 13.393896 3.868822 38 49 43
-29.037605 26.307446 6.175192 38 49 43
-2.518998 3.819096 2.148546 38 54 44
-6.194490 7.157846 2.734640 38 54 44
-13.545474 13.835345 3.906828 38 54 44
-28.247442 27.190344 6.251205 38 54 44
-2.413440 3.930142 2.157830 46 61 56
-5.983375 7.379938 2.753207 46 61 56
-13.123244 14.279530 3.943963 46 61 56
-27.402983 28.078712 6.325474 46 61 56
-2.300884 4.041423 2.166829 49 58 57
-5.758262 7.602500 2.771206 49 58 57
-12.673018 14.724653 3.979961 49 58 57
-26.502529 28.968960 6.397470 49 58 57
-2.181165 4.152435 2.175474 67 81 84
-5.518825 7.824523 2.788496 67 81 84
-12.194143 15.168700 4.014540 67 81 84
-25.544781 29.857054 6.466628 67 81 84
-2.054181 4.262625 2.183689 90 104 104
-5.264857 8.044903 2.804926 90 104 104
-11.686208 15.609459 4.047401 90 104 104
-24.528910 30.738571 6.532350 90 104 104
-1.919899 4.371392 2.191398 76 84 87
-4.996292 8.262438 2.820344 76 84 87
-11.149078 16.044529 4.078236 76 84 87
-23.454651 31.608711 6.594019 76 84 87
-1.778365 4.478098 2.198521 72 82 83
-4.713224 8.475849 2.834591 72 82 83
-10.582943 16.471352 4.106730 72 82 83
-22.322380 32.462357 6.651008 72 82 83
-1.629718 4.582075 2.204982 89 109 107
-4.415931 8.683804 2.847511 89 109 107
-9.988356 16.887260 4.132571 89 109 107
-21.133205 33.294174 6.702690 89 109 107
-1.474194 4.682638 2.210703 64 77 70
-4.104882 8.884929 2.858954 64 77 70
-9.366258 17.289511 4.155456 64 77 70
-19.889009 34.098675 6.748459 64 77 70
-1.312129 4.779099 2.215613 52 65 68
-3.780753 9.077852 2.868775 52 65 68
-8.718000 17.675358 4.175097 52 65 68
-18.592495 34.870369 6.787744 52 65 68
-1.143968 4.870787 2.219648 58 83 87
-3.444430 9.261228 2.876844 58 83 87
-8.045355 18.042109 4.191236 58 83 87
-17.247204 35.603870 6.820021 58 83 87
-0.970254 4.957059 2.222750 59 86 93
-3.097002 9.433771 2.883049 59 86 93
-7.350497 18.387196 4.203646 59 86 93
-15.857489 36.294044 6.844840 59 86 93
-0.791628 5.037321 2.224874 44 59 56
-2.739750 9.594296 2.887297 44 59 56
-6.635995 18.708244 4.212142 44 59 56
-14.428484 36.936142 6.861831 44 59 56
-0.608819 5.111048 2.225986 47 58 50
-2.374133 9.741749 2.889520 47 58 50
-5.904760 19.003151 4.216587 47 58 50
-12.966015 37.525955 6.870723 47 58 50
-0.422629 5.177792 2.226064 37 52 45
-2.001751 9.875237 2.889677 37 52 45
-5.159997 19.270126 4.216902 37 52 45
-11.476488 38.059906 6.871352 37 52 45
-0.233912 5.237201 2.225104 66 83 75
-1.624319 9.994055 2.887757 66 83 75
-4.405132 19.507763 4.213061 66 83 75
-9.966758 38.535179 6.863671 66 83 75
-0.043563 5.289025 2.223114 61 74 67
-1.243621 10.097703 2.883775 61 74 67
-3.643736 19.715059 4.205099 61 74 67
-8.443966 38.949772 6.847746 61 74 67
0.147510 5.333122 2.220115 62 75 68
-0.861474 10.185898 2.877779 62 75 68
-2.879442 19.891449 4.193106 62 75 68
-6.915379 39.302551 6.823760 62 75 68
0.338407 5.369459 2.216146 55 70 63
-0.479681 10.258572 2.869839 55 70 63
-2.115856 20.036797 4.177227 55 70 63
-5.388206 39.593246 6.792002 55 70 63
0.528250 5.398107 2.211253 48 59 53
-0.099993 10.315867 2.860054 48 59 53
-1.356481 20.151388 4.157655 48 59 53
-3.869456 39.822430 6.752858 48 59 53
0.716211 5.419238 2.205495 99 121 120
0.275927 10.358130 2.848539 99 121 120
-0.604639 20.235912 4.134626 99 121 120
-2.365773 39.991478 6.706801 99 121 120
0.901519 5.433111 2.198941 165 185 196
0.646544 10.385875 2.835430 165 185 196
0.136593 20.291403 4.108409 165 185 196
-0.883308 40.102459 6.654366 165 185 196
1.083477 5.440061 2.191663 83 98 103
1.010461 10.399775 2.820875 83 98 103
0.864428 20.319202 4.079297 83 98 103
0.572361 40.158058 6.596143 83 98 103
1.261473 5.440486 2.183739 155 174 181
1.366452 10.400626 2.805027 155 174 181
1.576411 20.320906 4.047603 155 174 181
1.996327 40.161465 6.532753 155 174 181
1.434980 5.434832 2.175250 103 118 121
1.713465 10.389318 2.788047 103 118 121
2.270436 20.298288 4.013643 103 118 121
3.384378 40.116230 6.464834 103 118 121
1.603561 5.423577 2.166274 55 68 59
2.050627 10.366808 2.770096 55 68 59
2.944760 20.253269 3.977740 55 68 59
4.733026 40.026192 6.393028 55 68 59
1.766867 5.407221 2.156890 44 54 46
2.377240 10.334095 2.751329 44 54 46
3.597986 20.187843 3.940207 44 54 46
6.039477 39.895340 6.317961 44 54 46
1.924636 5.386267 2.147175 54 69 62
2.692778 10.292188 2.731898 54 69 62
4.229061 20.104029 3.901345 54 69 62
7.301629 39.727711 6.240238 54 69 62
2.076684 5.361219 2.137199 45 58 49
2.996873 10.242092 2.711947 45 58 49
4.837251 20.003838 3.861443 45 58 49
8.518008 39.527328 6.160433 45 58 49
2.222898 5.332566 2.127030 33 42 37
3.289301 10.184786 2.691609 33 42 37
5.422109 19.889225 3.820766 33 42 37
9.687723 39.298103 6.079080 33 42 37
-2.721644 3.610712 1.963527 20 31 27
-6.599782 6.741076 2.364601 20 31 27
-14.356057 13.001806 3.166751 20 31 27
-29.868608 25.523266 4.771050 20 31 27
-2.629554 3.720644 1.970262 45 62 69
-6.415603 6.960942 2.378073 45 62 69
-13.987700 13.441538 3.193693 45 62 69
-29.131893 26.402729 4.824935 45 62 69
-2.530892 3.831679 1.976884 34 45 37
-6.218278 7.183012 2.391315 34 45 37
-13.593051 13.885677 3.220179 34 45 37
-28.342596 27.291008 4.877905 34 45 37
-2.425402 3.943418 1.983347 76 87 89
-6.007298 7.406490 2.404242 76 87 89
-13.171091 14.332633 3.246033 76 87 89
-27.498676 28.184919 4.929613 76 87 89
-2.312868 4.055408 1.989606 50 56 54
-5.782229 7.630470 2.416760 50 56 54
-12.720953 14.780593 3.271068 50 56 54
-26.598400 29.080839 4.979685 50 56 54
-2.193121 4.167141 1.995610 44 67 61
-5.542737 7.853936 2.428768 44 67 61
-12.241967 15.227526 3.295085 44 67 61
-25.640429 29.974705 5.027718 44 67 61
-2.066053 4.278056 2.001306 45 71 70
-5.288600 8.075765 2.440160 45 71 70
-11.733694 15.671183 3.317869 45 71 70
-24.623882 30.862019 5.073286 45 71 70
-1.931627 4.387546 2.006640 42 56 57
-5.019749 8.294744 2.450828 42 56 57
-11.195992 16.109142 3.339203 42 56 57
-23.548477 31.737938 5.115954 42 56 57
-1.789887 4.494963 2.011555 56 66 67
-4.736269 8.509579 2.460658 56 66 67
-10.629032 16.538811 3.358864 56 66 67
-22.414558 32.597275 5.155276 56 66 67
-1.640969 4.599630 2.015996 54 80 81
-4.438431 8.718914 2.469541 54 80 81
-10.033357 16.957481 3.376630 54 80 81
-21.223207 33.434616 5.190808 54 80 81
-1.485105 4.700855 2.019910 53 78 82
-4.126705 8.921363 2.477369 53 78 82
-9.409904 17.362379 3.392286 53 78 82
-19.976301 34.244411 5.222120 53 78 82
-1.322636 4.797936 2.023246 204 224 235
-3.801766 9.115526 2.484040 204 224 235
-8.760026 17.750706 3.405629 204 224 235
-18.676546 35.021065 5.248806 204 224 235
-1.154005 4.890194 2.025958 59 83 83
-3.464504 9.300042 2.489464 59 83 83
-8.085502 18.119738 3.416476 59 83 83
-17.327497 35.759129 5.270500 59 83 83
-0.979761 4.976976 2.028006 46 62 62
-3.116015 9.473605 2.493560 46 62 62
-7.388525 18.466864 3.424668 46 62 62
-15.933544 36.453381 5.286883 46 62 62
-0.800550 5.057680 2.029357 35 47 45
-2.757595 9.635014 2.496263 35 47 45
-6.671684 18.789680 3.430074 35 47 45
-14.499862 37.099014 5.297697 35 47 45
-0.617108 5.131771 2.029989 28 36 38
-2.390710 9.783195 2.497527 28 36 38
-5.937913 19.086044 3.432602 28 36 38
-13.032321 37.691742 5.302752 28 36 38
-0.430243 5.198797 2.029888 42 47 40
-2.016981 9.917247 2.497324 42 47 40
-5.190456 19.354147 3.432195 42 47 40
-11.537407 38.227947 5.301939 42 47 40
-0.240822 5.258400 2.029049 45 51 51
-1.638139 10.036453 2.495646 45 51 51
-4.432772 19.592560 3.428839 45 51 51
-10.022038 38.704773 5.295227 45 51 51
-0.049748 5.310329 2.027479 54 59 57
-1.255990 10.140311 2.492507 54 59 57
-3.668474 19.800276 3.422562 54 59 57
-8.493443 39.120205 5.282672 54 59 57
0.142062 5.354441 2.025197 55 59 58
-0.872371 10.228535 2.487941 55 59 58
-2.901236 19.976723 3.413431 55 59 58
-6.958966 39.473099 5.264410 55 59 58
0.333694 5.390704 2.022227 54 67 60
-0.489105 10.301062 2.482002 54 67 60
-2.134705 20.121777 3.401552 54 67 60
-5.425903 39.763206 5.240653 54 67 60
0.524265 5.419194 2.018605 80 95 88
-0.107964 10.358041 2.474759 80 95 88
-1.372423 20.235735 3.387067 80 95 88
-3.901340 39.991123 5.211681 80 95 88
0.712934 5.440086 2.014375 39 43 42
0.269373 10.399826 2.466298 39 43 42
-0.617748 20.319305 3.370144 39 43 42
-2.391989 40.158264 5.177837 39 43 42
0.898923 5.453649 2.009584 51 59 61
0.641353 10.426950 2.456716 51 59 61
0.126211 20.373554 3.350980 51 59 61
-0.904072 40.266762 5.139509 51 59 61
1.081531 5.460222 2.004285 47 55 57
1.006567 10.440098 2.446118 47 55 57
0.856641 20.399849 3.329785 47 55 57
0.556787 40.319351 5.097118 47 55 57
1.260137 5.460215 1.998534 76 91 96
1.363779 10.440084 2.434617 76 91 96
1.571064 20.399820 3.306782 76 91 96
1.985634 40.319294 5.051112 76 91 96
1.434211 5.454081 1.992389 54 65 67
1.711928 10.427814 2.422326 54 65 67
2.267361 20.375282 3.282200 54 65 67
3.378229 40.270218 5.001948 54 65 67
1.603315 5.442306 1.985906 50 61 53
2.050135 10.404264 2.409359 50 61 53
2.943776 20.328182 3.256267 50 61 53
4.731058 40.176018 4.950082 50 61 53
1.767097 5.425398 1.979141 40 53 46
2.377701 10.370450 2.395830 40 53 46
3.598907 20.260553 3.229208 40 53 46
6.041320 40.040760 4.895965 40 53 46
1.925296 5.403871 1.972148 45 58 48
2.694098 10.327395 2.381845 45 58 48
4.231702 20.174444 3.201238 45 58 48
7.306909 39.868542 4.840023 45 58 48
2.077727 5.378234 1.964979 43 52 47
2.998960 10.276121 2.367506 43 52 47
4.841426 20.071896 3.172559 43 52 47
8.526358 39.663445 4.782666 43 52 47
2.224280 5.348984 1.957680 37 47 46
3.292066 10.217621 2.352907 37 47 46
5.427639 19.954895 3.143363 37 47 46
9.698783 39.429443 4.724273 37 47 46
-2.729000 3.618522 1.796533 36 48 46
-6.614494 6.756697 2.030615 36 48 46
-14.385483 13.033047 2.498777 36 48 46
-29.927460 25.585747 3.435103 36 48 46
-2.637006 3.728853 1.800285 31 39 42
-6.430506 6.977360 2.038117 31 39 42
-14.017506 13.474373 2.513783 31 39 42
-29.191505 26.468399 3.465113 31 39 42
-2.538419 3.840301 1.803963 39 48 48
-6.233332 7.200254 2.045474 39 48 48
-13.623158 13.920162 2.528496 39 48 48
-28.402809 27.359978 3.494539 39 48 48
-2.432981 3.952464 1.807543 76 91 94
-6.022456 7.424582 2.052634 76 91 94
-13.201406 14.368816 2.542816 76 91 94
-27.559307 28.257286 3.523181 76 91 94
-2.320472 4.064888 1.810998 77 84 90
-5.797437 7.649428 2.059543 77 84 90
-12.751369 14.818510 2.556635 77 84 90
-26.659231 29.156673 3.550818 77 84 90
-2.200721 4.177059 1.814298 27 36 31
-5.557935 7.873772 2.066144 27 36 31
-12.272365 15.267197 2.569835 27 36 31
-25.701223 30.054047 3.577219 27 36 31
-2.073616 4.288415 1.817413 32 38 38
-5.303725 8.096483 2.072374 32 38 38
-11.763945 15.712620 2.582295 32 38 38
-24.684383 30.944893 3.602139 32 38 38
-1.939117 4.398343 1.820311 112 127 132
-5.034729 8.316339 2.078170 112 127 132
-11.225951 16.152332 2.593889 112 127 132
-23.608397 31.824320 3.625325 112 127 132
-1.797268 4.506191 1.822961 123 142 159
-4.751031 8.532036 2.083469 123 142 159
-10.658556 16.583725 2.604487 123 142 159
-22.473606 32.687103 3.646522 123 142 159
-1.648201 4.611277 1.825330 31 40 35
-4.452897 8.742207 2.088207 31 40 35
-10.062287 17.004066 2.613963 31 40 35
-21.281069 33.527786 3.665474 31 40 35
-1.492150 4.712898 1.827388 25 34 31
-4.140795 8.945449 2.092323 25 34 31
-9.438084 17.410551 2.622195 25 34 31
-20.032661 34.340755 3.681938 25 34 31
-1.329454 4.810353 1.829106 167 192 196
-3.815403 9.140360 2.095759 167 192 196
-8.787299 17.800373 2.629067 167 192 196
-18.731092 35.120399 3.695682 167 192 196
-1.160558 4.902953 1.830458 57 67 66
-3.477610 9.325560 2.098464 57 67 66
-8.111714 18.170773 2.634475 57 67 66
-17.379923 35.861198 3.706499 57 67 66
-0.986012 4.990038 1.831422 67 81 82
-3.128518 9.499730 2.100391 67 81 82
-7.413529 18.519114 2.638331 67 81 82
-15.983553 36.557880 3.714210 67 81 82
-0.806466 5.071005 1.831980 33 42 41
-2.769427 9.661663 2.101507 33 42 41
-6.695348 18.842979 2.640563 33 42 41
-14.547190 37.205612 3.718674 33 42 41
-0.622660 5.145311 1.832119 23 32 31
-2.401814 9.810275 2.101786 23 32 31
-5.960121 19.140203 2.641120 23 32 31
-13.076736 37.800060 3.719788 23 32 31
-0.435407 5.212502 1.831832 54 60 58
-2.027307 9.944656 2.101213 54 60 58
-5.211109 19.408966 2.639974 54 60 58
-11.578712 38.337585 3.717496 54 60 58
-0.245577 5.272216 1.831119 55 64 61
-1.647649 10.064086 2.099787 55 64 61
-4.451792 19.647825 2.637121 55 64 61
-10.060079 38.815304 3.711791 55 64 61
-0.054082 5.324202 1.829984 81 87 85
-1.264657 10.168056 2.097517 81 87 85
-3.685809 19.855766 2.632582 81 87 85
-8.528112 39.231186 3.702711 81 87 85
0.138157 5.368316 1.828439 80 89 86
-0.880181 10.256285 2.094425 80 89 86
-2.916856 20.032223 2.626399 80 89 86
-6.990207 39.584099 3.690346 80 89 86
0.330219 5.404527 1.826499 50 59 58
-0.496055 10.328707 2.090545 50 59 58
-2.148605 20.177067 2.618639 50 59 58
-5.453703 39.873787 3.674826 50 59 58
0.521215 5.432914 1.824186 71 83 83
-0.114064 10.385481 2.085919 71 83 83
-1.384621 20.290615 2.609387 71 83 83
-3.925736 40.100883 3.656322 71 83 83
0.710300 5.453654 1.821525 73 85 85
0.264106 10.426962 2.080599 73 85 85
-0.628283 20.373577 2.598745 73 85 85
-2.413060 40.266808 3.635039 73 85 85
0.896691 5.467021 1.818546 82 96 97
0.636888 10.453694 2.074641 82 96 97
0.117281 20.427042 2.586830 82 96 97
-0.921932 40.373737 3.611209 82 96 97
1.079681 5.473360 1.815281 53 63 64
1.002868 10.466372 2.068109 53 63 64
0.849242 20.452398 2.573767 53 63 64
0.541990 40.424450 3.585081 53 63 64
1.258648 5.473083 1.811760 45 50 53
1.360803 10.465819 2.061069 45 50 53
1.565111 20.451292 2.559686 45 50 53
1.973728 40.422237 3.556921 45 50 53
1.433060 5.466648 1.808020 107 103 100
1.709626 10.452950 2.053587 107 103 100
2.262758 20.425552 2.544723 107 103 100
3.369021 40.370758 3.526994 107 103 100
1.602476 5.454551 1.804092 46 60 47
2.048457 10.428755 2.045732 46 60 47
2.940420 20.377163 2.529011 46 60 47
4.724345 40.273979 3.495571 46 60 47
1.766544 5.437302 1.800009 36 45 44
2.376593 10.394257 2.037566 36 45 44
3.596692 20.308167 2.512681 36 45 44
6.036890 40.135986 3.462910 36 45 44
1.925001 5.415420 1.795803 57 66 61
2.693507 10.350492 2.029155 57 66 61
4.230520 20.220638 2.495858 57 66 61
7.304547 39.960930 3.429264 57 66 61
2.077664 5.389418 1.791504 62 74 70
2.998834 10.298490 2.020555 62 74 70
4.841174 20.116632 2.478659 62 74 70
8.525853 39.752918 3.394867 62 74 70
2.224424 5.359798 1.787138 30 55 51
3.292354 10.239249 2.011823 30 55 51
5.428213 19.998152 2.461195 30 55 51
9.699932 39.515957 3.359938 30 55 51
-2.732006 3.622821 1.628960 29 38 37
-6.620506 6.765295 1.695469 29 38 37
-14.397506 13.050243 1.828485 29 38 37
-29.951506 25.620140 2.094519 29 38 37
-2.640057 3.733296 1.629696 59 73 76
-6.436607 6.986246 1.696940 59 73 76
-14.029709 13.492146 1.831428 59 73 76
-29.215912 26.503944 2.100405 59 73 76
-2.541509 3.844891 1.630399 70 85 91
-6.239512 7.209435 1.698347 70 85 91
-13.635518 13.938522 1.834242 70 85 91
-28.427530 27.396698 2.106032 70 85 91
-2.436104 3.957203 1.631064 48 77 109
-6.028702 7.434060 1.699676 48 77 109
-13.213899 14.387774 1.836900 48 77 109
-27.584291 28.295200 2.111347 48 77 109
-2.323620 4.069777 1.631682 84 89 92
-5.803735 7.659207 1.700912 84 89 92
-12.763964 14.838068 1.839371 84 89 92
-26.684422 29.195789 2.116291 84 89 92
-2.203887 4.182099 1.632246 53 63 64
-5.564267 7.883852 1.702040 53 63 64
-12.285028 15.287357 1.841628 53 63 64
-25.726551 30.094368 2.120804 53 63 64
-2.076790 4.293604 1.632748 62 74 74
-5.310074 8.106861 1.703044 62 74 74
-11.776642 15.733377 1.843637 62 74 74
-24.709778 30.986406 2.124822 62 74 74
-1.942290 4.403679 1.633180 114 129 134
-5.041073 8.327011 1.703909 114 129 134
-11.238641 16.173676 1.845367 114 129 134
-23.633776 31.867006 2.128282 114 129 134
-1.800428 4.511669 1.633535 131 140 135
-4.757349 8.542992 1.704619 131 140 135
-10.671193 16.605637 1.846786 131 140 135
-22.498880 32.730927 2.131120 131 140 135
-1.651337 4.616890 1.633805 74 85 91
-4.459168 8.753433 1.705158 74 85 91
-10.074831 17.026520 1.847865 74 85 91
-21.306156 33.572693 2.133277 74 85 91
-1.495251 4.718640 1.633982 62 67 70
-4.146996 8.956934 1.705513 62 67 70
-9.450486 17.433521 1.848573 62 67 70
-20.057467 34.386696 2.134695 62 67 70
-1.332508 4.816214 1.634061 64 75 77
-3.821510 9.152081 1.705669 64 75 77
-8.799514 17.823816 1.848887 64 75 77
-18.755522 35.167286 2.135322 64 75 77
-1.163552 4.908920 1.634035 55 68 74
-3.483599 9.337493 1.705618 55 68 74
-8.123692 18.194639 1.848783 55 68 74
-17.403877 35.908932 2.135114 55 68 74
-0.988936 4.996099 1.633900 46 51 57
-3.134367 9.511852 1.705348 46 51 57
-7.425228 18.543358 1.848245 46 51 57
-16.006950 36.606369 2.134037 46 51 57
-0.809310 5.077144 1.633654 68 83 88
-2.775114 9.673941 1.704855 68 83 88
-6.706723 18.867535 1.847259 68 83 88
-14.569940 37.254723 2.132066 68 83 88
-0.625413 5.151512 1.633294 68 82 83
-2.407321 9.822678 1.704136 68 82 83
-5.971136 19.165009 1.845820 68 82 83
-13.098766 37.849670 2.129188 68 82 83
-0.438062 5.218748 1.632821 81 95 96
-2.032618 9.957149 1.703190 81 95 96
-5.221730 19.433950 1.843928 81 95 96
-11.599955 38.387554 2.125403 81 95 96
-0.248127 5.278489 1.632236 81 92 98
-1.652749 10.076632 1.702020 81 92 98
-4.461991 19.672916 1.841588 81 92 98
-10.080477 38.865486 2.120725 81 92 98
-0.056520 5.330483 1.631543 104 113 112
-1.269535 10.180619 1.700634 104 113 112
-3.695564 19.880892 1.838815 104 113 112
-8.547622 39.281437 2.115179 104 113 112
0.135833 5.374587 1.630746 89 90 94
-0.884828 10.268827 1.699039 89 90 94
-2.926151 20.057308 1.835627 89 90 94
-7.008796 39.634270 2.108802 89 90 94
0.328013 5.410770 1.629851 89 97 100
-0.500468 10.341194 1.697250 89 97 100
-2.157430 20.202042 1.832048 89 97 100
-5.471354 39.923737 2.101644 89 97 100
0.519127 5.439112 1.628865 92 106 109
-0.118240 10.397877 1.695279 92 106 109
-1.392973 20.315407 1.828106 92 106 109
-3.942441 40.150467 2.093761 92 106 109
0.708329 5.459792 1.627798 85 96 102
0.260164 10.439238 1.693144 85 96 102
-0.636166 20.398129 1.823836 85 96 102
-2.428827 40.315910 2.085220 85 96 102
0.894835 5.473083 1.626657 76 89 95
0.633177 10.465819 1.690862 76 89 95
0.109859 20.451292 1.819272 76 89 95
-0.936776 40.422237 2.076092 76 89 95
1.077938 5.479332 1.625452 36 46 47
0.999381 10.478318 1.688452 36 46 47
0.842268 20.476290 1.814451 36 46 47
0.528042 40.472233 2.066451 36 46 47
1.257013 5.478955 1.624192 57 62 65
1.357531 10.477563 1.685932 57 62 65
1.558568 20.474779 1.809412 57 62 65
1.960643 40.469212 2.056373 57 62 65
1.431527 5.472410 1.622887 44 51 57
1.706560 10.464474 1.683323 44 51 57
2.256626 20.448601 1.804193 44 51 57
3.356759 40.416855 2.045935 44 51 57
1.601040 5.460195 1.621547 49 58 57
2.045586 10.440042 1.680641 49 58 57
2.934677 20.399738 1.798831 49 58 57
4.712861 40.319130 2.035210 49 58 57
1.765199 5.442821 1.620179 70 84 87
2.373905 10.405294 1.677906 70 84 87
3.591316 20.330242 1.793361 70 84 87
6.026137 40.180138 2.024270 70 84 87
1.923742 5.420808 1.618793 41 46 49
2.690989 10.361269 1.675134 41 46 49
4.225485 20.242191 1.787817 41 46 49
7.294476 40.004036 2.013181 41 46 49
2.076484 5.394673 1.617396 68 88 94
2.996474 10.308999 1.672340 68 88 94
4.836454 20.137651 1.782229 68 88 94
8.516414 39.794956 2.002006 68 88 94
2.223317 5.364917 1.615995 38 48 40
3.290139 10.249487 1.669539 38 48 40
5.423785 20.018627 1.776626 38 48 40
9.691075 39.556908 1.990800 38 48 40
-2.730641 3.623588 1.461372 44 55 59
-6.617776 6.766829 1.360291 44 55 59
-14.392046 13.053311 1.158131 44 55 59
-29.940586 25.626276 0.753809 44 55 59
-2.638685 3.733950 1.459091 31 38 44
-6.433864 6.987553 1.355731 31 38 44
-14.024221 13.494760 1.149010 31 38 44
-29.204937 26.509172 0.735568 31 38 44
-2.540140 3.845423 1.456820 32 39 34
-6.236773 7.210500 1.351187 32 39 34
-13.630041 13.940653 1.139923 32 39 34
-28.416576 27.400959 0.717394 32 39 34
-2.434748 3.957608 1.454568 79 90 93
-6.025990 7.434868 1.346684 79 90 93
-13.208474 14.389390 1.130916 79 90 93
-27.573442 28.298433 0.699381 79 90 93
-2.322290 4.070046 1.452349 77 87 88
-5.801074 7.659746 1.342246 77 87 88
-12.758642 14.839145 1.122041 77 87 88
-26.673779 29.197943 0.681630 77 87 88
-2.202594 4.182227 1.450177 97 129 164
-5.561683 7.884108 1.337902 97 129 164
-12.279860 15.287868 1.113352 97 129 164
-25.716213 30.095390 0.664253 97 129 164
-2.075550 4.293588 1.448066 28 48 37
-5.307594 8.106829 1.333681 28 48 37
-11.771683 15.733310 1.104910 28 48 37
-24.699860 30.986273 0.647368 28 48 37
-1.941118 4.403515 1.446033 107 122 127
-5.038730 8.326683 1.329614 107 122 127
-11.233953 16.173019 1.096777 107 122 127
-23.624401 31.865690 0.631102 107 122 127
-1.799340 4.511356 1.444093 149 170 187
-4.755174 8.542365 1.325735 149 170 187
-10.666842 16.604383 1.089018 149 170 187
-22.490177 32.728420 0.615584 149 170 187
-1.650350 4.616430 1.442264 179 203 228
-4.457194 8.752513 1.322075 179 203 228
-10.070883 17.024679 1.081699 179 203 228
-21.298260 33.569012 0.600947 179 203 228
-1.494381 4.718036 1.440560 34 45 48
-4.145256 8.955725 1.318669 34 45 48
-9.447005 17.431103 1.074886 34 45 48
-20.050505 34.381859 0.587321 34 45 48
-1.331770 4.815471 1.439000 54 62 65
-3.820034 9.150595 1.315547 54 62 65
-8.796562 17.820843 1.068643 54 62 65
-18.749619 35.161339 0.574834 54 62 65
-1.162963 4.908047 1.437596 48 56 58
-3.482420 9.335747 1.312740 48 56 58
-8.121335 18.191147 1.063029 48 56 58
-17.399164 35.901947 0.563605 48 56 58
-0.988510 4.995107 1.436363 52 60 63
-3.133514 9.509867 1.310275 52 60 63
-7.423522 18.539387 1.058098 52 60 63
-16.003538 36.598427 0.553744 52 60 63
-0.809059 5.076045 1.435313 54 58 61
-2.774611 9.671742 1.308175 54 58 61
-6.705717 18.863138 1.053897 54 58 61
-14.567928 37.245930 0.545343 54 58 61
-0.625347 5.150321 1.434455 42 47 43
-2.407189 9.820295 1.306459 42 47 43
-5.970871 19.160244 1.050466 42 47 43
-13.098237 37.840141 0.538479 42 47 43
-0.438189 5.217480 1.433796 36 42 42
-2.032871 9.954614 1.305141 36 42 42
-5.222237 19.428881 1.047830 36 42 42
-11.600968 38.377415 0.533208 36 42 42
-0.248452 5.277164 1.433341 56 62 58
-1.653399 10.073981 1.304230 56 62 58
-4.463292 19.667616 1.046008 56 62 58
-10.083077 38.854885 0.529564 56 62 58
-0.057046 5.329118 1.433090 51 59 61
-1.270587 10.177890 1.303728 51 59 61
-3.697668 19.875433 1.045005 51 59 61
-8.551829 39.270519 0.527558 51 59 61
0.135107 5.373201 1.433043 44 53 48
-0.886281 10.266055 1.303633 44 53 48
-2.929056 20.051764 1.044815 44 53 48
-7.014606 39.623180 0.527178 44 53 48
0.327090 5.409381 1.433194 41 47 45
-0.502314 10.338415 1.303936 41 47 45
-2.161122 20.196484 1.045420 41 47 45
-5.478739 39.912621 0.528389 41 47 45
0.518013 5.437737 1.433537 74 88 89
-0.120468 10.395128 1.304623 74 88 89
-1.397430 20.309910 1.046794 74 88 89
-3.951355 40.139473 0.531136 74 88 89
0.707032 5.458448 1.434063 68 82 83
0.257570 10.436550 1.305675 68 82 83
-0.641354 20.392754 1.048898 68 82 83
-2.439201 40.305161 0.535345 68 82 83
0.893366 5.471785 1.434761 42 52 62
0.630238 10.463223 1.307070 42 52 62
0.103983 20.446100 1.051689 42 52 62
-0.948529 40.411854 0.540926 42 52 62
1.076308 5.478095 1.435618 74 90 89
0.996122 10.475843 1.308784 74 90 89
0.835751 20.471340 1.055115 74 90 89
0.515007 40.462334 0.547779 74 90 89
1.255236 5.477787 1.436619 90 101 103
1.353979 10.475228 1.310787 90 101 103
1.551463 20.470110 1.059122 90 101 103
1.946432 40.459873 0.555791 90 101 103
1.429618 5.471324 1.437751 66 72 72
1.702742 10.462301 1.313051 66 72 72
2.248989 20.444256 1.063650 66 72 72
3.341485 40.408165 0.564848 66 72 72
1.599012 5.459195 1.438999 87 99 97
2.041531 10.438044 1.315546 87 99 97
2.926567 20.395741 1.068640 87 99 97
4.696640 40.311134 0.574828 87 99 97
1.763068 5.441915 1.440347 85 99 99
2.369642 10.403482 1.318242 85 99 99
3.582790 20.326618 1.074033 85 99 99
6.009087 40.172890 0.585614 85 99 99
1.921521 5.420000 1.441782 87 98 99
2.686549 10.359653 1.321111 87 98 99
4.216603 20.238958 1.079770 87 98 99
7.276712 39.997570 0.597089 87 98 99
2.074188 5.393964 1.443288 106 122 136
2.991883 10.307582 1.324124 106 122 136
4.827271 20.134817 1.085796 106 122 136
8.498049 39.789288 0.609140 106 122 136
2.220959 5.364309 1.444853 58 62 71
3.285425 10.248271 1.327254 58 62 71
5.414355 20.016195 1.092057 58 62 71
9.672216 39.552044 0.621661 58 62 71
-2.724929 3.620835 1.294330 145 164 177
-6.606352 6.761322 1.026209 145 164 177
-14.369198 13.042298 0.489966 145 164 177
-29.894890 25.604250 -0.582520 145 164 177
-2.632916 3.730829 1.289065 179 207 221
-6.422326 6.981311 1.015678 179 207 221
-14.001146 13.482276 0.468903 179 207 221
-29.158787 26.484205 -0.624645 179 207 221
-2.534337 3.841915 1.283849 112 78 66
-6.225169 7.203484 1.005246 112 78 66
-13.606832 13.926621 0.448041 112 78 66
-28.370157 27.372896 -0.666370 112 78 66
-2.428940 3.953696 1.278713 74 85 87
-6.014374 7.427045 0.994975 74 85 87
-13.185243 14.373743 0.427497 74 85 87
-27.526979 28.267139 -0.707457 74 85 87
-2.316507 4.065717 1.273690 71 81 82
-5.789509 7.651086 0.984927 71 81 82
-12.735512 14.821826 0.407402 71 81 82
-26.627518 29.163305 -0.747647 71 81 82
-2.196872 4.177469 1.268813 65 78 84
-5.550238 7.874591 0.975174 65 78 84
-12.256969 15.268836 0.387896 65 78 84
-25.670433 30.057325 -0.786659 65 78 84
-2.069925 4.288393 1.264121 82 98 111
-5.296345 8.096438 0.965790 82 98 111
-11.749184 15.712530 0.369128 82 98 111
-24.654861 30.944714 -0.824195 82 98 111
-1.935631 4.397881 1.259653 86 99 105
-5.027757 8.315414 0.956853 86 99 105
-11.212008 16.150482 0.351255 86 99 105
-23.580509 31.820618 -0.859942 86 99 105
-1.794034 4.505285 1.255447 160 183 197
-4.744561 8.530224 0.948443 160 183 197
-10.645617 16.580101 0.334434 160 183 197
-22.447727 32.679855 -0.893583 160 183 197
-1.645267 4.609931 1.251546 60 69 66
-4.447029 8.739515 0.940640 60 69 66
-10.050552 16.998684 0.318828 60 69 66
-21.257599 33.517021 -0.924796 60 69 66
-1.489566 4.711123 1.247988 93 104 108
-4.135627 8.941900 0.933523 93 104 108
-9.427748 17.403454 0.304595 93 104 108
-20.011990 34.326561 -0.953263 93 104 108
-1.327268 4.808167 1.244810 73 84 86
-3.811030 9.135987 0.927168 73 84 86
-8.778555 17.791628 0.291884 73 84 86
-18.713604 35.102909 -0.978684 73 84 86
-1.158815 4.900379 1.242048 147 162 167
-3.474125 9.320411 0.921644 147 162 167
-8.104744 18.160475 0.280836 147 162 167
-17.365982 35.840603 -1.000779 147 162 167
-0.984755 4.987109 1.239733 93 100 103
-3.126004 9.493872 0.917014 93 100 103
-7.408502 18.507397 0.271577 93 100 103
-15.973497 36.534447 -1.019298 93 100 103
-0.805732 5.067757 1.237891 132 146 150
-2.767958 9.655167 0.913331 132 146 150
-6.692410 18.829987 0.264209 132 146 150
-14.541313 37.179626 -1.034033 132 146 150
-0.622478 5.141788 1.236543 56 61 59
-2.401451 9.803230 0.910634 56 61 59
-5.959396 19.126114 0.258815 56 61 59
-13.075287 37.771881 -1.044821 56 61 59
-0.435802 5.208753 1.235702 54 54 52
-2.028098 9.937160 0.908951 54 54 52
-5.212691 19.393972 0.255451 54 54 52
-11.581876 38.307598 -1.051551 54 54 52
-0.246565 5.268294 1.235374 66 67 69
-1.649625 10.056242 0.908297 66 67 69
-4.455743 19.632137 0.254142 66 67 69
-10.067981 38.783928 -1.054168 66 67 69
-0.055669 5.320161 1.235561 68 70 69
-1.267832 10.159975 0.908670 68 70 69
-3.692158 19.839603 0.254888 68 70 69
-8.540811 39.198860 -1.052676 68 70 69
0.135971 5.364211 1.236253 72 75 68
-0.884551 10.248075 0.910055 72 75 68
-2.925597 20.015802 0.257658 72 75 68
-7.007688 39.551258 -1.047136 72 75 68
0.327446 5.400413 1.237437 68 68 67
-0.501601 10.320478 0.912423 68 68 67
-2.159697 20.160610 0.262394 68 68 67
-5.475888 39.840874 -1.037664 68 68 67
0.517872 5.428842 1.239092 111 126 131
-0.120750 10.377337 0.915732 111 126 131
-1.397994 20.274326 0.269013 111 126 131
-3.952482 40.068306 -1.024426 111 126 131
0.706411 5.449674 1.241191 121 135 136
0.256328 10.419002 0.919931 121 135 136
-0.643837 20.357656 0.277410 121 135 136
-2.444169 40.234966 -1.007632 121 135 136
0.892288 5.463177 1.243704 119 133 134
0.628082 10.446007 0.924957 119 133 134
0.099669 20.411667 0.287461 119 133 134
-0.957156 40.342987 -0.987529 119 133 134
1.074799 5.469691 1.246597 119 133 134
0.993105 10.459036 0.930741 119 133 134
0.829715 20.437725 0.299031 119 133 134
0.502936 40.395103 -0.964390 119 133 134
1.253327 5.469625 1.249832 115 129 129
1.350161 10.458902 0.937211 115 129 129
1.543828 20.437458 0.311971 115 129 129
1.931161 40.394569 -0.938510 115 129 129
1.427342 5.463429 1.253371 111 123 123
1.698190 10.446511 0.944290 111 123 123
2.239886 20.412676 0.326128 111 123 123
3.323277 40.345005 -0.910195 111 123 123
1.596404 5.451593 1.257176 103 117 117
2.036314 10.422839 0.951901 103 117 117
2.916133 20.365332 0.341349 103 117 117
4.675772 40.250317 -0.879753 103 117 117
1.760162 5.434622 1.261209 98 112 112
2.363830 10.388897 0.959966 98 112 112
3.571166 20.297447 0.357481 98 112 112
5.985838 40.114548 -0.847490 98 112 112
1.918353 5.413029 1.265432 94 106 106
2.680211 10.345711 0.968413 94 106 106
4.203928 20.211075 0.374374 94 106 106
7.251362 39.941803 -0.813704 94 106 106
2.070791 5.387324 1.269811 61 75 75
2.985089 10.294301 0.977169 61 75 75
4.813683 20.108255 0.391887 61 75 75
8.470872 39.736164 -0.778678 61 75 75
2.217367 5.358002 1.274311 39 51 51
3.278239 10.235658 0.986169 39 51 51
5.399984 19.990969 0.409887 39 51 51
9.643475 39.501591 -0.742678 39 51 51
-2.714937 3.614610 1.128390 153 173 184
-6.586369 6.748873 0.694329 153 173 184
-14.329232 13.017399 -0.173795 153 173 184
-29.814959 25.554451 -1.910041 153 173 184
-2.622819 3.723987 1.120200 176 199 215
-6.402133 6.967627 0.677948 176 199 215
-13.960759 13.454906 -0.206556 176 199 215
-29.078012 26.429466 -1.975564 176 199 215
-2.524175 3.834428 1.112102 172 196 208
-6.204844 7.188509 0.661753 172 196 208
-13.566183 13.896670 -0.238946 172 196 208
-28.288860 27.312994 -2.040345 172 196 208
-2.418756 3.945536 1.104145 76 87 93
-5.994006 7.410726 0.645838 76 87 93
-13.144506 14.341105 -0.270776 76 87 93
-27.445507 28.201862 -2.104004 76 87 93
-2.306352 4.056864 1.096379 57 67 68
-5.769198 7.633381 0.630307 57 67 68
-12.694891 14.786415 -0.301839 57 67 68
-26.546276 29.092484 -2.166129 57 67 68
-2.186800 4.167906 1.088861 64 77 83
-5.530094 7.855466 0.615270 64 77 83
-12.216682 15.230585 -0.331911 64 77 83
-25.589859 29.980824 -2.226274 64 77 83
-2.059998 4.278111 1.081650 55 70 73
-5.276489 8.075874 0.600847 55 70 73
-11.709473 15.671401 -0.360758 55 70 73
-24.575439 30.862455 -2.283967 55 70 73
-1.925912 4.386876 1.074806 81 92 98
-5.008318 8.293406 0.587159 81 92 98
-11.173131 16.106464 -0.388133 81 92 98
-23.502756 31.732582 -2.338718 81 92 98
-1.784591 4.493565 1.068392 36 45 44
-4.725676 8.506783 0.574333 36 45 44
-10.607846 16.533220 -0.413786 36 45 44
-22.372187 32.586094 -2.390024 36 45 44
-1.636172 4.597511 1.062473 122 133 131
-4.428838 8.714675 0.562493 122 133 131
-10.014170 16.949003 -0.437465 122 133 131
-21.184834 33.417660 -2.437382 122 133 131
-1.480888 4.698029 1.057108 199 184 177
-4.118271 8.915710 0.551764 199 184 177
-9.393036 17.351074 -0.458923 199 184 177
-19.942566 34.221802 -2.480298 199 184 177
-1.319078 4.794434 1.052358 154 135 128
-3.794651 9.108521 0.542263 154 135 128
-8.745795 17.736694 -0.477925 154 135 128
-18.648085 34.993042 -2.518302 154 135 128
-1.151181 4.886054 1.048275 133 145 148
-3.458857 9.291761 0.534098 133 145 148
-8.074207 18.103176 -0.494256 133 145 148
-17.304909 35.726006 -2.550963 133 145 148
-0.977740 4.972250 1.044908 128 142 142
-3.111974 9.464153 0.527364 128 142 142
-7.380442 18.447960 -0.507723 128 142 142
-15.917377 36.415573 -2.577898 128 142 142
-0.799393 5.052430 1.042297 136 150 151
-2.755280 9.624514 0.522143 136 150 151
-6.667054 18.768681 -0.518167 136 150 151
-14.490602 37.057014 -2.598785 136 150 151
-0.616864 5.126069 1.040473 138 152 152
-2.390223 9.771791 0.518494 138 152 152
-5.936939 19.063236 -0.525464 138 152 152
-13.030373 37.646126 -2.613380 138 152 152
-0.430953 5.192723 1.039455 139 153 154
-2.018399 9.905099 0.516459 139 153 154
-5.193293 19.329851 -0.529535 139 153 154
-11.543079 38.179356 -2.621521 139 153 154
-0.242509 5.252039 1.039254 138 152 153
-1.641512 10.023732 0.516055 138 152 153
-4.439519 19.567118 -0.530341 138 152 153
-10.035532 38.653889 -2.623134 138 152 153
-0.052424 5.303771 1.039866 137 151 152
-1.261343 10.127194 0.517280 137 151 152
-3.679179 19.774042 -0.527891 137 151 152
-8.514853 39.067738 -2.618235 137 151 152
0.138399 5.347775 1.041279 138 152 153
-0.879697 10.215204 0.520106 138 152 153
-2.915888 19.950062 -0.522240 138 152 153
-6.988270 39.419777 -2.606932 138 152 153
0.329061 5.384020 1.043468 130 146 146
-0.498372 10.287693 0.524484 130 146 146
-2.153237 20.095039 -0.513484 130 146 146
-5.462969 39.709732 -2.589419 130 146 146
0.518691 5.412577 1.046399 143 158 163
-0.119113 10.344807 0.530347 143 158 163
-1.394720 20.209267 -0.501758 143 158 163
-3.945934 39.938187 -2.565968 143 158 163
0.706459 5.433617 1.050030 144 159 164
0.256424 10.386888 0.537609 144 159 164
-0.643647 20.293428 -0.487234 144 159 164
-2.443788 40.106510 -2.536920 144 159 164
0.891599 5.447401 1.054312 145 161 161
0.626704 10.414454 0.546171 145 161 161
0.096914 20.348562 -0.470109 145 161 161
-0.962667 40.216778 -2.502670 145 161 161
1.073416 5.454261 1.059188 141 157 157
0.990337 10.428175 0.555924 141 157 157
0.824180 20.376003 -0.450604 141 157 157
0.491866 40.271660 -2.463660 141 157 157
1.251296 5.454596 1.064601 124 138 139
1.346097 10.428845 0.566749 124 138 139
1.535701 20.377344 -0.428953 124 138 139
1.914907 40.274342 -2.420358 124 138 139
1.424713 5.448851 1.070489 123 137 138
1.692933 10.417355 0.578526 123 137 138
2.229372 20.354362 -0.405400 123 137 138
3.302249 40.228378 -2.373253 123 137 138
1.593232 5.437502 1.076791 124 140 140
2.029970 10.394658 0.591130 124 140 140
2.903446 20.308969 -0.380192 124 140 140
4.650398 40.137592 -2.322835 124 140 140
1.756502 5.421049 1.083447 121 137 137
2.356510 10.361752 0.604441 121 137 137
3.556525 20.243156 -0.353570 121 137 137
5.956557 40.005966 -2.269591 121 137 137
1.914259 5.399997 1.090396 113 127 127
2.672024 10.319647 0.618340 113 127 127
4.187553 20.158947 -0.325771 113 127 127
7.218613 39.837547 -2.213994 113 127 127
2.066318 5.374846 1.097584 106 122 122
2.976141 10.269344 0.632716 106 122 122
4.795787 20.058342 -0.297020 106 122 122
8.435081 39.636337 -2.156492 106 122 122
2.212564 5.346085 1.104957 104 118 119
3.268635 10.211823 0.647462 104 118 119
5.380775 19.943300 -0.267527 104 118 119
9.605056 39.406254 -2.097507 104 118 119
-2.700775 3.604996 0.964086 15 25 24
-6.558045 6.729645 0.365719 15 25 24
-14.272584 12.978943 -0.831013 15 25 24
-29.701662 25.477539 -3.224478 15 25 24
-2.608510 3.713516 0.953059 19 29 28
-6.373514 6.946685 0.343667 19 29 28
-13.903522 13.413023 -0.875118 19 29 28
-28.963539 26.345699 -3.312689 19 29 28
-2.509772 3.823061 0.942170 58 68 69
-6.176038 7.165776 0.321889 58 68 69
-13.508571 13.851205 -0.918675 58 68 69
-28.173635 27.222063 -3.399801 58 68 69
-2.404320 3.933241 0.931483 64 76 76
-5.965135 7.386136 0.300514 64 76 76
-13.086763 14.291925 -0.961424 64 76 76
-27.330021 28.103504 -3.485300 64 76 76
-2.291950 4.043612 0.921068 68 79 83
-5.740395 7.606877 0.279683 68 79 83
-12.637283 14.733408 -1.003085 68 79 83
-26.431061 28.986469 -3.568622 68 79 83
-2.172508 4.153676 0.911000 124 142 146
-5.501511 7.827006 0.259547 124 142 146
-12.159515 15.173665 -1.043357 124 142 146
-25.475525 29.866983 -3.649166 124 142 146
-2.045898 4.262891 0.901358 127 142 149
-5.248291 8.045435 0.240265 127 142 149
-11.653076 15.610522 -1.081923 127 142 149
-24.462646 30.740698 -3.726297 127 142 149
-1.912093 4.370664 0.892226 139 156 163
-4.980680 8.260982 0.222001 139 156 163
-11.117853 16.041616 -1.118450 139 156 163
-23.392200 31.602886 -3.799353 139 156 163
-1.771144 4.476371 0.883688 143 161 165
-4.698783 8.472395 0.204924 143 161 165
-10.554060 16.464443 -1.152603 143 161 165
-22.264614 32.448540 -3.867658 143 161 165
-1.623193 4.579357 0.875828 156 111 90
-4.402880 8.678368 0.189204 156 111 90
-9.962254 16.876389 -1.184043 156 111 90
-21.081001 33.272430 -3.930538 156 111 90
-1.468474 4.678952 0.868729 156 109 91
-4.093443 8.877558 0.175006 156 109 91
-9.343380 17.274769 -1.212440 156 109 91
-19.843254 34.069191 -3.987331 156 109 91
-1.307324 4.774485 0.862469 168 117 98
-3.771142 9.068623 0.162485 168 117 98
-8.698779 17.656898 -1.237481 168 117 98
-18.554052 34.833450 -4.037414 168 117 98
-1.140180 4.865298 0.857119 180 125 105
-3.436853 9.250249 0.151787 180 125 105
-8.030201 18.020151 -1.258878 180 125 105
-17.216896 35.559956 -4.080207 180 125 105
-0.967577 4.950766 0.852745 200 149 132
-3.091647 9.421185 0.143038 200 149 132
-7.339788 18.362022 -1.276377 200 149 132
-15.836071 36.243698 -4.115205 200 149 132
-0.790145 5.030308 0.849397 215 166 149
-2.736784 9.580270 0.136343 215 166 149
-6.630061 18.680193 -1.289766 215 166 149
-14.416616 36.880039 -4.141984 215 166 149
-0.608598 5.103413 0.847118 222 175 159
-2.373691 9.726480 0.131783 222 175 159
-5.903876 18.972612 -1.298885 222 175 159
-12.964247 37.464878 -4.160222 222 175 159
-0.423723 5.169644 0.845932 207 160 144
-2.003940 9.858941 0.129412 207 160 144
-5.164374 19.237535 -1.303628 207 160 144
-11.485243 37.994724 -4.169708 207 160 144
-0.236356 5.228657 0.845852 222 183 176
-1.629207 9.976967 0.129251 222 183 176
-4.414907 19.473587 -1.303949 222 183 176
-9.986309 38.466827 -4.170350 222 183 176
-0.047373 5.280206 0.846873 204 167 150
-1.251240 10.080066 0.131294 204 167 150
-3.658973 19.679785 -1.299863 204 167 150
-8.474441 38.879223 -4.162179 204 167 150
0.142339 5.324152 0.848977 211 163 140
-0.871815 10.167956 0.135503 211 163 140
-2.900125 19.855566 -1.291447 211 163 140
-6.956744 39.230785 -4.145345 211 163 140
0.331897 5.360457 0.852131 207 158 141
-0.492700 10.240568 0.141810 207 158 141
-2.141894 20.000790 -1.278831 207 158 141
-5.440283 39.521233 -4.120114 207 158 141
0.520442 5.389193 0.856288 199 153 138
-0.115611 10.298039 0.150124 199 153 138
-1.387716 20.115732 -1.262203 199 153 138
-3.931925 39.751118 -4.086858 199 153 138
0.707159 5.410520 0.861390 185 156 140
0.257825 10.340693 0.160329 185 156 140
-0.640845 20.201040 -1.241794 185 156 140
-2.438184 39.921734 -4.046039 185 156 140
0.891294 5.424690 0.867371 167 140 126
0.626094 10.369034 0.172291 167 140 126
0.095694 20.257721 -1.217871 167 140 126
-0.965106 40.035095 -3.998193 167 140 126
1.072160 5.432027 0.874156 192 156 144
0.987826 10.383707 0.185860 192 156 144
0.819159 20.287067 -1.190732 192 156 144
0.481823 40.093788 -3.943916 192 156 144
1.249153 5.432916 0.881665 192 160 149
1.341811 10.385486 0.200878 192 160 149
1.527128 20.290625 -1.160696 192 160 149
1.897762 40.100903 -3.883844 192 160 149
1.421751 5.427790 0.889816 199 169 158
1.687008 10.375234 0.217180 199 169 158
2.217521 20.270121 -1.128091 199 169 158
3.278548 40.059895 -3.818635 199 169 158
1.589522 5.417116 0.898526 195 162 155
2.022549 10.353885 0.234601 195 162 155
2.888605 20.227423 -1.093250 195 162 155
4.620715 39.974499 -3.748951 195 162 155
1.752117 5.401379 0.907714 145 158 158
2.347741 10.322411 0.252975 145 158 158
3.538987 20.164474 -1.056501 145 158 158
5.921481 39.848602 -3.675455 145 158 158
1.909274 5.381071 0.917298 184 165 159
2.662053 10.281796 0.272144 184 165 159
4.167613 20.083244 -1.018163 184 165 159
7.178731 39.686142 -3.598779 184 165 159
2.060804 5.356686 0.927204 183 170 162
2.965114 10.233025 0.291956 183 170 162
4.773733 19.985703 -0.978541 183 170 162
8.390972 39.491058 -3.519533 183 170 162
2.206592 5.328702 0.937359 180 161 154
3.256690 10.177058 0.312267 180 161 154
5.356885 19.873770 -0.937918 180 161 154
9.557277 39.267193 -3.438288 180 161 154
-2.682589 3.592105 0.801924 49 63 63
-6.521672 6.703863 0.041396 49 63 63
-14.199839 12.927379 -1.479659 49 63 63
-29.556171 25.374411 -4.521770 49 63 63
-2.590142 3.699542 0.788176 71 85 86
-6.336777 6.918736 0.013901 71 85 86
-13.830049 13.357126 -1.534651 71 85 86
-28.816591 26.233906 -4.631753 71 85 86
-2.491288 3.807958 0.774612 92 106 107
-6.139071 7.135569 -0.013227 92 106 107
-13.434635 13.790791 -1.588906 92 106 107
-28.025764 27.101234 -4.740263 92 106 107
-2.385797 3.916967 0.761314 104 119 124
-5.928088 7.353587 -0.039825 104 119 124
-13.012670 14.226827 -1.642101 104 119 124
-27.181833 27.973307 -4.846654 104 119 124
-2.273473 4.026132 0.748367 117 130 136
-5.703440 7.571917 -0.065718 117 130 136
-12.563375 14.663487 -1.693888 117 130 136
-26.283243 28.846628 -4.950227 117 130 136
-2.154172 4.134967 0.735866 115 129 130
-5.464838 7.789588 -0.090719 115 129 130
-12.086170 15.098829 -1.743890 115 129 130
-25.328835 29.717312 -5.050231 115 129 130
-2.027805 4.242937 0.723911 89 99 101
-5.212104 8.005527 -0.114630 89 99 101
-11.580703 15.530709 -1.791712 89 99 101
-24.317900 30.581072 -5.145876 89 99 101
-1.894353 4.349466 0.712602 161 179 183
-4.945199 8.218586 -0.137247 161 179 183
-11.046893 15.956826 -1.836946 161 179 183
-23.250280 31.433306 -5.236343 161 179 183
-1.753873 4.453943 0.702046 162 179 186
-4.664240 8.427539 -0.158360 162 179 186
-10.484974 16.374731 -1.879172 162 179 186
-22.126442 32.269115 -5.320795 162 179 186
-1.606509 4.555727 0.692345 170 121 104
-4.369512 8.631108 -0.177761 170 121 104
-9.895518 16.781870 -1.917974 170 121 104
-20.947531 33.083393 -5.398401 170 121 104
-1.452498 4.654168 0.683602 170 119 102
-4.061491 8.827989 -0.195248 170 119 102
-9.279476 17.175631 -1.952947 170 119 102
-19.715446 33.870914 -5.468346 170 119 102
-1.292174 4.748610 0.675913 166 115 98
-3.740843 9.016873 -0.210626 166 115 98
-8.638180 17.553400 -1.983704 166 115 98
-18.432854 34.626453 -5.529860 166 115 98
-1.125970 4.838414 0.669366 165 113 91
-3.408435 9.196482 -0.223720 165 113 91
-7.973364 17.912617 -2.009892 165 113 91
-17.103222 35.344887 -5.582235 165 113 91
-0.954415 4.922972 0.664039 164 112 90
-3.065323 9.365597 -0.234374 164 112 90
-7.287141 18.250847 -2.031199 164 112 90
-15.730776 36.021347 -5.624850 164 112 90
-0.778127 5.001719 0.659997 164 111 93
-2.712748 9.523092 -0.242458 164 111 93
-6.581991 18.565838 -2.047369 164 111 93
-14.320476 36.651329 -5.657189 164 111 93
-0.597808 5.074158 0.657288 163 110 92
-2.352111 9.667969 -0.247877 163 110 92
-5.860715 18.855591 -2.058205 163 110 92
-12.877925 37.230835 -5.678862 163 110 92
-0.414228 5.139862 0.655944 163 112 93
-1.984949 9.799376 -0.250564 163 112 93
-5.126393 19.118406 -2.063580 163 112 93
-11.409280 37.756466 -5.689611 163 112 93
-0.228206 5.198494 0.655979 160 105 87
-1.612906 9.916641 -0.250493 160 105 87
-4.382305 19.352936 -2.063438 160 105 87
-9.921104 38.225525 -5.689329 160 105 87
-0.040598 5.249815 0.657388 167 118 103
-1.237691 10.019284 -0.247676 167 118 103
-3.631876 19.558222 -2.057804 167 118 103
-8.420245 38.636097 -5.678059 167 118 103
0.147725 5.293685 0.660147 163 111 90
-0.861044 10.107023 -0.242159 163 111 90
-2.878582 19.733700 -2.046769 163 111 90
-6.913658 38.987053 -5.655991 163 111 90
0.335901 5.330068 0.664213 161 110 91
-0.484693 10.179789 -0.234025 161 110 91
-2.125879 19.879230 -2.030502 161 110 91
-5.408253 39.278114 -5.623456 161 110 91
0.523088 5.359024 0.669531 162 109 91
-0.110318 10.237700 -0.223390 162 109 91
-1.377131 19.995054 -2.009233 162 109 91
-3.910755 39.509762 -5.580917 162 109 91
0.708489 5.380708 0.676027 161 110 91
0.260483 10.281069 -0.210398 161 110 91
-0.635527 20.081791 -1.983248 161 110 91
-2.427549 39.683235 -5.528947 161 110 91
0.891362 5.395360 0.683619 165 114 93
0.626230 10.310374 -0.195214 165 114 93
0.095966 20.140402 -1.952879 165 114 93
-0.964562 39.800457 -5.468210 165 114 93
1.071034 5.403291 0.692215 163 112 93
0.985575 10.326235 -0.178022 163 112 93
0.814655 20.172123 -1.918495 163 112 93
0.472817 39.863899 -5.399443 163 112 93
1.246910 5.404873 0.701716 166 110 93
1.337326 10.329399 -0.159020 166 110 93
1.518158 20.178452 -1.880492 166 110 93
1.879822 39.876556 -5.323435 166 110 93
1.418476 5.400523 0.712020 158 109 94
1.680457 10.320700 -0.138412 158 109 94
2.204420 20.161053 -1.839275 158 109 94
3.252346 39.841759 -5.241002 158 109 94
1.585302 5.390691 0.723024 151 106 87
2.014111 10.301036 -0.116403 151 106 87
2.871727 20.121725 -1.795258 151 106 87
4.586961 39.763103 -5.152967 151 106 87
1.747045 5.375851 0.734627 157 120 102
2.337596 10.271355 -0.093198 157 120 102
3.518697 20.062363 -1.748848 157 120 102
5.880900 39.644379 -5.060149 157 120 102
1.903439 5.356479 0.746728 155 108 88
2.650384 10.232612 -0.068995 155 108 88
4.144274 19.984877 -1.700442 155 108 88
7.132054 39.489407 -4.963336 155 108 88
2.054297 5.333056 0.759234 129 92 74
2.952100 10.185766 -0.043984 129 92 74
4.747705 19.891186 -1.650419 129 92 74
8.338917 39.302025 -4.863290 129 92 74
2.199499 5.306050 0.772056 133 90 71
3.242505 10.131754 -0.018341 133 90 71
5.328515 19.783161 -1.599133 133 90 71
9.500536 39.085976 -4.760718 133 90 71
-2.660561 3.576079 0.642378 98 113 118
-6.477616 6.671811 -0.277695 98 113 118
-14.111727 12.863275 -2.117842 98 113 118
-29.379948 25.246202 -5.798136 98 113 118
-2.567904 3.682222 0.626046 103 118 123
-6.292302 6.884098 -0.310359 103 118 123
-13.741098 13.287848 -2.183171 103 118 123
-28.638691 26.095350 -5.928793 103 118 123
-2.468920 3.789290 0.609948 110 125 132
-6.094335 7.098233 -0.342557 110 125 132
-13.345164 13.716120 -2.247566 110 125 132
-27.846823 26.951893 -6.057583 110 125 132
-2.363390 3.896904 0.594178 108 123 128
-5.883275 7.313460 -0.374096 108 123 128
-12.923043 14.146574 -2.310644 108 123 128
-27.002581 27.812801 -6.183739 108 123 128
-2.251130 4.004635 0.578841 111 126 131
-5.658753 7.528923 -0.404769 111 126 131
-12.474001 14.577498 -2.371990 111 126 131
-26.104496 28.674650 -6.306431 111 126 131
-2.132005 4.112008 0.564048 114 129 134
-5.420504 7.743670 -0.434355 114 129 134
-11.997501 15.006992 -2.431162 114 129 134
-25.151497 29.533638 -6.424776 114 129 134
-2.005935 4.218503 0.549916 154 175 180
-5.168365 7.956659 -0.462621 154 175 180
-11.493224 15.432972 -2.487693 154 175 180
-24.142942 30.385597 -6.537838 154 175 180
-1.872910 4.323556 0.536563 163 180 187
-4.902315 8.166766 -0.489325 163 180 187
-10.961124 15.853186 -2.541102 163 180 187
-23.078743 31.226025 -6.644656 163 180 187
-1.732995 4.426574 0.524115 158 175 182
-4.622483 8.372802 -0.514223 158 175 182
-10.401461 16.265257 -2.590897 158 175 182
-21.959415 32.050167 -6.744246 158 175 182
-1.586335 4.526937 0.512691 181 142 125
-4.329164 8.573526 -0.537070 181 142 125
-9.814822 16.666706 -2.636591 181 142 125
-20.786139 32.853065 -6.835635 181 142 125
-1.433170 4.624011 0.502411 177 134 118
-4.022835 8.767675 -0.557629 177 134 118
-9.202164 17.055004 -2.677710 177 134 118
-19.560822 33.629662 -6.917871 177 134 118
-1.273833 4.717164 0.493389 179 133 118
-3.704159 8.953980 -0.575675 179 133 118
-8.564813 17.427614 -2.713801 179 133 118
-18.286119 34.374882 -6.990054 179 133 118
-1.108749 4.805775 0.485725 173 126 108
-3.373992 9.131204 -0.591001 173 126 108
-7.904478 17.782061 -2.744454 173 126 108
-16.965450 35.083775 -7.051361 173 126 108
-0.938439 4.889258 0.479512 173 125 105
-3.033373 9.298169 -0.603429 173 125 105
-7.223240 18.115992 -2.769309 173 125 105
-15.602974 35.751637 -7.101070 173 125 105
-0.763511 4.967065 0.474823 118 74 65
-2.683516 9.453784 -0.612806 118 74 65
-6.523526 18.427221 -2.788064 118 74 65
-14.203546 36.374096 -7.138581 118 74 65
-0.584649 5.038714 0.471715 175 124 105
-2.325792 9.597081 -0.619021 175 124 105
-5.808078 18.713816 -2.800494 175 124 105
-12.772650 36.947285 -7.163440 175 124 105
-0.402605 5.103793 0.470226 172 120 98
-1.961703 9.727239 -0.622000 172 120 98
-5.079901 18.974131 -2.806453 172 120 98
-11.316296 37.467915 -7.175357 172 120 98
-0.218178 5.161974 0.470369 191 139 125
-1.592851 9.843601 -0.621713 191 139 125
-4.342196 19.206856 -2.805878 191 139 125
-9.840885 37.933365 -7.174208 191 139 125
-0.032204 5.213022 0.472140 174 118 98
-1.220902 9.945698 -0.618173 174 118 98
-3.598298 19.411049 -2.798797 174 118 98
-8.353089 38.341751 -7.160046 174 118 98
0.154472 5.256800 0.475508 169 114 93
-0.847550 10.033253 -0.611435 169 114 93
-2.851595 19.586159 -2.785323 169 114 93
-6.859684 38.691971 -7.133097 169 114 93
0.341007 5.293267 0.480427 171 116 95
-0.474481 10.106187 -0.601599 171 116 95
-2.105456 19.732027 -2.765649 171 116 95
-5.367407 38.983707 -7.093750 171 116 95
0.526581 5.322479 0.486827 167 115 94
-0.103332 10.164611 -0.588798 167 115 94
-1.363159 19.848875 -2.740047 167 115 94
-3.882812 39.217403 -7.042547 167 115 94
0.710416 5.344580 0.494626 165 113 91
0.264338 10.208813 -0.573200 165 113 91
-0.627817 19.937279 -2.708852 165 113 91
-2.412128 39.394211 -6.980156 165 113 91
0.891789 5.359797 0.503725 162 111 90
0.627083 10.239246 -0.555002 162 111 90
0.097672 19.998146 -2.672455 162 111 90
-0.961150 39.515945 -6.907362 162 111 90
1.070038 5.368425 0.514017 161 110 91
0.983582 10.256504 -0.534418 161 110 91
0.810671 20.032661 -2.631288 161 110 91
0.464848 39.584976 -6.825027 161 110 91
1.244581 5.370821 0.525386 160 109 90
1.332668 10.261295 -0.511680 160 109 90
1.508843 20.042244 -2.585811 160 109 90
1.861192 39.604141 -6.734074 160 109 90
1.414912 5.367383 0.537713 156 106 87
1.673331 10.254420 -0.487027 156 106 87
2.190167 20.028494 -2.536505 156 106 87
3.223841 39.576641 -6.635462 156 106 87
1.580609 5.358547 0.550875 151 103 83
2.004724 10.236748 -0.460702 151 103 83
2.852953 19.993149 -2.483855 151 103 83
4.549413 39.505951 -6.530162 151 103 83
1.741328 5.344766 0.564754 147 104 85
2.326161 10.209185 -0.432944 147 104 85
3.495828 19.938023 -2.428340 147 104 85
5.835163 39.395699 -6.419133 147 104 85
1.896805 5.326501 0.579232 148 105 86
2.637116 10.172656 -0.403989 148 105 86
4.117739 19.864965 -2.370430 148 105 86
7.078984 39.249584 -6.303311 148 105 86
2.046852 5.304219 0.594197 141 96 75
2.937210 10.128092 -0.374058 141 96 75
4.717926 19.775837 -2.310569 141 96 75
8.279358 39.071327 -6.183589 141 96 75
2.191346 5.278372 0.609544 135 90 71
3.226198 10.076398 -0.343364 135 90 71
5.295902 19.672449 -2.249179 135 90 71
9.435309 38.864552 -6.060810 135 90 71
-2.634902 3.557084 0.485882 100 119 125
-6.426298 6.633821 -0.590689 100 119 125
-14.009090 12.787295 -2.743829 100 119 125
-29.174675 25.094244 -7.050110 100 119 125
-2.542017 3.661740 0.467122 111 128 135
-6.240528 6.843134 -0.628209 111 128 135
-13.637549 13.205921 -2.818869 111 128 135
-28.431593 25.931496 -7.200190 111 128 135
-2.442898 3.767262 0.448647 118 131 139
-6.042291 7.054177 -0.665158 118 131 139
-13.241076 13.628007 -2.892768 118 131 139
-27.638645 26.775667 -7.347989 118 131 139
-2.337338 3.873277 0.430567 140 155 162
-5.831170 7.266207 -0.701318 140 155 162
-12.818834 14.052067 -2.965088 140 155 162
-26.794163 27.623787 -7.492628 140 155 162
-2.225164 3.979367 0.413000 114 129 134
-5.606823 7.478388 -0.736451 114 129 134
-12.370140 14.476429 -3.035354 114 129 134
-25.896774 28.472511 -7.633160 114 129 134
-2.106255 4.085070 0.396073 117 132 137
-5.369004 7.689794 -0.770305 117 132 137
-11.894502 14.899240 -3.103063 117 132 137
-24.945498 29.318134 -7.768577 117 132 137
-1.980540 4.189878 0.379918 120 133 139
-5.117575 7.899410 -0.802615 120 133 139
-11.391644 15.318474 -3.167683 120 133 139
-23.939781 30.156601 -7.897817 120 133 139
-1.848019 4.293249 0.364672 132 149 156
-4.852532 8.106152 -0.833109 132 149 156
-10.861558 15.731956 -3.228669 132 149 156
-22.879610 30.983564 -8.019791 132 149 156
-1.708762 4.394605 0.350472 137 152 157
-4.574018 8.308863 -0.861507 137 152 157
-10.304529 16.137379 -3.285466 137 152 157
-21.765553 31.794413 -8.133383 137 152 157
-1.562920 4.493348 0.337458 141 108 101
-4.282335 8.506350 -0.887535 141 108 101
-9.721164 16.532352 -3.337522 141 108 101
-20.598822 32.584358 -8.237495 141 108 101
-1.410734 4.588867 0.325763 156 120 106
-3.977962 8.697387 -0.910925 156 120 106
-9.112419 16.914427 -3.384302 156 120 106
-19.381332 33.348507 -8.331057 156 120 106
-1.252534 4.680553 0.315513 182 143 126
-3.661562 8.880759 -0.931425 182 143 126
-8.479618 17.281172 -3.425302 182 143 126
-18.115730 34.081997 -8.413055 182 143 126
-1.088739 4.767808 0.306825 178 135 118
-3.333972 9.055270 -0.948802 178 135 118
-7.824439 17.630194 -3.460057 178 135 118
-16.805372 34.780041 -8.482565 178 135 118
-0.919861 4.850067 0.299798 176 133 116
-2.996216 9.219788 -0.962856 176 133 116
-7.148926 17.959229 -3.488164 176 133 116
-15.454346 35.438110 -8.538780 176 133 116
-0.746491 4.926805 0.294517 178 135 118
-2.649477 9.373262 -0.973418 178 135 118
-6.455448 18.266178 -3.509289 178 135 118
-14.067390 36.052010 -8.581030 178 135 118
-0.569299 4.997554 0.291044 178 135 118
-2.295092 9.514762 -0.980363 178 135 118
-5.746678 18.549177 -3.523178 178 135 118
-12.649850 36.618008 -8.608807 178 135 118
-0.389014 5.061918 0.289422 179 133 117
-1.934522 9.643490 -0.983607 179 133 117
-5.025538 18.806633 -3.529666 179 133 117
-11.207570 37.132919 -8.621784 179 133 117
-0.206414 5.119581 0.289666 172 129 112
-1.569322 9.758816 -0.983119 172 129 112
-4.295138 19.037285 -3.528690 172 129 112
-9.746770 37.594223 -8.619833 172 129 112
-0.022308 5.170313 0.291769 176 132 105
-1.201110 9.860280 -0.978914 176 132 105
-3.558714 19.240213 -3.520279 176 132 105
-8.273923 38.000080 -8.603010 176 132 105
0.162481 5.213979 0.295699 174 127 109
-0.831532 9.947611 -0.971055 174 127 109
-2.819557 19.414875 -3.504561 174 127 109
-6.795609 38.349403 -8.571573 174 127 109
0.347138 5.250535 0.301400 176 131 112
-0.462219 10.020722 -0.959652 176 131 112
-2.080932 19.561098 -3.481756 176 131 112
-5.318359 38.641850 -8.525965 176 131 112
0.530864 5.280027 0.308797 177 128 111
-0.094765 10.079708 -0.944858 177 128 111
-1.346025 19.679070 -3.452168 177 128 111
-3.848543 38.877792 -8.466787 177 128 111
0.712905 5.302593 0.317795 169 122 104
0.269316 10.124839 -0.926862 169 122 104
-0.617862 19.769331 -3.416176 169 122 104
-2.392217 39.058315 -8.394804 169 122 104
0.892555 5.318442 0.328284 167 120 102
0.628615 10.156537 -0.905884 167 120 102
0.100736 19.832727 -3.374219 167 120 102
-0.955021 39.185108 -8.310890 167 120 102
1.069170 5.327855 0.340143 167 122 103
0.981846 10.175363 -0.882166 167 122 103
0.807197 19.870378 -3.326785 167 122 103
0.457900 39.260410 -8.216021 167 122 103
1.242180 5.331168 0.353240 173 126 110
1.327865 10.181989 -0.855971 173 126 110
1.499236 19.883631 -3.274395 173 126 110
1.841977 39.286915 -8.111240 173 126 110
1.411088 5.328762 0.367441 159 117 101
1.665682 10.177177 -0.827569 159 117 101
2.174870 19.874008 -3.217590 159 117 101
3.193247 39.267670 -7.997632 159 117 101
1.575480 5.321052 0.382609 156 115 95
1.994465 10.161757 -0.797234 156 115 95
2.832436 19.843166 -3.156920 156 115 95
4.508377 39.205986 -7.876293 156 115 95
1.735014 5.308470 0.398606 151 116 97
2.313533 10.136594 -0.765239 151 116 97
3.470573 19.792841 -3.092930 151 116 97
5.784651 39.105335 -7.748312 151 116 97
1.889429 5.291464 0.415301 147 110 91
2.622363 10.102581 -0.731850 147 110 91
4.088232 19.724815 -3.026152 147 110 91
7.019970 38.969284 -7.614755 147 110 91
2.038532 5.270479 0.432566 147 109 90
2.920571 10.060611 -0.697320 147 109 90
4.684648 19.640875 -2.957093 147 109 90
8.212801 38.801403 -7.476637 147 109 90
2.182200 5.245953 0.450280 141 104 86
3.207906 10.011559 -0.661891 141 104 86
5.259317 19.542772 -2.886234 141 104 86
9.362141 38.605198 -7.334919 141 104 86
-2.605849 3.535307 0.332820 98 113 120
-6.368192 6.590267 -0.896811 98 113 120
-13.892878 12.700188 -3.356074 98 113 120
-28.942249 24.920029 -8.274599 98 113 120
-2.512727 3.638304 0.311805 100 115 120
-6.181949 6.796262 -0.938843 100 115 120
-13.520391 13.112178 -3.440137 100 115 120
-28.197277 25.744009 -8.442726 100 115 120
-2.413476 3.742101 0.291128 105 122 129
-5.983447 7.003856 -0.980196 105 122 129
-13.123388 13.527366 -3.522844 105 122 129
-27.403271 26.574385 -8.608139 105 122 129
-2.307902 3.846337 0.270913 111 128 135
-5.772298 7.212327 -1.020626 111 128 135
-12.701090 13.944306 -3.603704 111 128 135
-26.558674 27.408266 -8.769861 111 128 135
-2.195846 3.950603 0.251291 120 137 144
-5.548185 7.420858 -1.059870 120 137 144
-12.252865 14.361370 -3.682192 120 137 144
-25.662224 28.242393 -8.926836 120 137 144
-2.077196 4.054450 0.232403 124 141 148
-5.310887 7.628553 -1.097647 124 141 148
-11.778268 14.776759 -3.757745 124 141 148
-24.713030 29.073172 -9.077942 124 141 148
-1.951898 4.157389 0.214394 122 137 144
-5.060289 7.834430 -1.133665 122 137 144
-11.277073 15.188514 -3.829781 122 137 144
-23.710640 29.896681 -9.222013 122 137 144
-1.819957 4.258894 0.197415 117 132 137
-4.796407 8.037441 -1.167622 117 132 137
-10.749309 15.594535 -3.897696 117 132 137
-22.655111 30.708723 -9.357843 117 132 137
-1.681451 4.358409 0.181619 122 135 141
-4.519396 8.236472 -1.199213 122 135 141
-10.195286 15.992598 -3.960878 122 135 141
-21.547066 31.504848 -9.484207 122 135 141
-1.536538 4.455360 0.167158 119 132 138
-4.229569 8.430374 -1.228136 119 132 138
-9.615633 16.380402 -4.018723 119 132 138
-20.387760 32.280457 -9.599897 119 132 138
-1.385457 4.549160 0.154178 107 118 120
-3.927408 8.617974 -1.254097 107 118 120
-9.011310 16.755602 -4.070645 107 118 120
-19.179113 33.030857 -9.703743 107 118 120
-1.228535 4.639225 0.142816 96 108 108
-3.613564 8.798102 -1.276820 96 108 108
-8.383623 17.115858 -4.116092 96 108 108
-17.923740 33.751369 -9.794636 96 108 108
-1.066187 4.724981 0.133199 101 111 113
-3.288868 8.969616 -1.296053 101 111 113
-7.734231 17.458885 -4.154558 101 111 113
-16.624956 34.437424 -9.871569 101 111 113
-0.898911 4.805887 0.125438 83 84 84
-2.954315 9.131428 -1.311576 83 84 84
-7.065125 17.782509 -4.185603 83 84 84
-15.286743 35.084671 -9.933659 83 84 84
-0.727283 4.881440 0.119623 64 59 53
-2.611061 9.282534 -1.323206 64 59 53
-6.378616 18.084721 -4.208863 64 59 53
-13.913727 35.689095 -9.980179 64 59 53
-0.551955 4.951193 0.115823 160 121 104
-2.260403 9.422040 -1.330806 160 121 104
-5.677300 18.363733 -4.224064 160 121 104
-12.511095 36.247120 -10.010580 160 121 104
-0.373631 5.014764 0.114082 182 143 126
-1.903756 9.549181 -1.334288 182 143 126
-4.964007 18.618015 -4.231029 182 143 126
-11.084508 36.755684 -10.024509 182 143 126
-0.193066 5.071848 0.114418 134 98 82
-1.542626 9.663349 -1.333617 134 98 82
-4.241747 18.846352 -4.229685 134 98 82
-9.639988 37.212357 -10.021822 134 98 82
-0.011042 5.122222 0.116821 183 142 124
-1.178579 9.764098 -1.328809 183 142 124
-3.513652 19.047850 -4.220070 183 142 124
-8.183798 37.615353 -10.002592 183 142 124
0.171646 5.165753 0.121258 178 135 116
-0.813202 9.851160 -1.319935 178 135 116
-2.782898 19.221973 -4.202322 178 135 116
-6.722291 37.963600 -9.967094 178 135 116
0.354209 5.202394 0.127669 177 132 113
-0.448077 9.924441 -1.307115 177 132 113
-2.052648 19.368536 -4.176681 177 132 113
-5.261789 38.256725 -9.915813 177 132 113
0.535876 5.232186 0.135969 173 128 109
-0.084743 9.984025 -1.290515 173 128 109
-1.325980 19.487703 -4.143481 173 128 109
-3.808454 38.495060 -9.849415 173 128 109
0.715914 5.255251 0.146055 168 127 107
0.275333 10.030155 -1.270342 168 127 107
-0.605827 19.579964 -4.103136 168 127 107
-2.368149 38.679581 -9.768724 168 127 107
0.893639 5.271785 0.157807 165 122 103
0.630784 10.063224 -1.246837 165 122 103
0.105074 19.646101 -4.056126 165 122 103
-0.946346 38.811855 -9.674704 165 122 103
1.068426 5.282051 0.171093 166 123 106
0.980358 10.083755 -1.220267 166 123 106
0.804223 19.687164 -4.002985 166 123 106
0.451952 38.893982 -9.568422 166 123 106
1.239719 5.286365 0.185768 163 125 106
1.322943 10.092383 -1.190917 163 125 106
1.489392 19.704420 -3.944285 163 125 106
1.822290 38.928493 -9.451023 163 125 106
1.407031 5.285088 0.201683 163 124 107
1.657569 10.089829 -1.159085 163 124 107
2.158643 19.699312 -3.880622 163 124 107
3.160792 38.918278 -9.323696 163 124 107
1.569956 5.278612 0.218689 159 122 104
1.983417 10.076878 -1.125074 159 122 104
2.810340 19.673409 -3.812601 159 122 104
4.464186 38.866470 -9.187653 159 122 104
1.728156 5.267351 0.236634 158 125 108
2.299817 10.054355 -1.089185 158 125 108
3.443141 19.628363 -3.740821 158 125 108
5.729787 38.776379 -9.044094 158 125 108
1.881370 5.251729 0.255371 133 96 77
2.606247 10.023111 -1.051709 133 96 77
4.055999 19.565876 -3.665870 133 96 77
6.955504 38.651405 -8.894192 133 96 77
2.029407 5.232175 0.274760 148 113 94
2.902319 9.984004 -1.012931 148 113 94
4.648144 19.487661 -3.588314 148 113 94
8.139794 38.494976 -8.739079 148 113 94
2.172136 5.209109 0.294668 143 110 95
3.187777 9.937872 -0.973116 143 110 95
5.219060 19.395397 -3.508683 143 110 95
9.281627 38.310448 -8.579819 143 110 95
5.738824 2.606375 2.993862 104 116 130
9.736437 5.208783 4.492717 104 116 130
17.731663 10.413599 7.490426 104 116 130
33.722115 20.823231 13.485844 104 116 130
5.806411 2.485669 3.016621 108 120 134
9.871611 4.967371 4.538235 108 120 134
18.002010 9.930774 7.581461 108 120 134
34.262810 19.857580 13.667915 108 120 134
5.872854 2.358965 3.038869 112 124 138
10.004498 4.713963 4.582730 112 124 138
18.267784 9.423958 7.670452 112 124 138
34.794357 18.843948 13.845896 112 124 138
5.937762 2.226199 3.060462 115 127 141
10.134314 4.448431 4.625915 115 127 141
18.527416 8.892896 7.756822 115 127 141
35.313622 17.781824 14.018635 115 127 141
6.000710 2.087358 3.081244 118 130 144
10.260210 4.170750 4.667480 118 130 144
18.779209 8.337532 7.839953 118 130 144
35.817207 16.671097 14.184898 118 130 144
6.061254 1.942484 3.101055 124 136 150
10.381296 3.881002 4.707101 124 136 150
19.021381 7.758036 7.919195 124 136 150
36.301552 15.512105 14.343382 124 136 150
6.118923 1.791684 3.119725 142 146 158
10.496635 3.579401 4.744441 142 146 158
19.252060 7.154836 7.993875 142 146 158
36.762909 14.305704 14.492741 142 146 158
6.173240 1.635134 3.137082 165 168 173
10.605269 3.266301 4.779155 165 168 173
19.469328 6.528636 8.063303 165 168 173
37.197445 13.053304 14.631598 165 168 173
6.223722 1.473086 3.152953 175 174 179
10.706232 2.942206 4.810899 175 174 179
19.671253 5.880444 8.126789 175 174 179
37.601295 11.756921 14.758572 175 174 179
6.269888 1.305871 3.167170 181 181 183
10.798566 2.607776 4.839333 181 181 183
19.855921 5.211584 8.183657 181 181 183
37.970631 10.419201 14.872307 181 181 183
6.311277 1.133900 3.179570 189 189 189
10.881343 2.263833 4.864132 189 189 189
20.021475 4.523699 8.233256 189 189 189
38.301739 9.043430 14.971504 189 189 189
6.347453 0.957663 3.190002 182 180 181
10.953694 1.911358 4.884995 182 180 181
20.166178 3.818749 8.274982 182 180 181
38.591145 7.633532 15.054958 182 180 181
6.378019 0.777726 3.198329 180 178 179
11.014828 1.551484 4.901650 180 178 179
20.288445 3.099001 8.308293 180 178 179
38.835678 6.194034 15.121578 180 178 179
6.402633 0.594723 3.204438 183 182 178
11.064055 1.185480 4.913868 183 182 178
20.386900 2.366992 8.332727 183 182 178
39.032589 4.730016 15.170448 183 182 178
6.421010 0.409350 3.208234 180 179 175
11.100809 0.814733 4.921461 180 179 175
20.460407 1.625499 8.347914 180 179 175
39.179604 3.247032 15.200819 180 179 175
6.432938 0.222349 3.209653 216 211 207
11.124664 0.440730 4.924298 216 211 207
20.508118 0.877493 8.353588 216 211 207
39.275024 1.751019 15.212170 216 211 207
6.438282 0.034494 3.208657 216 213 208
11.135353 0.065021 4.922306 216 213 208
20.529495 0.126074 8.349605 216 213 208
39.317780 0.248181 15.204201 216 213 208
6.436989 -0.153421 3.205240 191 189 190
11.132768 -0.310808 4.915472 191 189 190
20.524324 -0.625584 8.335936 191 189 190
39.307438 -1.255136 15.176863 191 189 190
6.429092 -0.340601 3.199425 196 194 195
11.116974 -0.685170 4.903843 196 194 195
20.492737 -1.374307 8.312677 196 194 195
39.244263 -2.752580 15.130346 196 194 195
6.414706 -0.526269 3.191267 193 193 195
11.088201 -1.056506 4.887526 193 193 195
20.435190 -2.116978 8.280045 193 193 195
39.129169 -4.237924 15.065081 193 193 195
6.394022 -0.709678 3.180848 194 192 193
11.046833 -1.423324 4.866688 194 192 193
20.352455 -2.850615 8.238367 194 192 193
38.963699 -5.705196 14.981728 194 192 193
6.367308 -0.890127 3.168275 180 178 179
10.993404 -1.784222 4.841543 180 178 179
20.245598 -3.572411 8.188078 180 178 179
38.749985 -7.148789 14.881147 180 178 179
6.334891 -1.066974 3.153680 176 174 175
10.928572 -2.137915 4.812351 176 174 175
20.115932 -4.279798 8.129694 176 174 175
38.490654 -8.563563 14.764381 176 174 175
6.297153 -1.239644 3.137208 176 176 176
10.853095 -2.483254 4.779408 176 176 176
19.964979 -4.970476 8.063809 176 176 176
38.188747 -9.944920 14.632610 176 176 176
6.254519 -1.407636 3.119025 169 169 169
10.767826 -2.819240 4.743041 169 169 169
19.794441 -5.642447 7.991075 169 169 169
37.847672 -11.288862 14.487141 169 169 169
6.207440 -1.570532 3.099300 162 162 162
10.673669 -3.145031 4.703591 162 162 162
19.606127 -6.294030 7.912175 162 162 162
37.471043 -12.592028 14.329342 162 162 162
6.156389 -1.727989 3.078211 154 158 159
10.571567 -3.459946 4.661415 154 158 159
19.401922 -6.923859 7.827821 154 158 159
37.062634 -13.851685 14.160635 154 158 159
6.101844 -1.879746 3.055938 154 158 159
10.462477 -3.763460 4.616868 154 158 159
19.183743 -7.530887 7.738728 154 158 159
36.626274 -15.065741 13.982449 154 158 159
6.044282 -2.025617 3.032657 148 152 153
10.347354 -4.055201 4.570306 148 152 153
18.953497 -8.114369 7.645604 148 152 153
36.165783 -16.232706 13.796200 148 152 153
5.984170 -2.165485 3.008539 139 143 144
10.227129 -4.334938 4.522070 139 143 144
18.713047 -8.673843 7.549132 139 143 144
35.684883 -17.351654 13.603256 139 143 144
5.921953 -2.299301 2.983748 143 147 148
10.102695 -4.602570 4.472489 143 147 148
18.464180 -9.209106 7.449970 143 147 148
35.187149 -18.422180 13.404932 143 147 148
5.858057 -2.427070 2.958441 127 134 140
9.974903 -4.858107 4.421874 127 134 140
18.208595 -9.720181 7.348739 127 134 140
34.675980 -19.444330 13.202471 127 134 140
5.775486 2.631338 2.844656 24 28 27
9.809761 5.258708 4.194303 24 28 27
17.878311 10.513450 6.893598 24 28 27
34.015411 21.022932 12.292189 24 28 27
5.844904 2.510339 2.865338 42 46 47
9.948597 5.016711 4.235667 42 46 47
18.155983 10.029454 6.976327 42 46 47
34.570755 20.054941 12.457645 42 46 47
5.913207 2.383213 2.885564 39 47 46
10.085202 4.762458 4.276120 39 47 46
18.429193 9.520948 7.057232 39 47 46
35.117176 19.037930 12.619457 39 47 46
5.979986 2.249884 2.905201 46 53 53
10.218761 4.495800 4.315395 46 53 53
18.696312 8.987633 7.135782 46 53 53
35.651413 17.971298 12.776556 46 53 53
6.044804 2.110329 2.924107 77 78 82
10.348397 4.216691 4.353206 77 78 82
18.955584 8.429414 7.211404 77 78 82
36.169956 16.854860 12.927799 77 78 82
6.107195 1.964583 2.942130 142 148 160
10.473180 3.925200 4.389252 142 148 160
19.205149 7.846432 7.283496 142 148 160
36.669086 15.688896 13.071985 142 148 160
6.166672 1.812747 2.959114 132 144 158
10.592134 3.621526 4.423220 132 144 158
19.443056 7.239085 7.351432 132 144 158
37.144901 14.474203 13.207855 132 144 158
6.222733 1.654993 2.974899 134 146 160
10.704254 3.306019 4.454789 134 146 160
19.667297 6.608071 7.414570 134 146 160
37.593384 13.212174 13.334133 134 146 160
6.274868 1.491574 2.989323 135 147 161
10.808526 2.979180 4.483637 135 147 161
19.875841 5.954392 7.472267 135 147 161
38.010471 11.904818 13.449526 135 147 161
6.322576 1.322822 3.002228 137 149 163
10.903941 2.641677 4.509448 137 149 163
20.066671 5.279387 7.523889 137 149 163
38.392132 10.554806 13.552769 137 149 163
6.365369 1.149157 3.013463 147 154 164
10.989527 2.294347 4.531918 147 154 164
20.237843 4.584726 7.568827 147 154 164
38.734474 9.165484 13.642647 147 154 164
6.402786 0.971080 3.022885 172 172 174
11.064361 1.938193 4.550763 172 172 174
20.387510 3.872418 7.606517 172 172 174
39.033810 7.740869 13.718027 172 172 174
6.434410 0.789173 3.030369 174 172 173
11.127609 1.574378 4.565730 174 172 173
20.514008 3.144789 7.636452 174 172 173
39.286804 6.285610 13.777895 174 172 173
6.459876 0.604089 3.035805 183 181 182
11.178541 1.204211 4.576602 183 181 182
20.615871 2.404454 7.658195 183 181 182
39.490532 4.804940 13.821383 183 181 182
6.478883 0.416546 3.039107 179 177 178
11.216556 0.829125 4.583206 179 177 178
20.691900 1.654283 7.671404 179 177 178
39.642590 3.304599 13.847801 179 177 178
6.491206 0.227313 3.040214 173 171 172
11.241201 0.450658 4.585420 173 171 172
20.741192 0.897349 7.675831 173 171 172
39.741173 1.790731 13.856653 173 171 172
6.496703 0.037192 3.039091 177 176 172
11.252194 0.070416 4.583175 177 176 172
20.763178 0.136864 7.671341 177 176 172
39.785145 0.269761 13.847673 177 176 172
6.495317 -0.152995 3.035734 193 192 188
11.249424 -0.309958 4.576459 193 192 188
20.757637 -0.623883 7.657911 193 192 188
39.774063 -1.251733 13.820814 193 192 188
6.487083 -0.342424 3.030165 187 185 186
11.232956 -0.688816 4.565322 187 185 186
20.724701 -1.381599 7.635635 187 185 186
39.708191 -2.767166 13.776262 187 185 186
6.472123 -0.530289 3.022437 181 181 181
11.203035 -1.064546 4.549865 181 181 181
20.664860 -2.133059 7.604722 181 181 181
39.588509 -4.270084 13.714436 181 181 181
6.450642 -0.715817 3.012628 170 173 180
11.160073 -1.435602 4.530247 170 173 180
20.578936 -2.875171 7.565486 170 173 180
39.416660 -5.754309 13.635963 170 173 180
6.422922 -0.898284 3.000840 180 178 179
11.104632 -1.800535 4.506672 180 178 179
20.468054 -3.605037 7.518336 180 178 179
39.194897 -7.214041 13.541664 180 178 179
6.389310 -1.077026 2.987197 174 174 174
11.037410 -2.158019 4.479386 174 174 174
20.333609 -4.320006 7.463765 174 174 174
38.926006 -8.643979 13.432522 174 174 174
6.350212 -1.251453 2.971839 173 173 175
10.959213 -2.506874 4.448671 173 173 175
20.177216 -5.017715 7.402334 173 173 175
38.613220 -10.039396 13.309660 173 173 175
6.306074 -1.421053 2.954920 164 165 167
10.870937 -2.846074 4.414832 164 165 167
20.000664 -5.696115 7.334655 164 165 167
38.260117 -11.396196 13.174303 164 165 167
6.257374 -1.585397 2.936600 161 161 161
10.773538 -3.174762 4.378191 161 161 161
19.805864 -6.353490 7.261375 161 161 161
37.870518 -12.710948 13.027742 161 161 161
6.204610 -1.744140 2.917046 155 159 160
10.668009 -3.492247 4.339084 155 159 160
19.594807 -6.988461 7.183160 155 159 160
37.448402 -13.980890 12.871311 155 159 160
6.148283 -1.897019 2.896425 148 156 158
10.555354 -3.798005 4.297843 148 156 158
19.369497 -7.599978 7.100678 148 156 158
36.997784 -15.203923 12.706348 148 156 158
6.088892 -2.043850 2.874903 165 165 165
10.436574 -4.091668 4.254798 165 165 165
19.131937 -8.187304 7.014589 165 165 165
36.522663 -16.378574 12.534170 165 165 165
6.026925 -2.184524 2.852639 164 160 161
10.312639 -4.373015 4.210269 164 160 161
18.884068 -8.749998 6.925530 164 160 161
36.026924 -17.503963 12.356052 164 160 161
5.962848 -2.318995 2.829784 171 172 167
10.184484 -4.641958 4.164559 171 172 167
18.627758 -9.287883 6.834111 171 172 167
35.514305 -18.579733 12.173214 171 172 167
5.897101 -2.447280 2.806482 158 160 159
10.052991 -4.898527 4.117956 158 160 159
18.364771 -9.801022 6.740903 158 160 159
34.988331 -19.606010 11.986799 158 160 159
5.808755 2.654109 2.691600 34 33 18
9.876300 5.304251 3.888192 34 33 18
18.011389 10.604535 6.281377 34 33 18
34.281567 21.205103 11.067745 34 33 18
5.879858 2.532868 2.710020 50 49 44
10.018506 5.061769 3.925033 50 49 44
18.295801 10.119571 6.355057 50 49 44
34.850391 20.235174 11.215107 50 49 44
5.949874 2.405381 2.728038 51 47 44
10.158538 4.806796 3.961068 51 47 44
18.575865 9.609624 6.427128 51 47 44
35.410519 19.215281 11.359249 51 47 44
6.018382 2.271564 2.745533 46 50 52
10.295553 4.539160 3.996057 46 50 52
18.849895 9.074353 6.497107 46 50 52
35.958580 18.144739 11.499205 46 50 52
6.084929 2.131383 2.762374 55 59 60
10.428646 4.258799 4.029740 55 59 60
19.116081 8.513631 6.564473 55 59 60
36.490952 17.023294 11.633938 55 59 60
6.149031 1.984867 2.778426 73 71 76
10.556850 3.965766 4.061844 73 71 76
19.372490 7.927565 6.628680 73 71 76
37.003769 15.851162 11.762352 73 71 76
6.210182 1.832108 2.793545 179 179 181
10.679153 3.660248 4.092083 179 179 181
19.617096 7.316529 6.689158 179 179 181
37.492981 14.629091 11.883308 179 179 181
6.267859 1.673277 2.807586 175 174 179
10.794507 3.342587 4.120164 175 174 179
19.847803 6.681206 6.745321 175 174 179
37.954395 13.358445 11.995634 175 174 179
6.321532 1.508625 2.820401 157 160 171
10.901853 3.013283 4.145793 157 160 171
20.062494 6.022599 6.796579 157 160 171
38.383778 12.041230 12.098150 157 160 171
6.370673 1.338489 2.831845 147 156 171
11.000135 2.673011 4.168682 147 156 171
20.259060 5.342055 6.842355 147 156 171
38.776909 10.680142 12.189703 147 156 171
6.414772 1.163293 2.841779 149 156 169
11.088333 2.322619 4.188550 149 156 169
20.435455 4.641272 6.882092 149 156 169
39.129700 9.278576 12.269176 149 156 169
6.453346 0.983550 2.850074 160 167 177
11.165481 1.963132 4.205139 160 167 177
20.589750 3.922297 6.915271 160 167 177
39.438290 7.840628 12.335533 160 167 177
6.485955 0.799854 2.856613 160 167 171
11.230699 1.595741 4.218217 160 167 171
20.720186 3.187515 6.941427 160 167 171
39.699162 6.371062 12.387846 160 167 171
6.512216 0.612878 2.861297 165 168 177
11.283220 1.221790 4.227586 165 168 177
20.825230 2.439612 6.960164 165 168 177
39.909248 4.875257 12.425320 165 168 177
6.531810 0.423361 2.864047 172 175 178
11.322409 0.842755 4.233086 172 175 178
20.903606 1.681543 6.971163 172 175 178
40.066002 3.359118 12.447319 172 175 178
6.544502 0.232094 2.864807 200 200 196
11.347794 0.460221 4.234607 200 200 196
20.954376 0.916475 6.974205 200 200 196
40.167542 1.828983 12.453402 200 200 196
6.550141 0.039907 2.863547 199 197 198
11.359071 0.075847 4.232087 199 197 198
20.976931 0.147727 6.969165 199 197 198
40.212650 0.291486 12.443323 199 197 198
6.548668 -0.152351 2.860263 202 198 197
11.356125 -0.308670 4.225519 202 198 197
20.971039 -0.621307 6.956029 202 198 197
40.200867 -1.246581 12.417051 202 198 197
6.540119 -0.343831 2.854978 179 178 178
11.339026 -0.691628 4.214948 179 178 178
20.936842 -1.387224 6.934888 179 178 178
40.132473 -2.778415 12.374767 179 178 178
6.524623 -0.533698 2.847740 184 182 183
11.308035 -1.071363 4.200473 184 182 183
20.874859 -2.146693 6.905938 184 182 183
40.008507 -4.297352 12.316868 184 182 183
6.502397 -0.721156 2.838624 218 214 211
11.263583 -1.446279 4.182241 218 214 211
20.785955 -2.896525 6.869474 218 214 211
39.830700 -5.797018 12.243940 218 214 211
6.473738 -0.905458 2.827725 224 220 217
11.206264 -1.814884 4.160442 224 220 217
20.671318 -3.633735 6.825877 224 220 217
39.601425 -7.271438 12.156746 224 220 217
6.439013 -1.085924 2.815158 201 200 196
11.136815 -2.175815 4.135307 201 200 196
20.532419 -4.355598 6.775607 201 200 196
39.323627 -8.715163 12.056206 201 200 196
6.398647 -1.261946 2.801052 178 178 180
11.056083 -2.527860 4.107096 178 178 180
20.370955 -5.059688 6.719183 178 178 180
39.000698 -10.123343 11.943359 178 178 180
6.353111 -1.433003 2.785549 172 175 177
10.965011 -2.869973 4.076090 172 175 177
20.188810 -5.743913 6.657173 172 175 177
38.636410 -11.491794 11.819338 172 175 177
6.302906 -1.598657 2.768798 173 171 174
10.864600 -3.201281 4.042589 173 171 174
19.987989 -6.406529 6.590170 173 171 174
38.234768 -12.817025 11.685331 173 171 174
6.248549 -1.758559 2.750953 162 165 167
10.755888 -3.521085 4.006898 162 165 167
19.770565 -7.046137 6.518788 162 165 167
37.799919 -14.096242 11.542568 162 165 167
6.190570 -1.912447 2.732166 130 144 157
10.639929 -3.828861 3.969325 130 144 157
19.538647 -7.661690 6.443641 130 144 157
37.336082 -15.327348 11.392275 130 144 157
6.129486 -2.060139 2.712589 142 149 154
10.517761 -4.124246 3.930170 142 149 154
19.294312 -8.252460 6.365331 142 149 154
36.847412 -16.508886 11.235655 142 149 154
6.065804 -2.201531 2.692366 143 148 151
10.390398 -4.407029 3.889724 143 148 151
19.039585 -8.818026 6.284441 143 148 151
36.337959 -17.640018 11.073874 143 148 151
6.000009 -2.336585 2.671637 137 141 142
10.258807 -4.677137 3.848266 137 141 142
18.776403 -9.358241 6.201523 137 141 142
35.811596 -18.720449 10.908039 137 141 142
5.932555 -2.465324 2.650530 133 135 134
10.123899 -4.934615 3.806051 133 135 134
18.506588 -9.873198 6.117095 133 135 134
35.271965 -19.750362 10.739182 133 135 134
5.838352 2.674505 2.535039 29 30 25
9.935493 5.345042 3.575070 29 30 25
18.129774 10.686116 5.655132 29 30 25
34.518337 21.368265 9.815256 29 30 25
5.910973 2.553069 2.551023 45 42 35
10.080734 5.102170 3.607039 45 42 35
18.420258 10.200373 5.719070 45 42 35
35.099304 20.396778 9.943132 45 42 35
5.982532 2.425282 2.566657 52 49 44
10.223853 4.846596 3.638306 52 49 44
18.706495 9.689225 5.781603 52 49 44
35.671780 19.374483 10.068199 52 49 44
6.052599 2.291050 2.581832 55 52 47
10.363987 4.578133 3.668655 55 52 47
18.986763 9.152298 5.842303 55 52 47
36.232315 18.300629 10.189598 55 52 47
6.120706 2.150333 2.596434 55 51 48
10.500201 4.296698 3.697859 55 51 48
19.259192 8.589429 5.900711 55 51 48
36.777172 17.174891 10.306414 55 51 48
6.186356 2.003148 2.610341 64 64 64
10.631500 4.002329 3.725673 64 64 64
19.521790 8.000691 5.956339 64 64 64
37.302368 15.997416 10.417669 64 64 64
6.249022 1.849586 2.623426 78 78 78
10.756833 3.695205 3.751845 78 78 78
19.772455 7.386444 6.008682 78 78 78
37.803699 14.768920 10.522356 78 78 78
6.308164 1.689813 2.635561 185 183 184
10.875117 3.375659 3.776114 185 183 184
20.009024 6.747351 6.057220 185 183 184
38.276836 13.490734 10.619431 185 183 184
6.363231 1.524079 2.646613 179 179 181
10.985250 3.044190 3.798218 179 179 181
20.229290 6.084413 6.101427 179 179 181
38.717369 12.164859 10.707846 179 179 181
6.413673 1.352722 2.656453 172 179 187
11.086136 2.701477 3.817898 172 179 187
20.431061 5.398986 6.140788 172 179 187
39.120911 10.794004 10.786568 172 179 187
6.458960 1.176173 2.664958 177 176 180
11.176708 2.348378 3.834907 177 176 180
20.612206 4.692789 6.174806 177 176 180
39.483200 9.381611 10.854603 177 176 180
6.498585 0.994953 2.672011 183 182 186
11.255960 1.985938 3.849014 183 182 186
20.770708 3.967908 6.203020 183 182 186
39.800205 7.931849 10.911032 183 182 186
6.532091 0.809669 2.677510 189 189 189
11.322971 1.615372 3.860012 189 189 189
20.904732 3.226776 6.225016 189 189 189
40.068253 6.449584 10.955025 189 189 189
6.559074 0.621011 2.681366 181 180 182
11.376938 1.238056 3.867724 181 180 182
21.012665 2.472144 6.240440 181 180 182
40.284119 4.940320 10.985872 181 180 182
6.579205 0.429736 2.683509 185 183 184
11.417199 0.855505 3.872011 185 183 184
21.093187 1.707044 6.249013 185 183 184
40.445164 3.410120 11.003019 185 183 184
6.592233 0.236658 2.683891 207 203 200
11.443254 0.469348 3.872773 207 203 200
21.145298 0.934729 6.250539 207 203 200
40.549385 1.865492 11.006069 207 203 200
6.598001 0.042629 2.682484 206 202 199
11.454790 0.081290 3.869960 206 202 199
21.168369 0.158613 6.244912 206 202 199
40.595528 0.313259 10.994816 206 202 199
6.596447 -0.151477 2.679287 213 210 205
11.451683 -0.306922 3.863566 213 210 205
21.162155 -0.617810 6.232124 213 210 205
40.583099 -1.239588 10.969240 213 210 205
6.587611 -0.344785 2.674322 213 209 206
11.434011 -0.693537 3.853636 213 209 206
21.126810 -1.391041 6.212263 213 209 206
40.512409 -2.786050 10.929518 213 209 206
6.571627 -0.536438 2.667634 221 217 214
11.402042 -1.076843 3.840260 221 217 214
21.062874 -2.157653 6.185512 221 217 214
40.384537 -4.319273 10.876015 221 217 214
6.548721 -0.725616 2.659290 197 196 192
11.356231 -1.455200 3.823573 197 196 192
20.971251 -2.914366 6.152137 197 196 192
40.201290 -5.832700 10.809267 197 196 192
6.519207 -0.911554 2.649379 184 182 183
11.297204 -1.827075 3.803750 184 182 183
20.853197 -3.658118 6.112492 184 182 183
39.965183 -7.320204 10.729977 184 182 183
6.483469 -1.093553 2.638003 191 189 190
11.225726 -2.191073 3.780999 191 189 190
20.710241 -4.386114 6.066990 191 189 190
39.679272 -8.776196 10.638971 191 189 190
6.441951 -1.270994 2.625282 200 199 195
11.142691 -2.545955 3.755556 200 199 195
20.544170 -5.095877 6.016103 200 199 195
39.347130 -10.195721 10.537199 200 199 195
6.395144 -1.443343 2.611341 195 193 194
11.049078 -2.890652 3.727675 195 193 194
20.356945 -5.785272 5.960342 195 193 194
38.972679 -11.574512 10.425676 195 193 194
6.343572 -1.610157 2.596317 160 168 181
10.945932 -3.224281 3.697626 160 168 181
20.150654 -6.452529 5.900243 160 168 181
38.560097 -12.909025 10.305479 160 168 181
6.287774 -1.771084 2.580345 162 167 175
10.834337 -3.546136 3.665682 162 167 175
19.927464 -7.096239 5.836357 162 167 175
38.113716 -14.196445 10.177706 162 167 175
6.228298 -1.925863 2.563564 140 153 161
10.715384 -3.855692 3.632119 140 153 161
19.689558 -7.715352 5.769230 140 153 161
37.637905 -15.434671 10.043453 140 153 161
6.165682 -2.074312 2.546107 138 148 157
10.590154 -4.152592 3.597206 138 148 157
19.439096 -8.309151 5.699404 138 148 157
37.136982 -16.622269 9.903801 138 148 157
6.100451 -2.216333 2.528104 133 143 147
10.459692 -4.436633 3.561201 133 143 147
19.178173 -8.877234 5.627393 133 143 147
36.615135 -17.758434 9.759779 133 143 147
6.033106 -2.351895 2.509679 131 139 141
10.325001 -4.707757 3.524349 131 139 141
18.908791 -9.419482 5.553690 131 139 141
36.076370 -18.842932 9.612373 131 139 141
5.964114 -2.481029 2.490944 125 129 130
10.187016 -4.966025 3.486880 125 129 130
18.632822 -9.936017 5.478751 125 129 130
35.524433 -19.876001 9.462495 125 129 130
5.864020 2.692353 2.375364 28 25 20
9.986830 5.380739 3.255720 28 25 20
18.232449 10.757511 5.016433 28 25 20
34.723686 21.511055 8.537857 28 25 20
5.937967 2.570766 2.388755 48 52 52
10.134723 5.137565 3.282503 48 52 52
18.528234 10.271163 5.069998 48 52 52
35.315258 20.538359 8.644987 48 52 52
6.010877 2.442738 2.401844 72 76 75
10.280543 4.881508 3.308680 72 76 75
18.819876 9.759048 5.122351 72 76 75
35.898540 19.514130 8.749695 72 76 75
6.082310 2.308165 2.414538 73 77 78
10.423409 4.612363 3.334068 73 77 78
19.105606 9.220758 5.173127 73 77 78
36.470001 18.437550 8.851247 73 77 78
6.151786 2.167000 2.426739 47 48 43
10.562361 4.330033 3.358470 47 48 43
19.383511 8.656099 5.221932 47 48 43
37.025810 17.308231 8.948856 47 48 43
6.218792 2.019255 2.438343 52 51 49
10.696373 4.034543 3.381677 52 51 49
19.651535 8.065118 5.268347 52 51 49
37.561859 16.126268 9.041685 52 51 49
6.282791 1.865013 2.449240 64 61 56
10.824370 3.726059 3.403471 64 61 56
19.907530 7.448151 5.311935 64 61 56
38.073849 14.892335 9.128862 64 61 56
6.343222 1.704439 2.459319 86 86 88
10.945232 3.404910 3.423629 86 86 88
20.149254 6.805853 5.352251 86 86 88
38.557297 13.607739 9.209494 86 86 88
6.399515 1.537780 2.468466 179 178 174
11.057819 3.071592 3.441924 179 178 174
20.374428 6.139217 5.388841 179 178 174
39.007645 12.274467 9.282673 179 178 174
6.451104 1.365377 2.476571 183 182 178
11.160997 2.726787 3.458135 183 182 178
20.580784 5.449607 5.421261 183 182 178
39.420357 10.895247 9.347515 183 182 178
6.497437 1.187666 2.483528 179 177 177
11.253664 2.371365 3.472047 179 177 177
20.766117 4.738762 5.449086 179 177 177
39.791023 9.473557 9.403164 179 177 177
6.537991 1.005174 2.489235 184 183 179
11.334770 2.006381 3.483463 184 183 179
20.928329 4.008795 5.471917 184 183 179
40.115448 8.013622 9.448826 184 183 179
6.572288 0.818522 2.493606 196 192 189
11.403364 1.633076 3.492204 196 192 189
21.065517 3.262186 5.489400 196 192 189
40.389824 6.520404 9.483792 196 192 189
6.599910 0.628411 2.496564 205 201 198
11.458610 1.252854 3.498120 205 201 198
21.176008 2.501741 5.501233 205 201 198
40.610806 4.999514 9.507458 205 201 198
6.620512 0.435615 2.498050 207 203 200
11.499814 0.867263 3.501092 207 203 200
21.258417 1.730558 5.507175 207 203 200
40.775623 3.457150 9.519342 207 203 200
6.633837 0.240968 2.498023 209 205 202
11.526464 0.477969 3.501037 209 205 202
21.311716 0.951971 5.507066 209 205 202
40.882221 1.899975 9.519125 209 205 202
6.639719 0.045344 2.496461 206 202 199
11.538226 0.086720 3.497913 206 202 199
21.335241 0.169472 5.500819 206 202 199
40.929272 0.334977 9.506630 206 202 199
6.638094 -0.150364 2.493364 205 201 198
11.534978 -0.304695 3.491720 205 201 198
21.328745 -0.613356 5.488432 205 201 198
40.916279 -1.230680 9.481855 205 201 198
6.629004 -0.345256 2.488753 208 204 201
11.516796 -0.694480 3.482498 208 204 201
21.292381 -1.392928 5.469989 208 204 201
40.843552 -2.789823 9.444969 208 204 201
6.612586 -0.538457 2.482669 205 201 198
11.483962 -1.080881 3.470331 205 201 198
21.226713 -2.165730 5.445654 205 201 198
40.712215 -4.335426 9.396299 205 201 198
6.589081 -0.729126 2.475173 219 214 210
11.436952 -1.462220 3.455338 219 214 210
21.132692 -2.928407 5.415669 219 214 210
40.524174 -5.860782 9.336330 219 214 210
6.558813 -0.916481 2.466342 232 227 223
11.376415 -1.836929 3.437676 232 227 223
21.011620 -3.677825 5.380343 232 227 223
40.282028 -7.359618 9.265679 232 227 223
6.522180 -1.099807 2.456267 195 191 188
11.303148 -2.203582 3.417526 195 191 188
20.865086 -4.411131 5.340044 195 191 188
39.988960 -8.826229 9.185081 195 191 188
6.479645 -1.278474 2.445052 240 235 231
11.218079 -2.560916 3.395097 240 235 231
20.694946 -5.125799 5.295185 240 235 231
39.648682 -10.255565 9.095362 240 235 231
6.431719 -1.451940 2.432809 197 193 190
11.122227 -2.907847 3.370611 197 193 190
20.503242 -5.819661 5.246213 197 193 190
39.265274 -11.643290 8.997418 197 193 190
6.378942 -1.619756 2.419655 174 178 179
11.016674 -3.243479 3.344302 174 178 179
20.292137 -6.490924 5.193597 174 178 179
38.843063 -12.985816 8.892185 174 178 179
6.321876 -1.781567 2.405710 201 201 201
10.902541 -3.567101 3.316411 201 201 201
20.063871 -7.138169 5.137814 201 201 201
38.386532 -14.280305 8.780620 201 201 201
6.261085 -1.937110 2.391091 154 165 166
10.780958 -3.878188 3.287174 154 165 166
19.820705 -7.760343 5.079340 154 165 166
37.900200 -15.524653 8.663671 154 165 166
6.197124 -2.086210 2.375916 140 154 163
10.653036 -4.176387 3.256824 140 154 163
19.564861 -8.356741 5.018640 140 154 163
37.388512 -16.717449 8.542273 140 154 163
6.130534 -2.228770 2.360296 135 152 159
10.519857 -4.461507 3.225585 135 152 159
19.298504 -8.926981 4.956161 135 152 159
36.855797 -17.857929 8.417315 135 152 159
6.061830 -2.364765 2.344337 160 162 161
10.382448 -4.733498 3.193667 160 162 161
19.023685 -9.470963 4.892325 160 162 161
36.306160 -18.945894 8.289642 160 162 161
5.991491 -2.494235 2.328137 192 188 185
10.241772 -4.992437 3.161265 192 188 185
18.742332 -9.988841 4.827523 192 188 185
35.743454 -19.981649 8.160038 192 188 185
5.885529 2.707502 2.213013 27 26 21
10.029846 5.411036 2.931017 27 26 21
18.318481 10.818106 4.367027 27 26 21
34.895752 21.632244 7.239046 27 26 21
5.960591 2.585804 2.223672 38 40 35
10.179971 5.167642 2.952337 38 40 35
18.618731 10.331316 4.409665 38 40 35
35.496250 20.658665 7.324323 38 40 35
6.034638 2.457590 2.234076 76 80 79
10.328065 4.911212 2.973143 76 80 79
18.914919 9.818458 4.451278 76 80 79
36.088627 19.632948 7.407548 76 80 79
6.107221 2.322749 2.244147 82 86 85
10.473230 4.641531 2.993286 82 86 85
19.205250 9.279094 4.491565 82 86 85
36.669289 18.554220 7.488121 82 86 85
6.177851 2.181226 2.253806 59 60 62
10.614491 4.358485 3.012604 59 60 62
19.487770 8.713002 4.530200 59 60 62
37.234329 17.422037 7.565392 59 60 62
6.246003 2.033028 2.262966 32 34 33
10.750795 4.062089 3.030925 32 34 33
19.760380 8.120211 4.566841 32 34 33
37.779549 16.236454 7.638674 32 34 33
6.311126 1.878234 2.271538 45 46 41
10.881041 3.752501 3.048069 45 46 41
20.020870 7.501036 4.601129 45 46 41
38.300529 14.998104 7.707250 45 46 41
6.372645 1.717005 2.279430 91 93 92
11.004080 3.430043 3.063851 91 93 92
20.266949 6.856118 4.632694 91 93 92
38.792686 13.708268 7.770381 91 93 92
6.429976 1.549588 2.286548 190 186 183
11.118742 3.095208 3.078088 190 186 183
20.496273 6.186449 4.661168 190 186 183
39.251335 12.368931 7.827328 190 186 183
6.482535 1.376324 2.292802 189 185 186
11.223860 2.748681 3.090596 189 185 186
20.706509 5.493395 4.686184 189 185 186
39.671806 10.982823 7.877360 189 185 186
6.529755 1.197653 2.298104 193 192 188
11.318298 2.391339 3.101201 193 192 188
20.895386 4.778711 4.707394 193 192 188
40.049561 9.553455 7.919779 193 192 188
6.571094 1.014110 2.302374 186 185 181
11.400977 2.024252 3.109740 186 185 181
21.060743 4.044537 4.724472 186 185 181
40.380276 8.085106 7.953936 186 185 181
6.606062 0.826322 2.305538 203 200 195
11.470913 1.648677 3.116069 203 200 195
21.200615 3.293386 4.737130 203 200 195
40.660019 6.582804 7.979251 203 200 195
6.634225 0.635004 2.307537 214 211 206
11.527240 1.266041 3.120065 214 211 206
21.313269 2.528114 4.745122 214 211 206
40.885326 5.052261 7.995237 214 211 206
6.655229 0.440944 2.308321 213 210 205
11.569246 0.877921 3.121633 213 210 205
21.397282 1.751875 4.748259 213 210 205
41.053352 3.499783 8.001509 213 210 205
6.668804 0.244992 2.307858 209 206 201
11.596397 0.486016 3.120709 209 206 201
21.451584 0.968065 4.746410 209 206 201
41.161957 1.932163 7.997812 209 206 201
6.674783 0.048038 2.306134 209 206 201
11.608355 0.092108 3.117261 209 206 201
21.475498 0.180249 4.739513 209 206 201
41.209785 0.356531 7.984019 209 206 201
6.673098 -0.149004 2.303150 205 201 198
11.604984 -0.301976 3.111292 205 201 198
21.468758 -0.607918 4.727576 205 201 198
41.196304 -1.219804 7.960145 205 201 198
6.663791 -0.345219 2.298925 212 209 204
11.586370 -0.694405 3.102842 212 209 204
21.431530 -1.392777 4.710676 212 209 204
41.121849 -2.789521 7.926344 212 209 204
6.647007 -0.539710 2.293495 211 208 203
11.552802 -1.083387 3.091982 211 208 203
21.364393 -2.170742 4.688956 211 208 203
40.987576 -4.345451 7.882905 211 208 203
6.622993 -0.731623 2.286913 198 197 193
11.504774 -1.467214 3.078818 198 197 193
21.268337 -2.938394 4.662628 198 197 193
40.795464 -5.880756 7.830248 198 197 193
6.592083 -0.920159 2.279244 216 213 208
11.442955 -1.844285 3.063481 216 213 208
21.144699 -3.692537 4.631953 216 213 208
40.548187 -7.389042 7.768898 216 213 208
6.554692 -1.104592 2.270567 194 193 189
11.368174 -2.213151 3.046127 194 193 189
20.995136 -4.430270 4.597245 194 193 189
40.249062 -8.864508 7.699482 194 193 189
6.511297 -1.284281 2.260969 188 187 183
11.281383 -2.572530 3.026930 188 187 183
20.821554 -5.149026 4.558852 188 187 183
39.901897 -10.302020 7.622695 188 187 183
6.462422 -1.458677 2.250543 194 193 189
11.183634 -2.921321 3.006079 194 193 189
20.626057 -5.846610 4.517149 194 193 189
39.510902 -11.697186 7.539290 194 193 189
6.408628 -1.627326 2.239388 174 174 174
11.076044 -3.258620 2.983768 174 174 174
20.410877 -6.521207 4.472529 174 174 174
39.080544 -13.046381 7.450050 174 174 174
6.350489 -1.789873 2.227603 215 216 210
10.959767 -3.583712 2.960199 215 216 210
20.178324 -7.171392 4.425389 215 216 210
38.615437 -14.346751 7.355771 215 216 210
6.288587 -1.946053 2.215288 207 207 199
10.835962 -3.896072 2.935567 207 207 199
19.930714 -7.796112 4.376126 207 207 199
38.120216 -15.596191 7.257245 207 207 199
6.223491 -2.095692 2.202537 160 160 160
10.705770 -4.195352 2.910066 160 160 160
19.670330 -8.394670 4.325124 160 160 160
37.599449 -16.793308 7.155241 160 160 160
6.155756 -2.238699 2.189444 139 143 142
10.570300 -4.481365 2.883880 139 143 142
19.399389 -8.966698 4.272752 139 143 142
37.057568 -17.937363 7.050497 139 143 142
6.085906 -2.375054 2.176095 135 139 138
10.430601 -4.754076 2.857182 135 139 138
19.119991 -9.512118 4.219357 135 139 138
36.498772 -19.028204 6.943705 135 139 138
6.014434 -2.504802 2.162570 133 137 136
10.287658 -5.013571 2.830133 133 137 136
18.834105 -10.031109 4.165257 133 137 136
35.926998 -20.066185 6.835507 133 137 136
5.902682 2.719819 2.048463 23 22 17
10.064153 5.435670 2.601918 23 22 17
18.387094 10.867373 3.708827 23 22 17
35.032978 21.730778 5.922647 23 22 17
5.978630 2.598048 2.056275 46 43 36
10.216049 5.192128 2.617543 46 43 36
18.690887 10.380289 3.740078 46 43 36
35.640564 20.756611 5.985148 46 43 36
6.053582 2.469701 2.063877 50 47 40
10.365953 4.935435 2.632745 50 47 40
18.990696 9.866902 3.770482 50 47 40
36.240181 19.729837 6.045956 50 47 40
6.127080 2.334662 2.071208 46 43 38
10.512950 4.665358 2.647407 46 43 38
19.284689 9.326748 3.799807 46 43 38
36.828167 18.649529 6.104605 46 43 38
6.198629 2.192872 2.078206 54 51 44
10.656048 4.381777 2.661404 54 51 44
19.570885 8.759586 3.827801 54 51 44
37.400558 17.515205 6.160594 54 51 44
6.267694 2.044331 2.084806 55 56 50
10.794178 4.084695 2.674604 55 56 50
19.847145 8.165422 3.854200 55 56 50
37.953079 16.326878 6.213392 55 56 50
6.333714 1.889115 2.090938 46 41 38
10.926216 3.774263 2.686868 46 41 38
20.111221 7.544559 3.878729 46 41 38
38.481232 15.085152 6.262449 46 41 38
6.396102 1.727383 2.096532 110 114 113
11.050993 3.450798 2.698056 110 114 113
20.360775 6.897628 3.901104 110 114 113
38.980339 13.791289 6.307200 110 114 113
6.454261 1.559379 2.101516 172 172 170
11.167311 3.114791 2.708025 172 172 170
20.593410 6.225615 3.921042 172 172 170
39.445610 12.447262 6.347076 172 172 170
6.507595 1.385448 2.105822 188 187 183
11.273979 2.766929 2.716636 188 187 183
20.806747 5.529890 3.938265 188 187 183
39.872284 11.055813 6.381521 188 187 183
6.555522 1.206030 2.109383 198 194 191
11.369833 2.408093 2.723757 198 194 191
20.998455 4.812219 3.952506 198 194 191
40.255699 9.620470 6.410004 198 194 191
6.597489 1.021666 2.112136 188 187 183
11.453768 2.039364 2.729264 188 187 183
21.166325 4.074760 3.963521 188 187 183
40.591438 8.145554 6.432034 188 187 183
6.632993 0.832990 2.114029 184 183 179
11.524776 1.662013 2.733050 184 183 179
21.308340 3.320059 3.971092 184 183 179
40.875469 6.636151 6.447177 184 183 179
6.661590 0.640727 2.115016 186 185 181
11.581968 1.277486 2.735023 186 185 181
21.422726 2.551005 3.975038 186 185 181
41.104240 5.098043 6.455069 186 185 181
6.682914 0.445675 2.115061 186 185 181
11.624617 0.887383 2.735114 186 185 181
21.508022 1.770799 3.975220 186 185 181
41.274834 3.537631 6.455432 186 185 181
6.696691 0.248697 2.114143 183 182 178
11.652170 0.493427 2.733277 183 182 178
21.563129 0.982887 3.971547 183 182 178
41.385048 1.961806 6.448086 183 182 178
6.702745 0.050698 2.112251 198 195 190
11.664280 0.097428 2.729494 198 195 190
21.587349 0.190889 3.963980 198 195 190
41.433487 0.377810 6.432953 198 195 190
6.701012 -0.147395 2.109390 184 181 176
11.660812 -0.298757 2.723773 184 181 176
21.580414 -0.601482 3.952538 184 181 176
41.419617 -1.206931 6.410067 184 181 176
6.691531 -0.344651 2.105578 179 178 174
11.641850 -0.693269 2.716148 179 178 174
21.542490 -1.390505 3.937288 179 178 174
41.343769 -2.784976 6.379567 179 178 174
6.674454 -0.540160 2.100845 184 183 179
11.607697 -1.084287 2.706681 184 183 179
21.474184 -2.172541 3.918355 184 183 179
41.207157 -4.349049 6.341702 184 183 179
6.650033 -0.733053 2.095234 173 172 168
11.558854 -1.470074 2.695460 173 172 168
21.376497 -2.944115 3.895911 173 172 168
41.011784 -5.892198 6.296814 173 172 168
6.618611 -0.922521 2.088799 172 172 170
11.496011 -1.849010 2.682589 172 172 170
21.250811 -3.701987 3.870170 172 172 170
40.760410 -7.407941 6.245332 172 172 170
6.580614 -1.107828 2.081602 162 162 162
11.420016 -2.219623 2.668195 162 162 162
21.098822 -4.443213 3.841383 162 162 162
40.456432 -8.890392 6.187757 162 162 162
6.536530 -1.288324 2.073713 153 155 154
11.331848 -2.580614 2.652417 153 155 154
20.922485 -5.165196 3.809826 153 155 154
40.103760 -10.334359 6.124644 153 155 154
6.486898 -1.463454 2.065206 150 150 150
11.232586 -2.930875 2.635403 150 150 150
20.723961 -5.865717 3.775799 150 150 150
39.706711 -11.735401 6.056590 150 150 150
6.432291 -1.632762 2.056158 154 156 155
11.123371 -3.269491 2.617308 154 156 155
20.505531 -6.542949 3.739609 154 156 155
39.269852 -13.089866 5.984210 154 156 155
6.373296 -1.795889 2.046648 204 201 194
11.005382 -3.595744 2.598288 204 201 194
20.269552 -7.195456 3.701567 204 201 194
38.797894 -14.394879 5.908127 204 201 194
6.310507 -1.952572 2.036752 201 198 191
10.879804 -3.909111 2.578496 201 198 191
20.018396 -7.822190 3.661985 201 198 191
38.295582 -15.648347 5.828961 201 198 191
6.244507 -2.102639 2.026546 160 161 156
10.747804 -4.209246 2.558083 160 161 156
19.754396 -8.422459 3.621159 160 161 156
37.767582 -16.848885 5.747309 160 161 156
6.175859 -2.246001 2.016100 151 153 148
10.610508 -4.495969 2.537191 151 153 148
19.479805 -8.995906 3.579375 151 153 148
37.218399 -17.995779 5.663741 151 153 148
6.105098 -2.382642 2.005481 130 134 133
10.468986 -4.769251 2.515954 130 134 133
19.196760 -9.542470 3.536899 130 134 133
36.652309 -19.088907 5.578790 130 134 133
6.032724 -2.512611 1.994750 120 124 123
10.324238 -5.029190 2.494493 120 124 123
18.907265 -10.062346 3.493978 120 124 123
36.073318 -20.128660 5.492948 120 124 123
5.915320 2.729196 1.882227 25 22 15
10.089430 5.454425 2.269446 25 22 15
18.437649 10.904883 3.043884 25 22 15
35.134087 21.805799 4.592760 25 22 15
5.991913 2.607387 1.887104 37 40 33
10.242615 5.210807 2.279200 37 40 33
18.744019 10.417647 3.063393 37 40 33
35.746826 20.831327 4.631778 37 40 33
6.067521 2.478960 1.891813 44 41 36
10.393831 4.953952 2.288617 44 41 36
19.046452 9.903936 3.082226 44 41 36
36.351692 19.803905 4.669445 44 41 36
6.141685 2.343793 1.896312 51 48 40
10.542158 4.683619 2.297616 51 48 40
19.343105 9.363271 3.100223 51 48 40
36.945000 18.722574 4.705438 51 48 40
6.213901 2.201824 1.900559 55 52 45
10.686590 4.399682 2.306109 55 52 45
19.631969 8.795396 3.117210 55 52 45
37.522728 17.586824 4.739413 55 52 45
6.283629 2.053051 1.904507 58 55 48
10.826048 4.102134 2.314007 58 55 48
19.910885 8.200301 3.133006 58 55 48
38.080559 16.396635 4.771004 58 55 48
6.350301 1.897546 1.908111 120 105 74
10.959391 3.791124 2.321215 120 105 74
20.177570 7.578280 3.147422 120 105 74
38.613930 15.152594 4.799835 120 105 74
6.413321 1.735464 1.911322 69 64 58
11.085430 3.466960 2.327636 69 64 58
20.429649 6.929953 3.160264 69 64 58
39.118088 13.855939 4.825521 69 64 58
6.472082 1.567052 1.914092 155 157 156
11.202952 3.130136 2.333176 155 157 156
20.664694 6.256305 3.171343 155 157 156
39.588177 12.508642 4.847678 155 157 156
6.525979 1.392652 1.916374 162 162 162
11.310747 2.781337 2.337739 162 162 162
20.880283 5.558708 3.180471 162 162 162
40.019356 11.113448 4.865934 162 162 162
6.574421 1.212709 1.918124 167 165 166
11.407631 2.421450 2.341240 167 165 166
21.074051 4.838933 3.187472 167 165 166
40.406891 9.673900 4.879935 167 165 166
6.616846 1.027764 1.919302 162 162 160
11.492481 2.051561 2.343596 162 162 160
21.243752 4.099155 3.192184 162 162 160
40.746292 8.194344 4.889361 162 162 160
6.652739 0.838460 1.919873 164 164 164
11.564267 1.672952 2.344738 164 164 164
21.387323 3.341937 3.194468 164 164 164
41.033436 6.679906 4.893929 164 164 164
6.681651 0.645524 1.919809 161 161 161
11.622091 1.287081 2.344609 161 161 161
21.502972 2.570195 3.194210 161 161 161
41.264732 5.136423 4.893412 161 161 161
6.703208 0.449766 1.919087 152 152 152
11.665205 0.895565 2.343166 152 152 152
21.589199 1.787162 3.191325 152 152 152
41.437187 3.570358 4.887641 152 152 152
6.717132 0.252056 1.917697 160 160 158
11.693052 0.500145 2.340386 160 160 158
21.644894 0.996322 3.185764 160 160 158
41.548576 1.988677 4.876520 160 160 158
6.723243 0.053309 1.915635 157 157 155
11.705275 0.102651 2.336262 157 157 155
21.669338 0.201335 3.177516 157 157 155
41.597466 0.398702 4.860023 157 157 155
6.721473 -0.145536 1.912907 151 151 151
11.701735 -0.295039 2.330806 151 151 151
21.662258 -0.594045 3.166605 151 151 151
41.583305 -1.192058 4.838201 151 151 151
6.711866 -0.343538 1.909530 146 146 146
11.682521 -0.691044 2.324051 146 146 146
21.623831 -1.386055 3.153095 146 146 146
41.506451 -2.776078 4.811181 146 146 146
6.694574 -0.539778 1.905527 143 145 144
11.647938 -1.083523 2.316046 143 145 144
21.554665 -2.171014 3.137085 143 145 144
41.368118 -4.345994 4.779161 143 145 144
6.669857 -0.733377 1.900933 135 136 138
11.598502 -1.470721 2.306858 135 136 138
21.455793 -2.945409 3.118708 135 136 138
41.170376 -5.894785 4.742407 135 136 138
6.638062 -0.923516 1.895787 129 133 134
11.534914 -1.850999 2.296566 129 133 134
21.328617 -3.705964 3.098124 129 133 134
40.916023 -7.415896 4.701240 129 133 134
6.599624 -1.109452 1.890135 151 153 152
11.458036 -2.222871 2.285263 151 153 152
21.174862 -4.449710 3.075518 151 153 152
40.608513 -8.903387 4.656027 151 153 152
6.555038 -1.290530 1.884029 146 146 146
11.368866 -2.585028 2.273049 146 146 146
20.996521 -5.174024 3.051091 146 146 146
40.251831 -10.352015 4.607173 146 146 146
6.504856 -1.466192 1.877520 132 136 137
11.268501 -2.936351 2.260033 132 136 137
20.795792 -5.876670 3.025057 132 136 137
39.850372 -11.757307 4.555106 132 136 137
6.449656 -1.635977 1.870665 133 137 138
11.158102 -3.275922 2.246323 133 137 138
20.574993 -6.555811 2.997637 133 137 138
39.408775 -13.115589 4.500266 133 137 138
6.390039 -1.799526 1.863519 143 147 146
11.038868 -3.603020 2.232029 143 147 146
20.336525 -7.210007 2.969050 143 147 146
38.931839 -14.423981 4.443093 143 147 146
6.326607 -1.956577 1.856135 146 149 148
10.912003 -3.917121 2.217261 146 149 148
20.082794 -7.838209 2.939515 146 149 148
38.424377 -15.680386 4.384021 146 149 148
6.259949 -2.106957 1.848565 140 144 143
10.778687 -4.217882 2.202123 140 144 143
19.816164 -8.439731 2.909237 140 144 143
37.891117 -16.883429 4.323466 140 144 143
6.190638 -2.250580 1.840860 153 154 149
10.640065 -4.505128 2.186712 153 154 149
19.538919 -9.014223 2.878416 153 154 149
37.336628 -18.032413 4.261823 153 154 149
6.119215 -2.387434 1.833064 144 146 141
10.497219 -4.778834 2.171121 144 146 141
19.253227 -9.561636 2.847233 144 146 141
36.765244 -19.127239 4.199458 144 146 141
6.046186 -2.517569 1.825220 114 116 111
10.351162 -5.039106 2.155433 114 116 111
18.961113 -10.082179 2.815857 114 116 111
36.181015 -20.168325 4.136706 114 116 111
5.923327 2.735555 1.714845 26 26 18
10.105444 5.467144 1.934682 26 26 18
18.469677 10.930320 2.374355 26 26 18
35.198143 21.856672 3.253703 26 26 18
6.000310 2.613740 1.716726 38 38 30
10.259409 5.223513 1.938444 38 38 30
18.777607 10.443059 2.381881 38 38 30
35.814003 20.882151 3.268754 38 38 30
6.076317 2.485281 1.718481 42 40 28
10.411423 4.966596 1.941953 42 40 28
19.081635 9.929224 2.388899 42 40 28
36.422058 19.854481 3.282790 42 40 28
6.150883 2.350056 1.720086 63 67 68
10.560555 4.696145 1.945164 63 67 68
19.379898 9.388323 2.395321 63 67 68
37.018585 18.772678 3.295634 63 67 68
6.223503 2.207998 1.721519 78 82 81
10.705795 4.412029 1.948031 78 82 81
19.670380 8.820090 2.401054 78 82 81
37.599548 17.636213 3.307099 78 82 81
6.293633 2.059103 1.722756 86 86 86
10.846055 4.114238 1.950504 86 86 86
19.950899 8.224508 2.406001 86 86 86
38.160587 16.445049 3.316993 86 86 86
6.360699 1.903441 1.723772 113 113 77
10.980186 3.802916 1.952536 113 113 77
20.219162 7.601864 2.410064 113 113 77
38.697113 15.199760 3.325119 113 113 77
6.424099 1.741168 1.724542 95 101 101
11.106988 3.478369 1.954076 95 101 101
20.472765 6.952771 2.413144 95 101 101
39.204319 13.901575 3.331280 95 101 101
6.483226 1.572528 1.725042 143 143 143
11.225241 3.141089 1.955077 143 143 143
20.709270 6.278212 2.415145 143 143 143
39.677330 12.552456 3.335282 143 143 143
6.537464 1.397865 1.725250 145 145 145
11.333716 2.791763 1.955492 145 145 145
20.926222 5.579558 2.415976 145 145 145
40.111233 11.155149 3.336945 145 145 145
6.586217 1.217622 1.725144 148 148 148
11.431223 2.431277 1.955281 148 148 148
21.121235 4.858587 2.415554 148 148 148
40.501259 9.713207 3.336099 148 148 148
6.628918 1.032345 1.724707 148 148 148
11.516624 2.060723 1.954406 148 148 148
21.292038 4.117479 2.413804 148 148 148
40.842865 8.230990 3.332600 148 148 148
6.665047 0.842677 1.723923 146 146 148
11.588882 1.681388 1.952838 146 146 148
21.436554 3.358808 2.410668 146 146 148
41.131897 6.713649 3.326327 146 146 148
6.694149 0.649353 1.722781 144 148 147
11.647087 1.294738 1.950554 144 148 147
21.552963 2.585508 2.406101 144 148 147
41.364716 5.167049 3.317193 144 148 147
6.715847 0.453183 1.721275 149 149 149
11.690484 0.902398 1.947543 149 149 149
21.639757 1.800829 2.400077 149 149 149
41.538303 3.597691 3.305146 149 149 149
6.729858 0.255044 1.719404 153 153 153
11.718506 0.506122 1.943799 153 153 153
21.695801 1.008276 2.392591 153 153 153
41.650391 2.012584 3.290174 153 153 153
6.736003 0.055858 1.717170 156 156 156
11.730796 0.107750 1.939332 156 156 156
21.720381 0.211532 2.383657 156 156 156
41.699551 0.419097 3.272305 156 156 156
6.734212 -0.143430 1.714583 154 155 150
11.727213 -0.290827 1.934159 154 155 150
21.713215 -0.585622 2.373309 154 155 150
41.685219 -1.175212 3.251610 154 155 150
6.724529 -0.341874 1.711657 156 155 151
11.707847 -0.687716 1.928306 156 155 151
21.674482 -1.379399 2.361604 156 155 151
41.607754 -2.762766 3.228200 156 155 151
6.707108 -0.538548 1.708410 153 152 150
11.673005 -1.081063 1.921812 153 152 150
21.604799 -2.166093 2.348616 153 152 150
41.468388 -4.336154 3.202224 153 152 150
6.682210 -0.732567 1.704865 150 150 148
11.623210 -1.469101 1.914721 150 150 148
21.505209 -2.942170 2.334435 150 150 148
41.269207 -5.888307 3.173862 150 150 148
6.650190 -0.923108 1.701047 147 149 146
11.559170 -1.850182 1.907087 147 149 146
21.377129 -3.704332 2.319165 147 149 146
41.013046 -7.412631 3.143323 147 149 146
6.611485 -1.109422 1.696987 143 145 144
11.481758 -2.222812 1.898965 143 145 144
21.222305 -4.449591 2.302923 143 145 144
40.703400 -8.903150 3.110837 143 145 144
6.566597 -1.290853 1.692713 141 142 137
11.391983 -2.585673 1.890419 141 142 137
21.042755 -5.175313 2.285829 141 142 137
40.344299 -10.354594 3.076650 141 142 137
6.516081 -1.466837 1.688259 136 135 130
11.290952 -2.937642 1.881510 136 135 130
20.840693 -5.879251 2.268011 136 135 130
39.940174 -11.762468 3.041015 136 135 130
6.460525 -1.636914 1.683655 76 75 71
11.179838 -3.277796 1.872302 76 75 71
20.618465 -6.559559 2.249596 76 75 71
39.495720 -13.123085 3.004185 76 75 71
6.400531 -1.800724 1.678934 55 57 52
11.059851 -3.605414 1.862859 55 57 52
20.378490 -7.214796 2.230710 55 57 52
39.015770 -14.433559 2.966412 55 57 52
6.336708 -1.958002 1.674124 53 57 58
10.932205 -3.919972 1.853240 53 57 58
20.123199 -7.843911 2.211473 53 57 58
38.505188 -15.691790 2.927938 53 57 58
6.269653 -2.108580 1.669256 44 48 49
10.798095 -4.221128 1.843504 44 48 49
19.854979 -8.446222 2.192000 44 48 49
37.968746 -16.896412 2.888991 44 48 49
6.199940 -2.252370 1.664355 52 57 53
10.658669 -4.508708 1.833702 52 57 53
19.576126 -9.021383 2.172397 52 57 53
37.411041 -18.046734 2.849786 52 57 53
6.128116 -2.389362 1.659446 25 31 29
10.515020 -4.782692 1.823885 25 31 29
19.288830 -9.569351 2.152761 25 31 29
36.836449 -19.142670 2.810515 25 31 29
6.054690 -2.519610 1.654551 30 36 36
10.368169 -5.043188 1.814095 30 36 36
18.995127 -10.090343 2.133181 30 36 36
36.249043 -20.184654 2.771354 30 36 36
5.926632 2.738845 1.546875 29 33 36
10.112053 5.473723 1.598741 29 33 36
18.482895 10.943480 1.702475 29 33 36
35.224579 21.882992 1.909942 29 33 36
6.003745 2.617055 1.545730 41 35 21
10.266279 5.230143 1.596453 41 35 21
18.791348 10.456319 1.697898 41 35 21
35.841484 20.908670 1.900788 41 35 21
6.079884 2.488613 1.544501 43 40 35
10.418556 4.973259 1.593993 43 40 35
19.095901 9.942552 1.692979 43 40 35
36.450592 19.881136 1.890950 43 40 35
6.154583 2.353397 1.543182 62 65 64
10.567956 4.702827 1.591356 62 65 64
19.394701 9.401688 1.687704 62 65 64
37.048191 18.799408 1.880400 62 65 64
6.227337 2.211339 1.541771 44 45 40
10.713463 4.418710 1.588534 44 45 40
19.685715 8.833452 1.682061 44 45 40
37.630219 17.662937 1.869114 44 45 40
6.297599 2.062433 1.540266 49 50 45
10.853987 4.120898 1.585524 49 50 45
19.966763 8.237828 1.676040 49 50 45
38.192314 16.471689 1.857072 49 50 45
6.364793 1.906749 1.538664 64 67 58
10.988375 3.809532 1.582321 64 67 58
20.235538 7.615096 1.669634 64 67 58
38.729866 15.226225 1.844260 64 67 58
6.428319 1.744443 1.536966 33 33 33
11.115428 3.484919 1.578924 33 33 33
20.489645 6.965871 1.662840 33 33 33
39.238079 13.927774 1.830672 33 33 33
6.487563 1.575758 1.535171 43 43 41
11.233915 3.147549 1.575333 43 43 41
20.726620 6.291131 1.655659 43 43 41
39.712029 12.578296 1.816309 43 43 41
6.541912 1.401038 1.533280 87 86 91
11.342612 2.798108 1.571552 87 86 91
20.944014 5.592249 1.648097 87 86 91
40.146816 11.180531 1.801185 87 86 91
6.590766 1.220726 1.531297 68 67 72
11.440321 2.437484 1.567586 68 67 72
21.139431 4.871001 1.640165 68 67 72
40.537651 9.738034 1.785321 68 67 72
6.633556 1.035368 1.529226 100 99 104
11.525902 2.066768 1.563444 100 99 104
21.310593 4.129569 1.631879 100 99 104
40.879974 8.255171 1.768750 100 99 104
6.669762 0.845608 1.527072 86 87 89
11.598313 1.687249 1.559135 86 87 89
21.455416 3.370530 1.623262 86 87 89
41.169621 6.737093 1.751517 86 87 89
6.698925 0.652181 1.524842 46 48 43
11.656639 1.300394 1.554675 46 48 43
21.572067 2.596822 1.614342 46 48 43
41.402924 5.189676 1.733676 46 48 43
6.720668 0.455900 1.522544 71 71 73
11.700126 0.907833 1.550080 71 71 73
21.659040 1.811698 1.605152 71 71 73
41.576870 3.619429 1.715295 71 71 73
6.734708 0.257643 1.520188 65 65 67
11.728206 0.511319 1.545368 65 65 67
21.715200 1.018670 1.595728 65 65 67
41.689190 2.033373 1.696448 65 65 67
6.740863 0.058333 1.517784 75 71 70
11.740516 0.112698 1.540561 75 71 70
21.739820 0.221429 1.586114 75 71 70
41.738430 0.438890 1.677220 75 71 70
6.739065 -0.141084 1.515344 70 74 73
11.736918 -0.286136 1.535681 70 74 73
21.732626 -0.576240 1.576354 70 74 73
41.724041 -1.156446 1.657699 70 74 73
6.729357 -0.339659 1.512880 81 80 85
11.717504 -0.683286 1.530751 81 80 85
21.693796 -1.370540 1.566495 81 80 85
41.646381 -2.745047 1.637981 81 80 85
6.711895 -0.536464 1.510402 118 119 121
11.682578 -1.076896 1.525796 118 119 121
21.623945 -2.157759 1.556585 118 119 121
41.506680 -4.319485 1.618161 118 119 121
6.686939 -0.730613 1.507924 128 127 123
11.632667 -1.465194 1.520840 128 127 123
21.524122 -2.934355 1.546672 128 127 123
41.307034 -5.872676 1.598336 128 127 123
6.654846 -0.921281 1.505457 77 77 77
11.568481 -1.846529 1.515905 77 77 77
21.395752 -3.697025 1.536802 77 77 77
41.050293 -7.398017 1.578597 77 77 77
6.616053 -1.107718 1.503011 58 54 53
11.490895 -2.219403 1.511014 58 54 53
21.240580 -4.442774 1.527021 58 54 53
40.739948 -8.889515 1.559034 58 54 53
6.571068 -1.289266 1.500598 50 52 49
11.400925 -2.582500 1.506188 50 52 49
21.060638 -5.168966 1.517368 50 52 49
40.380066 -10.341900 1.539729 50 52 49
6.520444 -1.465361 1.498227 75 76 71
11.299677 -2.934690 1.501445 75 76 71
20.858143 -5.873346 1.507882 75 76 71
39.975075 -11.750660 1.520756 75 76 71
6.464770 -1.635542 1.495905 56 58 55
11.188330 -3.275051 1.496801 56 58 55
20.635448 -6.554070 1.498595 56 58 55
39.529686 -13.112107 1.502182 56 58 55
6.404654 -1.799447 1.493640 117 119 119
11.068096 -3.602861 1.492272 117 119 119
20.394981 -7.209690 1.489535 117 119 119
39.048752 -14.423347 1.484063 117 119 119
6.340703 -1.956814 1.491438 73 77 78
10.940195 -3.917595 1.487867 73 77 78
20.139179 -7.839158 1.480727 73 77 78
38.537148 -15.682283 1.466446 73 77 78
6.273516 -2.107472 1.489303 87 84 79
10.805821 -4.218911 1.483598 87 84 79
19.870432 -8.441790 1.472189 87 84 79
37.999653 -16.887547 1.449369 87 84 79
6.203671 -2.251335 1.487240 30 34 36
10.666131 -4.506637 1.479471 30 34 36
19.591051 -9.017241 1.463935 30 34 36
37.440891 -18.038448 1.432862 30 34 36
6.131714 -2.388392 1.485250 26 30 31
10.522217 -4.780751 1.475492 26 30 31
19.303223 -9.565470 1.455976 26 30 31
36.865234 -19.134907 1.416943 26 30 31
6.058157 -2.518699 1.483335 22 28 28
10.375103 -5.041365 1.471663 22 28 28
19.008995 -10.086697 1.448317 22 28 28
36.276779 -20.177361 1.401626 22 28 28
5.925211 2.739047 1.378884 51 52 47
10.109211 5.474126 1.262760 51 52 47
18.477211 10.944284 1.030512 51 52 47
35.213211 21.884602 0.566016 51 52 47
6.002192 2.617312 1.374715 58 60 59
10.263173 5.230656 1.254423 58 60 59
18.785135 10.457345 1.013837 58 60 59
35.829060 20.910723 0.532667 58 60 59
6.078195 2.488935 1.370503 54 53 49
10.415179 4.973903 1.245998 54 53 49
19.089148 9.943839 0.996988 54 53 49
36.437084 19.883711 0.498967 54 53 49
6.152757 2.353795 1.366262 59 58 53
10.564302 4.703623 1.237516 59 58 53
19.387394 9.403278 0.980023 59 58 53
37.033577 18.802589 0.465038 59 58 53
6.225369 2.211824 1.362009 72 73 68
10.709528 4.419681 1.229010 72 73 68
19.677845 8.835395 0.963012 72 73 68
37.614479 17.666822 0.431017 72 73 68
6.295492 2.063018 1.357764 78 79 74
10.849772 4.122069 1.220520 78 79 74
19.958334 8.240171 0.946032 78 79 74
38.175457 16.476376 0.397056 78 79 74
6.362547 1.907448 1.353548 80 81 76
10.983883 3.810928 1.212088 80 81 76
20.226555 7.617889 0.929168 80 81 76
38.711899 15.231812 0.363327 80 81 76
6.425939 1.745267 1.349384 80 80 72
11.110666 3.486566 1.203759 80 80 72
20.480122 6.969165 0.912511 80 80 72
39.219032 13.934363 0.330013 80 80 72
6.485053 1.576720 1.345296 90 89 85
11.228895 3.149472 1.195584 90 89 85
20.716579 6.294978 0.896160 90 89 85
39.691948 12.585988 0.297311 90 89 85
6.539279 1.402149 1.341311 90 87 80
11.337348 2.800331 1.187613 90 87 80
20.933485 5.596695 0.880218 90 87 80
40.125759 11.189424 0.265428 90 87 80
6.588022 1.221999 1.337454 96 91 88
11.434834 2.440030 1.179899 96 91 88
21.128456 4.876093 0.864791 96 91 88
40.515701 9.748219 0.234573 96 91 88
6.630713 1.036812 1.333752 41 43 40
11.520215 2.069657 1.172496 41 43 40
21.299219 4.135347 0.849984 41 43 40
40.857227 8.266726 0.204961 41 43 40
6.666833 0.847233 1.330232 25 30 24
11.592455 1.690498 1.165455 25 30 24
21.443699 3.377028 0.835903 25 30 24
41.146187 6.750090 0.176797 25 30 24
6.695927 0.653992 1.326917 27 27 29
11.650643 1.304017 1.158826 27 27 29
21.560076 2.604066 0.822645 27 27 29
41.378941 5.204165 0.150282 27 27 29
6.717620 0.457902 1.323832 66 67 72
11.694029 0.911837 1.152656 66 67 72
21.646847 1.819707 0.810303 66 67 72
41.552483 3.635447 0.125598 66 67 72
6.731627 0.259838 1.320996 55 55 55
11.722042 0.515709 1.146983 55 55 55
21.702873 1.027450 0.798959 55 55 55
41.664536 2.050933 0.102909 55 55 55
6.737769 0.060720 1.318426 92 88 85
11.734327 0.117472 1.141844 92 88 85
21.727444 0.230976 0.788680 92 88 85
41.713676 0.457985 0.082352 92 88 85
6.735979 -0.138509 1.316137 85 75 66
11.730747 -0.280986 1.137265 85 75 66
21.720284 -0.565938 0.779522 85 75 66
41.699356 -1.135844 0.064036 85 75 66
6.726298 -0.336902 1.314137 76 77 72
11.711386 -0.677771 1.133266 76 77 72
21.681561 -1.359510 0.771523 76 77 72
41.621910 -2.722987 0.048039 76 77 72
6.708882 -0.533534 1.312432 74 73 69
11.676554 -1.071034 1.129857 74 73 69
21.611897 -2.146036 0.764705 74 73 69
41.482582 -4.296039 0.034402 74 73 69
6.683991 -0.727520 1.311024 73 73 71
11.626771 -1.459007 1.127041 73 73 71
21.512331 -2.921982 0.759073 73 73 71
41.283451 -5.847931 0.023138 73 73 71
6.651979 -0.918038 1.309910 61 62 57
11.562748 -1.840044 1.124812 61 62 57
21.384285 -3.684055 0.754615 61 62 57
41.027359 -7.372077 0.014222 61 62 57
6.613283 -1.104341 1.309082 74 69 63
11.485355 -2.212650 1.123156 74 69 63
21.229500 -4.429266 0.751305 74 69 63
40.717789 -8.862500 0.007601 74 69 63
6.568406 -1.285770 1.308531 63 64 59
11.395600 -2.575507 1.122055 63 64 59
21.049990 -5.154982 0.749102 63 64 59
40.358768 -10.313931 0.003195 63 64 59
6.517900 -1.461762 1.308244 41 46 40
11.294588 -2.927492 1.121481 41 46 40
20.847965 -5.858951 0.747954 41 46 40
39.954720 -11.721869 0.000900 41 46 40
6.462353 -1.631857 1.308206 95 96 91
11.183495 -3.267682 1.121404 95 96 91
20.625778 -6.539331 0.747800 95 96 91
39.510345 -13.082630 0.000593 95 96 91
6.402369 -1.795694 1.308399 94 95 90
11.063528 -3.595355 1.121790 94 95 90
20.385845 -7.194676 0.748572 94 95 90
39.030479 -14.393320 0.002136 94 95 90
6.338555 -1.953008 1.308805 89 89 89
10.935899 -3.909983 1.122602 89 89 89
20.130587 -7.823933 0.750196 89 89 89
38.519962 -15.651833 0.005383 89 89 89
6.271508 -2.103629 1.309404 92 93 88
10.801805 -4.211225 1.123801 92 93 88
19.862398 -8.426417 0.752594 92 93 88
37.983585 -16.856802 0.010179 92 93 88
6.201801 -2.247469 1.310178 63 64 59
10.662392 -4.498906 1.125349 63 64 59
19.583572 -9.001780 0.755690 63 64 59
37.425934 -18.007526 0.016371 63 64 59
6.129982 -2.384518 1.311108 57 58 53
10.518754 -4.773004 1.127207 57 58 53
19.296297 -9.549975 0.759406 57 58 53
36.851383 -19.103918 0.023804 57 58 53
6.056561 -2.514828 1.312173 44 45 40
10.371910 -5.033624 1.129338 44 45 40
19.002609 -10.071216 0.763669 44 45 40
36.264008 -20.146399 0.032329 44 45 40
5.919087 2.736171 1.211440 81 81 79
10.096963 5.468375 0.927872 81 81 79
18.452715 10.932783 0.360736 81 81 79
35.164219 21.861599 -0.773535 81 81 79
5.995677 2.614522 1.204279 51 53 48
10.250143 5.225076 0.913551 51 53 48
18.759075 10.446185 0.332094 51 53 48
35.776939 20.888403 -0.830820 51 53 48
6.071280 2.486259 1.197118 50 50 48
10.401348 4.968550 0.899227 50 50 48
19.061485 9.933133 0.303447 50 50 48
36.381760 19.862299 -0.888114 50 50 48
6.145433 2.351262 1.189988 52 55 50
10.549655 4.698556 0.884968 52 55 50
19.358099 9.393145 0.274929 52 55 50
36.974987 18.782322 -0.945150 52 55 50
6.217636 2.209466 1.182928 58 58 58
10.694060 4.414966 0.870848 58 58 58
19.646910 8.825964 0.246688 58 58 58
37.552608 17.647961 -1.001632 58 58 58
6.287349 2.060871 1.175978 62 62 60
10.833487 4.117774 0.856947 62 62 60
19.925762 8.231582 0.218887 62 62 60
38.110313 16.459196 -1.057235 62 62 60
6.354001 1.905546 1.169181 65 65 63
10.966791 3.807125 0.843354 65 65 63
20.192371 7.610283 0.191700 65 65 63
38.643532 15.216599 -1.111608 65 65 63
6.417000 1.743648 1.162585 67 68 63
11.092790 3.483329 0.830161 67 68 63
20.444368 6.962690 0.165315 67 68 63
39.147526 13.921412 -1.164379 67 68 63
6.475740 1.575420 1.156237 69 69 67
11.210270 3.146874 0.817466 69 69 67
20.679329 6.289780 0.139923 69 69 67
39.617447 12.575593 -1.215162 69 69 67
6.529616 1.401206 1.150187 69 70 65
11.318021 2.798444 0.805366 69 70 65
20.894831 5.592921 0.115724 69 70 65
40.048450 11.181875 -1.263560 69 70 65
6.578036 1.221445 1.144485 76 77 72
11.414862 2.438923 0.793962 76 77 72
21.088512 4.873879 0.092916 76 77 72
40.435814 9.743791 -1.309176 76 77 72
6.620441 1.036681 1.139179 77 78 73
11.499672 2.069394 0.783350 77 78 73
21.258133 4.134821 0.071692 77 78 73
40.775055 8.265676 -1.351625 77 78 73
6.656317 0.847551 1.134315 75 76 71
11.571423 1.691135 0.773622 75 76 71
21.401634 3.378302 0.052236 75 76 71
41.062057 6.752636 -1.390536 75 76 71
6.685214 0.654783 1.129935 76 77 72
11.629216 1.305599 0.764863 76 77 72
21.517221 2.607232 0.034717 76 77 72
41.293232 5.210496 -1.425574 76 77 72
6.706759 0.459184 1.126077 78 79 74
11.672307 0.914401 0.757146 78 79 74
21.603403 1.824834 0.019285 78 79 74
41.465595 3.645700 -1.456439 78 79 74
6.720674 0.261621 1.122772 76 77 72
11.700137 0.519275 0.750535 76 77 72
21.659063 1.034583 0.006062 76 77 72
41.576916 2.065199 -1.482884 76 77 72
6.726782 0.063008 1.120042 80 79 75
11.712353 0.122049 0.745076 80 79 75
21.683495 0.240132 -0.004856 80 79 75
41.625778 0.476296 -1.504720 80 79 75
6.725013 -0.135718 1.117905 80 79 77
11.708816 -0.275403 0.740802 80 79 77
21.676420 -0.554773 -0.013405 80 79 77
41.611629 -1.113513 -1.521817 80 79 77
6.715411 -0.333618 1.116367 79 80 75
11.689610 -0.671203 0.737726 79 80 75
21.638010 -1.346374 -0.019555 79 80 75
41.534809 -2.696716 -1.534119 79 80 75
6.698129 -0.529774 1.115428 79 80 75
11.655047 -1.063515 0.735848 79 80 75
21.568884 -2.130998 -0.023311 79 80 75
41.396557 -4.265964 -1.541631 79 80 75
6.673424 -0.723308 1.115078 78 79 74
11.605638 -1.450584 0.735149 78 79 74
21.470064 -2.905136 -0.024711 78 79 74
41.198917 -5.814239 -1.544429 78 79 74
6.641645 -0.913403 1.115301 79 79 77
11.542079 -1.830773 0.735594 79 79 77
21.342947 -3.665514 -0.023820 79 79 77
40.944683 -7.334994 -1.542648 79 79 77
6.603224 -1.099315 1.116072 79 80 75
11.465238 -2.202598 0.737135 79 80 75
21.189264 -4.409163 -0.020738 79 80 75
40.637318 -8.822292 -1.536483 79 80 75
6.558659 -1.280390 1.117360 78 79 74
11.376107 -2.564748 0.739713 78 79 74
21.011003 -5.133463 -0.015582 78 79 74
40.280796 -10.270893 -1.526172 78 79 74
6.508497 -1.456068 1.119133 78 79 74
11.275783 -2.916103 0.743258 78 79 74
20.810354 -5.836174 -0.008492 78 79 74
39.879498 -11.676315 -1.511993 78 79 74
6.453318 -1.625889 1.121350 74 75 70
11.165424 -3.255745 0.747692 74 75 70
20.589638 -6.515457 0.000376 74 75 70
39.438065 -13.034882 -1.494255 74 75 70
6.393720 -1.789491 1.123971 69 72 66
11.046228 -3.582950 0.752935 69 72 66
20.351246 -7.169867 0.010861 69 72 66
38.961281 -14.343701 -1.473285 69 72 66
6.330304 -1.946612 1.126954 68 71 66
10.919397 -3.897192 0.758900 68 71 66
20.097584 -7.798351 0.022793 68 71 66
38.453957 -15.600670 -1.449422 68 71 66
6.263662 -2.097079 1.130256 65 70 64
10.786113 -4.198124 0.765504 65 70 64
19.831015 -8.400216 0.036001 65 70 64
37.920818 -16.804399 -1.423006 65 70 64
6.194364 -2.240802 1.133836 67 69 67
10.647516 -4.485570 0.772663 67 69 67
19.553822 -8.975108 0.050318 67 69 67
37.366432 -17.954184 -1.394372 67 69 67
6.122950 -2.377767 1.137651 64 66 61
10.504688 -4.759502 0.780295 64 66 61
19.268166 -9.522971 0.065581 64 66 61
36.795120 -19.049910 -1.363845 64 66 61
6.049927 -2.508026 1.141665 62 64 59
10.358644 -5.020020 0.788322 62 64 59
18.976076 -10.044007 0.081636 62 64 59
36.210941 -20.091982 -1.331735 62 64 59
5.908332 2.730262 1.045101 46 51 47
10.075454 5.456556 0.595194 46 51 47
18.409697 10.909145 -0.304621 46 51 47
35.078182 21.814323 -2.104249 46 51 47
5.984278 2.608729 1.035011 46 51 47
10.227345 5.213491 0.575014 46 51 47
18.713480 10.423016 -0.344980 46 51 47
35.685749 20.842064 -2.184968 46 51 47
6.059221 2.480628 1.024964 50 55 51
10.377232 4.957288 0.554920 50 55 51
19.013252 9.910608 -0.385168 50 55 51
36.285294 19.817249 -2.265344 50 55 51
6.132706 2.345841 1.015011 54 56 53
10.524200 4.687715 0.535015 54 56 53
19.307190 9.371463 -0.424979 54 56 53
36.873169 18.738958 -2.344965 54 56 53
6.204236 2.204309 1.005209 58 58 56
10.667260 4.404652 0.515411 58 58 56
19.593309 8.805336 -0.464187 58 58 56
37.445408 17.606705 -2.423382 58 58 56
6.273278 2.056033 0.995619 57 58 53
10.805346 4.108099 0.496231 57 58 53
19.869480 8.212230 -0.502547 57 58 53
37.997749 16.420492 -2.500101 57 58 53
6.339272 1.901086 0.986307 58 59 54
10.937332 3.798205 0.477606 58 59 54
20.133453 7.592443 -0.539796 58 59 54
38.525696 15.180920 -2.574601 58 59 54
6.401630 1.739626 0.977341 62 62 62
11.062050 3.475284 0.459675 62 62 62
20.382889 6.946601 -0.575659 62 62 62
39.024567 13.889235 -2.646326 62 62 62
6.459759 1.571897 0.968794 64 64 64
11.178307 3.139827 0.442580 64 64 64
20.615402 6.275686 -0.609849 64 64 64
39.489594 12.547405 -2.714706 64 64 64
6.513062 1.398240 0.960737 65 66 61
11.284912 2.792513 0.426465 65 66 61
20.828613 5.581059 -0.642078 65 66 61
39.916016 11.158151 -2.779163 65 66 61
6.560957 1.219094 0.953242 69 70 65
11.380704 2.434221 0.411475 69 70 65
21.020197 4.864475 -0.672057 69 70 65
40.299183 9.724983 -2.839122 69 70 65
6.602896 1.034997 0.946378 69 70 65
11.464581 2.066026 0.397749 69 70 65
21.187950 4.128086 -0.699511 69 70 65
40.634689 8.252204 -2.894030 69 70 65
6.638373 0.846581 0.940211 71 72 67
11.535536 1.689194 0.385415 71 72 67
21.329861 3.374422 -0.724178 71 72 67
40.918510 6.744876 -2.943365 71 72 67
6.666948 0.654566 0.934800 70 70 68
11.592685 1.305165 0.374592 70 70 68
21.444159 2.606364 -0.745824 70 70 68
41.147106 5.208760 -2.986655 70 70 68
6.688255 0.459750 0.930195 74 74 72
11.635300 0.915533 0.365382 74 74 72
21.529388 1.827098 -0.764245 74 74 72
41.317566 3.650229 -3.023497 74 74 72
6.702021 0.262990 0.926437 76 77 72
11.662830 0.522014 0.357866 76 77 72
21.584450 1.040060 -0.779276 76 77 72
41.427689 2.076152 -3.053560 76 77 72
6.708070 0.065190 0.923556 74 75 70
11.674930 0.126412 0.352105 74 75 70
21.608648 0.248857 -0.790799 74 75 70
41.476086 0.493747 -3.076605 74 75 70
6.706338 -0.132727 0.921571 75 76 71
11.671465 -0.269421 0.348134 75 76 71
21.601719 -0.542808 -0.798741 75 76 71
41.462227 -1.089584 -3.092489 75 76 71
6.696865 -0.329831 0.920486 74 75 70
11.652518 -0.663630 0.345964 74 75 70
21.563826 -1.331226 -0.803080 74 75 70
41.386440 -2.666420 -3.101169 74 75 70
6.679801 -0.525216 0.920294 75 76 71
11.618390 -1.054399 0.345581 75 76 71
21.495569 -2.112766 -0.803847 75 76 71
41.249928 -4.229498 -3.102701 75 76 71
6.655397 -0.718014 0.920977 75 76 71
11.569584 -1.439995 0.346946 75 76 71
21.397957 -2.883958 -0.801117 75 76 71
41.054703 -5.771883 -3.097242 75 76 71
6.623999 -0.907416 0.922502 73 74 69
11.506786 -1.818799 0.349997 73 74 69
21.272362 -3.641566 -0.795014 73 74 69
40.803513 -7.287099 -3.085037 73 74 69
6.586028 -1.092687 0.924831 75 76 71
11.430844 -2.189341 0.354654 75 76 71
21.120478 -4.382649 -0.785701 75 76 71
40.499744 -8.769266 -3.066410 75 76 71
6.541972 -1.273177 0.927913 75 76 71
11.342733 -2.550321 0.360818 75 76 71
20.944256 -5.104609 -0.773372 75 76 71
40.147301 -10.213186 -3.041753 75 76 71
6.492370 -1.448331 0.931693 68 73 67
11.243528 -2.900630 0.368378 68 73 67
20.745846 -5.805226 -0.758253 68 73 67
39.750481 -11.614420 -3.011514 68 73 67
6.437790 -1.617691 0.936110 71 72 67
11.134370 -3.239350 0.377212 71 72 67
20.527529 -6.482667 -0.740584 71 72 67
39.313847 -12.969301 -2.976177 71 72 67
6.378823 -1.780897 0.941100 66 67 62
11.016435 -3.565762 0.387193 66 67 62
20.291658 -7.135490 -0.720622 66 67 62
38.842106 -14.274948 -2.936252 66 67 62
6.316059 -1.937685 0.946599 62 67 61
10.890907 -3.879337 0.398190 62 67 61
20.040604 -7.762641 -0.698627 62 67 61
38.339996 -15.529250 -2.892263 62 67 61
6.250081 -2.087879 0.952541 63 65 62
10.758950 -4.179726 0.410074 63 65 62
19.776690 -8.363420 -0.674860 63 65 62
37.812168 -16.730806 -2.844729 63 65 62
6.181450 -2.231390 0.958862 62 63 58
10.621690 -4.466746 0.422716 62 63 58
19.502169 -8.937460 -0.649576 62 63 58
37.263126 -17.878887 -2.794160 62 63 58
6.110703 -2.368197 0.965501 59 64 58
10.480195 -4.740361 0.435994 59 64 58
19.219179 -9.484690 -0.623020 59 64 58
36.697147 -18.973347 -2.741049 59 64 58
6.038337 -2.498348 0.972400 53 58 52
10.335464 -5.000664 0.449791 53 58 52
18.929716 -10.005295 -0.595425 53 58 52
36.118221 -20.014557 -2.685858 53 58 52
5.893063 2.721391 0.880405 46 48 43
10.044914 5.438815 0.265802 46 48 43
18.348618 10.873662 -0.963404 46 48 43
34.956024 21.743357 -3.421817 46 48 43
5.968122 2.600008 0.867477 46 48 45
10.195033 5.196049 0.239946 46 48 45
18.648855 10.388130 -1.015116 46 48 45
35.556499 20.772293 -3.525240 46 48 45
6.042160 2.472117 0.854638 50 52 50
10.343108 4.940268 0.214268 50 52 50
18.945005 9.876568 -1.066473 50 52 50
36.148800 19.749168 -3.627954 50 52 50
6.114727 2.337610 0.841956 51 53 50
10.488242 4.671252 0.188905 51 53 50
19.235273 9.338536 -1.117198 51 53 50
36.729336 18.673105 -3.729405 51 53 50
6.185334 2.196428 0.829508 54 56 51
10.629457 4.388889 0.164007 54 56 51
19.517702 8.773810 -1.166994 54 56 51
37.294193 17.543653 -3.828996 54 56 51
6.253458 2.048579 0.817372 56 58 53
10.765705 4.093190 0.139737 56 58 53
19.790199 8.182413 -1.215534 56 58 53
37.839188 16.360859 -3.926077 56 58 53
6.318548 1.894140 0.805637 56 61 57
10.895885 3.784313 0.116267 56 61 57
20.050560 7.564658 -1.262474 56 61 57
38.359909 15.125349 -4.019957 56 61 57
6.380031 1.733269 0.794393 61 62 57
11.018851 3.462572 0.093778 61 62 57
20.296492 6.921176 -1.307452 61 62 57
38.851772 13.838385 -4.109912 61 62 57
6.437324 1.566213 0.783732 61 61 61
11.133436 3.128459 0.072457 61 61 61
20.525661 6.252952 -1.350095 61 61 61
39.310112 12.501936 -4.195198 61 61 61
6.489843 1.393311 0.773749 60 60 58
11.238476 2.782654 0.052490 60 60 58
20.735741 5.561340 -1.390028 60 60 58
39.730270 11.118713 -4.275064 60 60 58
6.537024 1.214997 0.764536 62 63 58
11.332836 2.426027 0.034064 62 63 58
20.924461 4.848086 -1.426881 62 63 58
40.107712 9.692205 -4.348770 62 63 58
6.578327 1.031804 0.756182 63 65 60
11.415442 2.059641 0.017355 63 65 60
21.089674 4.115315 -1.460298 63 65 60
40.438137 8.226664 -4.415604 63 65 60
6.613261 0.844357 0.748769 64 69 63
11.485311 1.684747 0.002530 64 69 63
21.229410 3.365527 -1.489948 64 69 63
40.717609 6.727087 -4.474903 64 69 63
6.641397 0.653366 0.742373 71 72 67
11.541583 1.302765 -0.010262 71 72 67
21.341955 2.601562 -1.515533 71 72 67
40.942699 5.199158 -4.526074 71 72 67
6.662379 0.459615 0.737056 71 72 66
11.583547 0.915263 -0.020896 71 72 66
21.425882 1.826558 -1.536800 71 72 66
41.110554 3.649149 -4.568609 71 72 66
6.675941 0.263949 0.732869 70 72 67
11.610670 0.523931 -0.029270 70 72 67
21.480129 1.043895 -1.553549 70 72 67
41.219048 2.083823 -4.602106 70 72 67
6.681912 0.067256 0.729847 72 72 70
11.622613 0.130545 -0.035313 72 72 70
21.504015 0.257122 -1.565635 72 72 70
41.266819 0.510277 -4.626277 72 72 70
6.680228 -0.129555 0.728011 72 73 68
11.619246 -0.263077 -0.038986 72 73 68
21.497280 -0.530121 -1.572979 72 73 68
41.253349 -1.064209 -4.640967 72 73 68
6.670930 -0.325571 0.727364 70 71 66
11.600649 -0.655109 -0.040281 70 71 66
21.460087 -1.314185 -1.575569 70 71 66
41.178963 -2.632338 -4.646146 70 71 66
6.654163 -0.519899 0.727892 72 73 67
11.567115 -1.043766 -0.039224 72 73 67
21.393019 -2.091499 -1.573456 72 73 67
41.044827 -4.186965 -4.641920 72 73 67
6.630172 -0.711687 0.729567 73 75 70
11.519133 -1.427341 -0.035874 73 75 70
21.297054 -2.858649 -1.566756 73 75 70
40.852898 -5.721266 -4.628520 73 75 70
6.599291 -0.900136 0.732346 70 71 66
11.457371 -1.804239 -0.030317 70 71 66
21.173531 -3.612446 -1.555641 70 71 66
40.605850 -7.228858 -4.606290 70 71 66
6.561933 -1.084522 0.736172 69 70 65
11.382654 -2.173011 -0.022665 69 70 65
21.024097 -4.349990 -1.540337 69 70 65
40.306984 -8.703947 -4.575683 69 70 65
6.518572 -1.264203 0.740978 65 67 62
11.295934 -2.532374 -0.013052 65 67 62
20.850657 -5.068715 -1.521111 65 67 62
39.960102 -10.141397 -4.537231 65 67 62
6.469735 -1.438630 0.746690 69 70 65
11.198258 -2.881227 -0.001629 69 70 65
20.655306 -5.766421 -1.498266 69 70 65
39.569401 -11.536809 -4.491539 69 70 65
6.415976 -1.607347 0.753225 65 67 62
11.090740 -3.218662 0.011441 65 67 62
20.440269 -6.441290 -1.472125 65 67 62
39.139328 -12.886548 -4.439258 65 67 62
6.357871 -1.769996 0.760498 68 69 64
10.974530 -3.543960 0.025988 68 69 64
20.207850 -7.091887 -1.443031 68 69 64
38.674488 -14.187742 -4.381071 68 69 64
6.295999 -1.926313 0.768423 64 67 61
10.850786 -3.856593 0.041838 64 67 61
19.960361 -7.717154 -1.411332 64 67 61
38.179512 -15.438274 -4.317672 64 67 61
6.230930 -2.076119 0.776913 59 61 56
10.720650 -4.156206 0.058817 59 61 56
19.700089 -8.316379 -1.377373 59 61 56
37.658966 -16.636724 -4.249755 59 61 56
6.163217 -2.219320 0.785883 55 60 54
10.585222 -4.442607 0.076757 55 60 54
19.429234 -8.889182 -1.341493 55 60 54
37.117256 -17.782331 -4.177995 55 60 54
6.093382 -2.355894 0.795252 55 57 54
10.445554 -4.715755 0.095496 55 57 54
19.149897 -9.435476 -1.304016 55 57 54
36.558582 -18.874920 -4.103039 55 57 54
6.021920 -2.485880 0.804944 51 53 50
10.302629 -4.975728 0.114880 51 53 50
18.864046 -9.955423 -1.265248 51 53 50
35.986881 -19.914814 -4.025503 51 53 50
5.873436 2.709658 0.717864 37 43 39
10.005661 5.415349 -0.059280 37 43 39
18.270111 10.826731 -1.613569 37 43 39
34.799011 21.649494 -4.722145 37 43 39
5.947382 2.588460 0.702215 43 48 42
10.153553 5.172953 -0.090579 43 48 42
18.565895 10.341938 -1.676165 43 48 42
35.390579 20.679909 -4.847339 43 48 42
6.020283 2.460832 0.686703 50 52 49
10.299356 4.917696 -0.121602 50 52 49
18.857500 9.831425 -1.738212 50 52 49
35.973789 19.658882 -4.971432 50 52 49
6.091699 2.326670 0.671414 51 56 52
10.442186 4.649373 -0.152181 51 56 52
19.143162 9.294779 -1.799369 51 56 52
36.545113 18.585590 -5.093747 51 56 52
6.161150 2.185926 0.656439 51 53 50
10.581088 4.367885 -0.182129 51 53 50
19.420965 8.731803 -1.859267 51 53 50
37.100719 17.459639 -5.213542 51 53 50
6.228125 2.038611 0.641880 50 55 51
10.715039 4.073255 -0.211249 50 55 51
19.688868 8.142542 -1.917505 50 55 51
37.636524 16.281116 -5.330019 50 55 51
6.292086 1.884806 0.627841 55 57 54
10.842961 3.765645 -0.239326 55 57 54
19.944712 7.527323 -1.973661 55 57 54
38.148212 15.050678 -5.442330 55 57 54
6.352475 1.724673 0.614432 54 56 53
10.963739 3.445379 -0.266143 54 56 53
20.186268 6.886792 -2.027294 54 56 53
38.631325 13.769616 -5.549596 54 56 53
6.408724 1.558459 0.601768 62 63 58
11.076238 3.112950 -0.291472 62 63 58
20.411264 6.221932 -2.077952 62 63 58
39.081318 12.439898 -5.650911 62 63 58
6.460268 1.386499 0.589962 63 63 61
11.179324 2.769031 -0.315085 63 63 61
20.617437 5.534095 -2.125178 63 63 61
39.493664 11.064222 -5.745363 63 63 61
6.506556 1.209227 0.579124 60 62 57
11.271900 2.414486 -0.336760 60 62 57
20.802589 4.825005 -2.168527 60 62 57
39.863968 9.646042 -5.832063 60 62 57
6.547066 1.027166 0.569363 61 63 59
11.352921 2.050364 -0.356282 61 63 59
20.964632 4.096760 -2.207573 61 63 59
40.188053 8.189553 -5.910153 61 63 59
6.581325 0.840931 0.560777 64 66 61
11.421439 1.677894 -0.373455 64 66 61
21.101667 3.351821 -2.241918 64 66 61
40.462124 6.699676 -5.978843 64 66 61
6.608914 0.651220 0.553454 65 66 61
11.476618 1.298473 -0.388101 65 66 61
21.212025 2.592978 -2.271209 65 66 61
40.682838 5.181989 -6.037426 65 66 61
6.629492 0.458803 0.547469 67 68 63
11.517774 0.913638 -0.400070 67 68 63
21.294336 1.823309 -2.295149 67 68 63
40.847462 3.642650 -6.085305 67 68 63
6.642800 0.264507 0.542881 65 66 61
11.544390 0.525046 -0.409246 65 66 61
21.347569 1.046125 -2.313500 65 66 61
40.953926 2.088283 -6.122009 65 66 61
6.648674 0.069201 0.539731 68 70 65
11.556136 0.134435 -0.415546 68 70 65
21.371061 0.264903 -2.326101 68 70 65
41.000912 0.525839 -6.147210 68 70 65
6.647050 -0.126223 0.538040 67 68 63
11.552890 -0.256413 -0.418929 67 68 63
21.364569 -0.516794 -2.332866 67 68 63
40.987926 -1.037555 -6.160739 67 68 63
6.637970 -0.320873 0.537809 67 68 63
11.534729 -0.645713 -0.419389 67 68 63
21.328247 -1.295393 -2.333787 67 68 63
40.915283 -2.594753 -6.162581 67 68 63
6.621573 -0.513874 0.539021 68 69 64
11.501935 -1.031715 -0.416966 68 69 64
21.262659 -2.067396 -2.328940 68 69 64
40.784107 -4.138760 -6.152889 68 69 64
6.598094 -0.704389 0.541638 68 69 64
11.454977 -1.412745 -0.411733 68 69 64
21.168743 -2.829458 -2.318474 68 69 64
40.596275 -5.662884 -6.131956 68 69 64
6.567858 -0.891637 0.545604 66 67 62
11.394506 -1.787241 -0.403800 66 67 62
21.047800 -3.578450 -2.302608 66 67 62
40.354389 -7.160868 -6.100224 66 67 62
6.531263 -1.074905 0.550850 66 68 63
11.321316 -2.153778 -0.393308 66 68 63
20.901421 -4.311522 -2.281623 66 68 63
40.061630 -8.627012 -6.058255 66 68 63
6.488769 -1.253562 0.557293 61 66 60
11.236327 -2.511091 -0.380422 61 66 60
20.731443 -5.026149 -2.255853 61 66 60
39.721676 -10.056266 -6.006714 61 66 60
6.440885 -1.427064 0.564838 68 69 64
11.140558 -2.858096 -0.365332 68 69 64
20.539906 -5.720160 -2.225671 68 69 64
39.338600 -11.444286 -5.946350 68 69 64
6.388150 -1.594963 0.573386 63 68 62
11.035089 -3.193893 -0.348236 63 68 62
20.328966 -6.391753 -2.191479 63 68 62
38.916721 -12.787474 -5.877966 63 68 62
6.331122 -1.756899 0.582832 60 65 59
10.921033 -3.517766 -0.329345 60 65 59
20.100855 -7.039499 -2.153697 60 65 59
38.460499 -14.082966 -5.802402 60 65 59
6.270365 -1.912609 0.593067 57 62 58
10.799520 -3.829186 -0.308873 57 62 58
19.857828 -7.662339 -2.112754 57 62 58
37.974445 -15.328646 -5.720517 57 62 58
6.206435 -2.061913 0.603987 55 60 56
10.671659 -4.127792 -0.287034 55 60 56
19.602106 -8.259552 -2.069076 55 60 56
37.463001 -16.523071 -5.633159 55 60 56
6.139869 -2.204709 0.615487 52 57 53
10.538527 -4.413386 -0.264034 52 57 53
19.335842 -8.830739 -2.023076 52 57 53
36.930473 -17.665445 -5.541159 52 57 53
6.071180 -2.340972 0.627468 56 57 59
10.401150 -4.685911 -0.240073 56 57 59
19.061089 -9.375790 -1.975153 56 57 59
36.380966 -18.755547 -5.445314 56 57 59
6.000850 -2.470734 0.639835 49 54 50
10.260489 -4.945436 -0.215339 49 54 50
18.779768 -9.894839 -1.925685 49 54 50
35.818325 -19.793646 -5.346379 49 54 50
5.849648 2.695189 0.557955 42 44 43
9.958086 5.386410 -0.379099 42 44 43
18.174961 10.768853 -2.253206 42 44 43
34.608711 21.533739 -6.001420 42 44 43
5.922272 2.574213 0.539724 43 45 44
10.103333 5.144458 -0.415560 43 45 44
18.465456 10.284949 -2.326128 43 45 44
35.189701 20.565931 -6.147263 43 45 44
5.993824 2.446899 0.521682 44 49 43
10.246438 4.889832 -0.451643 44 49 43
18.751665 9.775696 -2.398295 44 49 43
35.762119 19.547424 -6.291597 44 49 43
6.063874 2.313154 0.503929 44 46 41
10.386538 4.622340 -0.487150 44 46 41
19.031864 9.240712 -2.469307 44 46 41
36.322517 18.477457 -6.433623 44 46 41
6.131957 2.172933 0.486574 51 53 52
10.522702 4.341899 -0.521861 51 53 52
19.304193 8.679832 -2.538730 51 53 52
36.867176 17.355696 -6.572467 51 53 52
6.197572 2.026256 0.469733 51 53 48
10.653934 4.048545 -0.555542 51 53 48
19.566656 8.093122 -2.606092 51 53 48
37.392101 16.182278 -6.707193 51 53 48
6.260200 1.873209 0.453530 54 59 55
10.779188 3.742451 -0.587948 54 59 55
19.817165 7.480934 -2.670904 54 59 55
37.893120 14.957901 -6.836816 54 59 55
6.319297 1.713956 0.438094 54 56 53
10.897383 3.423945 -0.618820 54 56 53
20.053555 6.843922 -2.732649 54 56 53
38.365898 13.683877 -6.960306 54 56 53
6.374315 1.548744 0.423555 58 58 56
11.007419 3.093520 -0.647897 58 58 56
20.273626 6.183073 -2.790802 58 58 56
38.806042 12.362179 -7.076613 58 58 56
6.424708 1.377908 0.410046 57 61 60
11.108205 2.751848 -0.674916 57 61 60
20.475199 5.499730 -2.844839 57 61 60
39.209187 10.995492 -7.184686 57 61 60
6.469944 1.201874 0.397695 57 59 56
11.198678 2.399781 -0.699617 57 59 56
20.656145 4.795595 -2.894243 57 59 56
39.571079 9.587222 -7.283494 57 59 56
6.509524 1.021159 0.386625 63 65 60
11.277837 2.038351 -0.721758 63 65 60
20.814463 4.072735 -2.938525 63 65 60
39.887714 8.141502 -7.372057 63 65 60
6.542988 0.836366 0.376949 64 65 60
11.344765 1.668764 -0.741111 64 65 60
20.948318 3.333561 -2.977229 64 65 60
40.155426 6.663155 -7.449466 64 65 60
6.569935 0.648177 0.368767 63 63 61
11.398659 1.292386 -0.757473 63 63 61
21.056107 2.580805 -3.009954 63 63 61
40.371002 5.157643 -7.514917 63 63 61
6.590037 0.457345 0.362165 65 65 63
11.438864 0.910722 -0.770677 65 65 63
21.136517 1.817476 -3.036362 65 65 63
40.531822 3.630985 -7.567732 65 65 63
6.603046 0.264677 0.357209 64 66 63
11.464882 0.525386 -0.780590 64 66 63
21.188553 1.046806 -3.056188 64 66 63
40.635895 2.089644 -7.607383 64 66 63
6.608806 0.071021 0.353943 65 65 63
11.476400 0.138076 -0.787121 65 65 63
21.211590 0.272184 -3.069250 65 65 63
40.681969 0.540400 -7.633508 65 65 63
6.607254 -0.122753 0.352392 67 68 63
11.473296 -0.249474 -0.790225 67 68 63
21.205381 -0.502915 -3.075458 67 68 63
40.669552 -1.009797 -7.645923 67 68 63
6.598428 -0.315777 0.352553 63 65 60
11.455646 -0.635521 -0.789902 63 65 60
21.170080 -1.275008 -3.074811 63 65 60
40.598949 -2.553984 -7.644631 63 65 60
6.582465 -0.507195 0.354405 63 65 60
11.423719 -1.018358 -0.786198 63 65 60
21.106228 -2.040684 -3.067404 63 65 60
40.471245 -4.085335 -7.629816 63 65 60
6.559589 -0.696193 0.357902 62 67 61
11.377967 -1.396354 -0.779204 62 67 61
21.014723 -2.796676 -3.053416 62 67 61
40.288235 -5.597319 -7.601840 62 67 61
6.530111 -0.882006 0.362979 63 64 59
11.319011 -1.767979 -0.769050 63 64 59
20.896811 -3.539926 -3.033107 63 64 59
40.052410 -7.083819 -7.561223 63 64 59
6.494413 -1.063936 0.369553 58 63 57
11.247616 -2.131840 -0.755901 58 63 57
20.754021 -4.267647 -3.006810 58 63 57
39.766830 -8.539261 -7.508628 58 63 57
6.452940 -1.241364 0.377527 62 67 61
11.164668 -2.486695 -0.739954 62 67 61
20.588125 -4.977358 -2.974916 62 67 61
39.435040 -9.958683 -7.444839 62 67 61
6.406178 -1.413755 0.386791 57 62 56
11.071145 -2.831477 -0.721426 57 62 56
20.401079 -5.666922 -2.937860 57 62 56
39.060947 -11.337811 -7.370728 57 62 56
6.354650 -1.580665 0.397227 59 61 58
10.968088 -3.165297 -0.700554 59 61 58
20.194965 -6.334562 -2.896116 59 61 58
38.648720 -12.673091 -7.287241 59 61 58
6.298894 -1.741739 0.408712 57 59 58
10.856577 -3.487445 -0.677583 57 59 58
19.971943 -6.978857 -2.850175 57 59 58
38.202675 -13.961681 -7.195358 57 59 58
6.239454 -1.896710 0.421122 56 61 57
10.737698 -3.797388 -0.652764 56 61 57
19.734184 -7.598742 -2.800536 56 61 57
37.727158 -15.201452 -7.096079 56 61 57
6.176870 -2.045397 0.434332 62 64 61
10.612529 -4.094761 -0.626345 62 64 61
19.483847 -8.193490 -2.747698 62 64 61
37.226482 -16.390947 -6.990404 62 64 61
6.111663 -2.187695 0.448219 54 59 55
10.482116 -4.379357 -0.598569 54 59 55
19.223021 -8.762681 -2.692147 54 59 55
36.704830 -17.529329 -6.879302 54 59 55
6.044332 -2.323568 0.462669 53 55 52
10.347453 -4.651104 -0.569670 53 55 52
18.953695 -9.306175 -2.634348 53 55 52
36.166180 -18.616318 -6.763705 53 55 52
5.975347 -2.453045 0.477570 47 49 46
10.209482 -4.910058 -0.539869 47 49 46
18.677753 -9.824083 -2.574745 47 49 46
35.614296 -19.652134 -6.644498 47 49 46
5.821929 2.678128 0.401113 35 40 36
9.902647 5.352290 -0.692781 35 40 36
18.064083 10.700612 -2.880571 35 40 36
34.386955 21.397257 -7.256150 35 40 36
5.893040 2.557416 0.380461 40 45 41
10.044869 5.110865 -0.734086 40 45 41
18.348528 10.217762 -2.963181 40 45 41
34.955845 20.431557 -7.421369 40 45 41
5.963052 2.430472 0.360051 39 44 38
10.184894 4.856977 -0.774907 39 44 38
18.628576 9.709986 -3.044821 39 44 38
35.515942 19.416004 -7.584651 39 44 38
6.031547 2.297211 0.339997 46 48 45
10.321882 4.590456 -0.815014 46 48 45
18.902554 9.176944 -3.125037 46 48 45
36.063896 18.349920 -7.745081 46 48 45
6.098069 2.157600 0.320423 46 51 45
10.454927 4.311234 -0.854161 46 51 45
19.168644 8.618500 -3.203331 46 51 45
36.596077 17.233032 -7.901669 46 51 45
6.162139 2.011663 0.301463 52 54 51
10.583068 4.019360 -0.892083 52 54 51
19.424925 8.034752 -3.279173 52 54 51
37.108639 16.065536 -8.053354 52 54 51
6.223250 1.859493 0.283254 51 56 52
10.705290 3.715018 -0.928500 51 56 52
19.669369 7.426069 -3.352007 51 56 52
37.597527 14.848170 -8.199022 51 56 52
6.280882 1.701256 0.265943 50 55 49
10.820554 3.398544 -0.963123 50 55 49
19.899897 6.793120 -3.421254 50 55 49
38.058582 13.582273 -8.337515 50 55 49
6.334505 1.537199 0.249675 56 58 55
10.927798 3.070431 -0.995657 56 58 55
20.114386 6.136895 -3.486323 56 58 55
38.487560 12.269822 -8.467653 56 58 55
6.383594 1.367656 0.234599 52 57 51
11.025977 2.731345 -1.025810 52 57 51
20.310743 5.458723 -3.546627 52 57 51
38.880276 10.913479 -8.588263 52 57 51
6.427642 1.193047 0.220858 56 58 53
11.114073 2.382126 -1.053292 56 58 53
20.486935 4.760285 -3.601592 56 58 53
39.232658 9.516603 -8.698193 56 58 53
6.466166 1.013877 0.208588 55 60 53
11.191122 2.023787 -1.077832 55 60 53
20.641033 4.043607 -3.650671 55 60 53
39.540855 8.083247 -8.796350 55 60 53
6.498731 0.830738 0.197916 58 58 58
11.256251 1.657508 -1.099177 58 58 58
20.771292 3.311049 -3.693362 58 58 58
39.801373 6.618132 -8.881731 58 58 58
6.524954 0.644294 0.188951 61 66 60
11.308697 1.284621 -1.117106 61 66 60
20.876183 2.565276 -3.729220 61 66 60
40.011154 5.126584 -8.953447 61 66 60
6.544519 0.455279 0.181788 55 60 54
11.347828 0.906591 -1.131432 55 60 54
20.954445 1.809215 -3.757871 55 60 54
40.167679 3.614463 -9.010750 55 60 54
6.557191 0.264478 0.176499 56 61 55
11.373172 0.524989 -1.142010 56 61 55
21.005133 1.046011 -3.779027 56 61 55
40.269054 2.088054 -9.053062 56 61 55
6.562821 0.072714 0.173133 65 66 61
11.384431 0.141461 -1.148743 65 66 61
21.027651 0.278956 -3.792493 65 66 61
40.314091 0.553944 -9.079994 65 66 61
6.561349 -0.119169 0.171713 56 61 55
11.381487 -0.242305 -1.151582 56 61 55
21.021763 -0.488576 -3.798173 56 61 55
40.302315 -0.981120 -9.091354 56 61 55
6.552812 -0.310325 0.172238 62 63 58
11.364412 -0.624618 -1.150532 62 63 58
20.987614 -1.253204 -3.796072 62 63 58
40.234016 -2.510375 -9.087152 62 63 58
6.537337 -0.499927 0.174680 61 63 60
11.333464 -1.003822 -1.145647 61 63 60
20.925716 -2.011611 -3.786302 61 63 60
40.110222 -4.027190 -9.067612 61 63 60
6.515141 -0.687180 0.178989 62 64 61
11.289071 -1.378328 -1.137030 62 64 61
20.836931 -2.760624 -3.769067 62 64 61
39.932652 -5.525215 -9.033142 62 64 61
6.486519 -0.871340 0.185090 56 61 55
11.231828 -1.746648 -1.124828 56 61 55
20.722445 -3.497263 -3.744665 56 61 55
39.703678 -6.998494 -8.984337 56 61 55
6.451837 -1.051727 0.192889 59 61 56
11.162462 -2.107421 -1.109231 59 61 56
20.583714 -4.218809 -3.713469 59 61 56
39.426216 -8.441586 -8.921946 59 61 56
6.411517 -1.227734 0.202276 56 60 59
11.081822 -2.459435 -1.090457 56 60 59
20.422434 -4.922837 -3.675922 56 60 59
39.103657 -9.849641 -8.846851 56 60 59
6.366027 -1.398837 0.213127 55 60 54
10.990843 -2.801641 -1.068754 55 60 54
20.240475 -5.607248 -3.632516 55 60 54
38.739738 -11.218464 -8.760040 55 60 54
6.315866 -1.564597 0.225310 57 59 56
10.890522 -3.133162 -1.044387 57 59 56
20.039833 -6.270292 -3.583783 57 59 56
38.338455 -12.544551 -8.662573 57 59 56
6.261553 -1.724664 0.238687 50 54 53
10.781896 -3.453295 -1.017634 50 54 53
19.822580 -6.910558 -3.530276 50 54 53
37.903950 -13.825084 -8.555561 50 54 53
6.203610 -1.878770 0.253116 53 58 54
10.666009 -3.761508 -0.988777 53 58 54
19.590807 -7.526982 -3.472561 53 58 54
37.440403 -15.057932 -8.440130 53 58 54
6.142556 -2.026730 0.268456 50 55 49
10.543901 -4.057427 -0.958096 50 55 49
19.346592 -8.118821 -3.411199 50 55 49
36.951973 -16.241610 -8.317406 50 55 49
6.078897 -2.168434 0.284571 49 56 50
10.416582 -4.340836 -0.925866 49 56 50
19.091953 -8.685639 -3.346740 49 56 50
36.442696 -17.375246 -8.188488 49 56 50
6.013113 -2.303841 0.301328 49 51 48
10.285015 -4.611650 -0.892352 49 51 48
18.828819 -9.227267 -3.279712 49 51 48
35.916428 -18.458502 -8.054432 49 51 48
5.945662 -2.432970 0.318602 43 48 42
10.150113 -4.869906 -0.857804 43 48 42
18.559015 -9.743780 -3.210616 43 48 42
35.376820 -19.491528 -7.916239 43 48 42
5.790532 2.658643 0.247731 28 37 32
9.839853 5.313318 -0.999547 28 37 32
17.938496 10.622668 -3.494102 28 37 32
34.135780 21.241369 -8.483212 28 37 32
5.859964 2.538236 0.224831 36 41 35
9.978718 5.072505 -1.045346 36 41 35
18.216225 10.141044 -3.585701 36 41 35
34.691238 20.278120 -8.666409 36 41 35
5.928269 2.411719 0.202229 39 44 40
10.115328 4.819470 -1.090549 39 44 40
18.489445 9.634974 -3.676107 39 44 40
35.237679 19.265980 -8.847221 39 44 40
5.995040 2.279014 0.180053 42 46 45
10.248869 4.554060 -1.134902 42 46 45
18.756527 9.104153 -3.764812 42 46 45
35.771843 18.204338 -9.024632 42 46 45
6.059838 2.140095 0.158440 46 48 45
10.378465 4.276224 -1.178129 46 48 45
19.015718 8.548480 -3.851265 46 48 45
36.290226 17.092993 -9.197538 46 48 45
6.122200 1.994998 0.137535 46 48 43
10.503188 3.986028 -1.219938 46 48 43
19.265165 7.968088 -3.934885 46 48 43
36.789120 15.932209 -9.364777 46 48 43
6.181639 1.843818 0.117492 48 48 48
10.622067 3.683668 -1.260024 48 48 48
19.502924 7.363369 -4.015056 48 48 48
37.264637 14.722771 -9.525120 48 48 48
6.237655 1.686725 0.098470 48 53 49
10.734098 3.369483 -1.298067 48 53 49
19.726986 6.734999 -4.091142 48 53 49
37.712761 13.466030 -9.677292 48 53 49
6.289742 1.523968 0.080631 50 55 49
10.838273 3.043970 -1.333746 50 55 49
19.935335 6.083972 -4.162501 50 55 49
38.129459 12.163977 -9.820009 50 55 49
6.337399 1.355876 0.064134 41 46 42
10.933586 2.707786 -1.366741 41 46 42
20.125961 5.411604 -4.228489 41 46 42
38.510712 10.819241 -9.951986 41 46 42
6.380139 1.182862 0.049135 52 57 51
11.019068 2.361758 -1.396737 52 57 51
20.296925 4.719548 -4.288483 52 57 51
38.852638 9.435128 -10.071974 52 57 51
6.417508 1.005423 0.035784 56 58 55
11.093804 2.006878 -1.423441 56 58 55
20.446398 4.009789 -4.341890 56 58 55
39.151585 8.015610 -10.178787 56 58 55
6.449087 0.824132 0.024214 54 56 53
11.156963 1.644296 -1.446579 54 56 53
20.572716 3.284626 -4.388167 54 56 53
39.404221 6.565284 -10.271341 54 56 53
6.474514 0.639638 0.014548 56 58 55
11.207817 1.275308 -1.465913 56 58 55
20.674423 2.546649 -4.426834 56 58 55
39.607635 5.089331 -10.348675 56 58 55
6.493491 0.452651 0.006884 55 60 56
11.245771 0.901334 -1.481241 55 60 56
20.750332 1.798701 -4.457489 55 60 56
39.759453 3.593435 -10.409986 55 60 56
6.505794 0.263932 0.001300 57 57 55
11.270377 0.523898 -1.492409 57 57 55
20.799543 1.043828 -4.479826 57 57 55
39.857876 2.083689 -10.454660 57 57 55
6.511281 0.074279 -0.002153 56 60 61
11.281350 0.144592 -1.499314 56 60 61
20.821489 0.285216 -4.493636 56 60 61
39.901768 0.566465 -10.482279 56 60 61
6.509896 -0.115492 -0.003449 54 59 53
11.278581 -0.234952 -1.501905 54 59 53
20.815950 -0.473870 -4.498819 54 59 53
39.890690 -0.951708 -10.492645 54 59 53
6.501674 -0.304565 -0.002591 55 61 51
11.262136 -0.613096 -1.500190 55 61 51
20.783062 -1.230160 -4.495389 55 61 51
39.824913 -2.464288 -10.485785 55 61 51
6.486734 -0.492136 0.000389 55 59 58
11.232258 -0.988239 -1.494230 55 59 58
20.723305 -1.980445 -4.483469 55 59 58
39.705399 -3.964857 -10.461945 55 59 58
6.465283 -0.677436 0.005435 56 61 55
11.189356 -1.358840 -1.484138 56 61 55
20.637501 -2.721647 -4.463285 56 61 55
39.533791 -5.447262 -10.421577 56 61 55
6.437600 -0.859744 0.012465 55 60 54
11.133989 -1.723456 -1.470078 55 60 54
20.526768 -3.450879 -4.435165 55 60 54
39.312325 -6.905725 -10.365337 55 60 54
6.404030 -1.038398 0.021377 52 57 53
11.066850 -2.080763 -1.452255 52 57 53
20.392488 -4.165493 -4.399518 52 57 53
39.043766 -8.334954 -10.294043 52 57 53
6.364977 -1.212806 0.032049 55 60 56
10.988743 -2.429580 -1.430910 55 60 56
20.236275 -4.863127 -4.356829 55 60 56
38.731339 -9.730222 -10.208666 55 60 56
6.320884 -1.382456 0.044347 52 57 51
10.900558 -2.768880 -1.406315 52 57 51
20.059904 -5.541727 -4.307638 52 57 51
38.378597 -11.087421 -10.110283 52 57 51
6.272229 -1.546917 0.058125 49 54 50
10.803246 -3.097801 -1.378759 49 54 50
19.865282 -6.199570 -4.252525 49 54 50
37.989353 -12.403107 -10.000059 49 54 50
6.219504 -1.705840 0.073231 49 54 50
10.697798 -3.415647 -1.348547 49 54 50
19.654385 -6.835260 -4.192101 49 54 50
37.567558 -13.674488 -9.879210 49 54 50
6.163211 -1.858958 0.089510 46 51 47
10.585211 -3.721883 -1.315987 46 51 47
19.429211 -7.447734 -4.126982 46 51 47
37.117210 -14.899435 -9.748972 46 51 47
6.103848 -2.006084 0.106809 48 53 49
10.466484 -4.016136 -1.281390 48 53 49
19.191757 -8.036239 -4.057788 48 53 49
36.642303 -16.076445 -9.610584 48 53 49
6.041898 -2.147102 0.124975 45 50 46
10.342586 -4.298172 -1.245058 45 50 46
18.943960 -8.600310 -3.985124 45 50 46
36.146709 -17.204588 -9.465256 45 50 46
5.977829 -2.281964 0.143863 39 48 43
10.214446 -4.567894 -1.207282 39 48 43
18.687681 -9.139756 -3.909572 39 48 43
35.634151 -18.283480 -9.314152 39 48 43
5.912078 -2.410678 0.163335 42 47 43
10.082945 -4.825324 -1.168338 42 47 43
18.424679 -9.654614 -3.831685 42 47 43
35.108147 -19.313196 -9.158377 42 47 43
1.745140 5.281798 2.959439 114 120 118
1.914841 10.063169 4.411917 114 120 118
2.254242 19.625910 7.316874 114 120 118
2.933044 38.751392 13.126787 114 120 118
1.882679 5.267760 2.982813 137 151 155
2.189919 10.035093 4.458666 137 151 155
2.804400 19.569759 7.410372 137 151 155
4.033360 38.639091 13.313784 137 151 155
2.024476 5.249326 3.005736 249 253 254
2.473513 9.998224 4.504511 249 253 254
3.371586 19.496021 7.502062 249 253 254
5.167732 38.491615 13.497164 249 253 254
2.170356 5.226135 3.028065 179 191 203
2.765272 9.951843 4.549169 179 191 203
3.955105 19.403259 7.591378 179 191 203
6.334771 38.306091 13.675795 179 191 203
2.320089 5.197832 3.049648 114 120 116
3.064738 9.895237 4.592336 114 120 116
4.554036 19.290047 7.677712 114 120 116
7.532633 38.079666 13.848463 114 120 116
2.473383 5.164072 3.070326 127 130 135
3.371326 9.827717 4.633692 127 130 135
5.167212 19.155006 7.760423 127 130 135
8.758986 37.809586 14.013885 127 130 135
2.629883 5.124533 3.089931 87 93 89
3.684327 9.748638 4.672902 87 93 89
5.793214 18.996849 7.838844 87 93 89
10.010989 37.493271 14.170727 87 93 89
2.789170 5.078919 3.108293 125 128 133
4.002900 9.657412 4.709625 125 128 133
6.430361 18.814396 7.912289 125 128 133
11.285282 37.128365 14.317617 125 128 133
2.950758 5.026979 3.125237 191 195 194
4.326077 9.553532 4.743515 191 195 194
7.076715 18.606636 7.980069 191 195 194
12.577990 36.712845 14.453176 191 195 194
3.114102 4.968508 3.140597 157 163 161
4.652765 9.436589 4.774233 157 163 161
7.730091 18.372751 8.041506 157 163 161
13.884743 36.245075 14.576050 157 163 161
3.278599 4.903361 3.154206 255 255 255
4.981759 9.306295 4.801451 255 255 255
8.388079 18.112164 8.095942 255 255 255
15.200719 35.723900 14.684923 255 255 255
3.443597 4.831462 3.165912 250 255 251
5.311754 9.162498 4.824863 250 255 251
9.048069 17.824568 8.142767 250 255 251
16.520699 35.148708 14.778574 250 255 251
3.608403 4.752812 3.175577 229 239 248
5.641366 9.005198 4.844194 229 239 248
9.707293 17.509968 8.181427 229 239 248
17.839146 34.519508 14.855894 229 239 248
3.772298 4.667492 3.183081 217 228 234
5.969157 8.834558 4.859202 217 228 234
10.362875 17.168688 8.211444 217 228 234
19.150311 33.836948 14.915928 217 228 234
3.934551 4.575669 3.188327 218 229 235
6.293662 8.650911 4.869694 218 229 235
11.011884 16.801395 8.232428 218 229 235
20.448328 33.102364 14.957895 218 229 235
4.094428 4.477597 3.191244 213 220 228
6.613417 8.454767 4.875526 213 220 228
11.651395 16.409107 8.244093 213 220 228
21.727350 32.317787 14.981226 213 220 228
4.251218 4.373613 3.191788 215 225 234
6.926997 8.246799 4.876615 215 225 234
12.278555 15.993170 8.246269 215 225 234
22.981670 31.485912 14.985579 215 225 234
4.404238 4.264130 3.189946 212 222 231
7.233037 8.027832 4.872931 212 222 231
12.890635 15.555237 8.238901 212 222 231
24.205830 30.610046 14.970842 212 222 231
4.552856 4.149633 3.185735 215 225 234
7.530272 7.798840 4.864510 215 225 234
13.485106 15.097252 8.222059 215 225 234
25.394772 29.694077 14.937157 215 225 234
4.696498 4.030668 3.179202 219 232 241
7.817557 7.560909 4.851444 219 232 241
14.059674 14.621391 8.195928 219 232 241
26.543909 28.742355 14.884895 219 232 241
4.834663 3.907824 3.170422 228 241 250
8.093887 7.315221 4.833884 228 241 250
14.612335 14.130015 8.160807 228 241 250
27.649231 27.759604 14.814653 228 241 250
4.966930 3.781725 3.159495 230 243 251
8.358421 7.063024 4.812030 230 243 251
15.141403 13.625620 8.117100 230 243 251
28.707367 26.750813 14.727240 230 243 251
5.092961 3.653014 3.146545 240 251 253
8.610482 6.805602 4.786129 240 251 253
15.645525 13.110776 8.065298 240 251 253
29.715611 25.721125 14.623636 240 251 253
5.212504 3.522338 3.131712 218 242 252
8.849568 6.544250 4.756465 218 242 252
16.123697 12.588072 8.005969 218 242 252
30.671955 24.675716 14.504978 218 242 252
5.325393 3.390334 3.115154 206 233 252
9.075346 6.280241 4.723348 206 233 252
16.575253 12.060056 7.939734 206 233 252
31.575068 23.619684 14.372509 206 233 252
5.431545 3.257619 3.097035 198 225 254
9.287651 6.014811 4.687110 198 225 254
16.999863 11.529194 7.867260 198 225 254
32.424286 22.557961 14.227560 198 225 254
5.530953 3.124778 3.077529 190 221 252
9.486467 5.749129 4.648099 190 221 252
17.397495 10.997830 7.789237 190 221 252
33.219551 21.495234 14.071514 190 221 252
5.623679 2.992358 3.056810 186 216 252
9.671919 5.484289 4.606660 186 216 252
17.768398 10.468151 7.706359 186 216 252
33.961357 20.435875 13.905758 186 216 252
5.709845 2.860859 3.035050 181 211 247
9.844250 5.221290 4.563141 181 211 247
18.113060 9.942153 7.619321 181 211 247
34.650681 19.383879 13.731682 181 211 247
5.789623 2.730730 3.012419 177 208 239
10.003806 4.961033 4.517877 177 208 239
18.432173 9.421638 7.528793 177 208 239
35.288906 18.342850 13.550627 177 208 239
5.863232 2.602371 2.989077 174 205 236
10.151025 4.704314 4.471192 174 205 236
18.726610 8.908200 7.435425 174 205 236
35.877781 17.315973 13.363890 174 205 236
5.930922 2.476125 2.965176 170 201 230
10.286404 4.451824 4.423392 170 201 230
18.997368 8.403220 7.339824 170 201 230
36.419296 16.306013 13.172688 170 201 230
1.747624 5.324789 2.809222 122 130 141
1.919808 10.149151 4.111483 122 130 141
2.264176 19.797874 6.716006 122 130 141
2.952913 39.095322 11.925051 122 130 141
1.886428 5.312037 2.830479 114 124 123
2.197417 10.123646 4.153997 114 124 123
2.819395 19.746864 6.801035 114 124 123
4.063351 38.993301 12.095110 114 124 123
2.029606 5.294838 2.851340 88 94 91
2.483773 10.089249 4.195719 88 94 91
3.392107 19.678070 6.884478 88 94 91
5.208775 38.855713 12.261995 88 94 91
2.176985 5.272816 2.871675 66 73 66
2.778530 10.045205 4.236388 66 73 66
3.981620 19.589983 6.965816 66 73 66
6.387800 38.679539 12.424673 66 73 66
2.328331 5.245597 2.891343 58 68 60
3.081223 9.990767 4.275725 58 68 60
4.587006 19.481108 7.044490 58 68 60
7.598572 38.461788 12.582020 58 68 60
2.483350 5.212818 2.910197 57 63 59
3.391261 9.925208 4.313433 57 63 59
5.207082 19.349989 7.119906 57 63 59
8.838724 38.199551 12.732851 57 63 59
2.641680 5.174135 2.928082 88 98 91
3.707920 9.847843 4.349203 88 98 91
5.840401 19.195259 7.191446 88 98 91
10.105363 37.890091 12.875933 88 98 91
2.802890 5.129236 2.944839 122 128 128
4.030341 9.758044 4.382718 122 128 128
6.485243 19.015661 7.258475 122 128 128
11.395046 37.530895 13.009989 122 128 128
2.966484 5.077847 2.960308 159 164 169
4.357529 9.655267 4.413656 159 164 169
7.139618 18.810106 7.320352 159 164 169
12.703796 37.119785 13.133743 159 164 169
3.131898 5.019748 2.974331 94 99 101
4.688357 9.539068 4.441703 94 99 101
7.801274 18.577709 7.376445 94 99 101
14.027109 36.654991 13.245930 94 99 101
3.298511 4.954777 2.986756 255 255 255
5.021582 9.409127 4.466552 255 255 255
8.467724 18.317827 7.426143 255 255 255
15.360009 36.135227 13.345325 255 255 255
3.465646 4.882846 2.997438 238 245 253
5.355853 9.265265 4.487916 238 245 253
9.136267 18.030102 7.468873 238 245 253
16.697094 35.559776 13.430784 238 245 253
3.632589 4.803946 3.006249 218 229 235
5.689738 9.107464 4.505539 218 229 235
9.804037 17.714500 7.504117 218 229 235
18.032635 34.928574 13.501274 218 229 235
3.798592 4.718152 3.013077 208 215 223
6.021745 8.935877 4.519194 208 215 223
10.468051 17.371326 7.531428 208 215 223
19.360662 34.242226 13.555895 208 215 223
3.962897 4.625632 3.017830 199 209 218
6.350355 8.750837 4.528700 199 209 218
11.125271 17.001247 7.550439 199 209 218
20.675102 33.502068 13.593918 199 209 218
4.124744 4.526644 3.020442 202 213 219
6.674049 8.552860 4.533924 202 213 219
11.772659 16.605293 7.560888 202 213 219
21.969879 32.710159 13.614815 202 213 219
4.283394 4.421531 3.020873 203 214 220
6.991348 8.342634 4.534784 203 214 220
12.407257 16.184841 7.562609 203 214 220
23.239075 31.869253 13.618258 203 214 220
4.438140 4.310722 3.019109 206 216 225
7.300840 8.121017 4.531259 206 216 225
13.026241 15.741608 7.555557 206 216 225
24.477043 30.982788 13.604153 206 216 225
4.588328 4.194722 3.015169 215 225 235
7.601216 7.889016 4.523377 215 225 235
13.626993 15.277605 7.539795 215 225 235
25.678547 30.054783 13.572630 215 225 235
4.733366 4.074093 3.009095 240 251 254
7.891293 7.647759 4.511230 240 251 254
14.207147 14.795091 7.515501 240 251 254
26.838854 29.089754 13.524040 240 251 254
4.872741 3.949452 3.000959 255 255 255
8.170042 7.398477 4.494958 255 255 255
14.764646 14.296526 7.482956 255 255 255
27.953852 28.092625 13.458952 255 255 255
5.006020 3.821447 2.990856 104 113 109
8.436600 7.142467 4.474751 104 113 109
15.297760 13.784508 7.442543 104 113 109
29.020081 27.068588 13.378124 104 113 109
5.132860 3.690748 2.978900 97 105 107
8.690281 6.881069 4.450840 97 105 107
15.805122 13.261711 7.394719 97 105 107
30.034805 26.022995 13.282476 97 105 107
5.253011 3.558029 2.965225 76 82 82
8.930583 6.615631 4.423490 76 82 82
16.285727 12.730834 7.340019 76 82 82
30.996014 24.961241 13.173077 76 82 82
5.366310 3.423952 2.949977 171 178 186
9.157181 6.347477 4.392993 171 178 186
16.738922 12.194527 7.279027 171 178 186
31.902407 23.888626 13.051092 171 178 186
5.472682 3.289159 2.933311 168 175 183
9.369925 6.077891 4.359662 168 175 183
17.164410 11.655354 7.212364 168 175 183
32.753380 22.810282 12.917768 168 175 183
5.572128 3.154257 2.915389 161 172 178
9.568816 5.808087 4.323817 161 172 178
17.562193 11.115746 7.140673 161 172 178
33.548946 21.731066 12.774385 161 172 178
5.664724 3.019811 2.896371 135 146 152
9.754008 5.539195 4.285782 135 146 152
17.932577 10.577962 7.064603 135 146 152
34.289715 20.655497 12.622246 135 146 152
5.750606 2.886338 2.876420 73 86 86
9.925773 5.272248 4.245879 73 86 86
18.276106 10.044068 6.984797 73 86 86
34.976772 19.587709 12.462633 73 86 86
5.829964 2.754301 2.855690 73 85 85
10.084489 5.008175 4.204419 73 85 85
18.593538 9.515923 6.901877 73 85 85
35.611637 18.531418 12.296793 73 85 85
5.903032 2.624111 2.834330 71 79 81
10.230625 4.747794 4.161700 71 79 81
18.885811 8.995161 6.816440 71 79 81
36.196182 17.489895 12.125919 71 79 81
5.970076 2.496119 2.812482 83 94 96
10.364712 4.491811 4.118004 83 94 96
19.153984 8.483195 6.729048 83 94 96
36.732529 16.465963 11.951136 83 94 96
1.749975 5.363642 2.655300 123 133 143
1.924511 10.226856 3.803639 123 133 143
2.273582 19.953285 6.100317 123 133 143
2.971724 39.406143 10.693674 123 133 143
1.889918 5.352078 2.674259 251 254 251
2.204397 10.203729 3.841558 251 254 251
2.833354 19.907030 6.176155 251 254 251
4.091269 39.313633 10.845350 251 254 251
2.034341 5.336026 2.692876 66 76 68
2.493243 10.171625 3.878791 66 76 68
3.411046 19.842823 6.250622 66 76 68
5.246652 39.185219 10.994284 66 76 68
2.183071 5.315092 2.711032 66 74 61
2.790702 10.129757 3.915104 66 74 61
4.005965 19.759087 6.323248 66 74 61
6.436491 39.017746 11.139536 66 74 61
2.335875 5.288885 2.728603 61 68 61
3.096310 10.077342 3.950245 61 68 61
4.617181 19.654257 6.393530 61 68 61
7.658922 38.808086 11.280100 61 68 61
2.492454 5.257025 2.745453 94 101 94
3.409468 10.013623 3.983946 94 101 94
5.243496 19.526819 6.460931 94 101 94
8.911552 38.553211 11.414902 94 101 94
2.652439 5.219150 2.761443 66 76 65
3.729439 9.937873 4.015925 66 76 65
5.883438 19.375319 6.524890 66 76 65
10.191437 38.250210 11.542820 66 76 65
2.815392 5.174929 2.776428 71 79 68
4.055345 9.849431 4.045896 71 79 68
6.535251 19.198435 6.584830 71 79 68
11.495062 37.896442 11.662701 71 79 68
2.980804 5.124071 2.790263 167 173 173
4.386168 9.747715 4.073565 167 173 173
7.196897 18.995003 6.640169 167 173 173
12.818355 37.489578 11.773378 167 173 173
3.148096 5.066338 2.802803 253 253 253
4.720753 9.632249 4.098644 253 253 253
7.866066 18.764071 6.690329 253 253 253
14.156692 37.027714 11.873697 253 253 253
3.316628 5.001555 2.813909 255 255 255
5.057817 9.502683 4.120856 255 255 255
8.540195 18.504938 6.734753 255 255 255
15.504950 36.509449 11.962545 255 255 255
3.485705 4.929619 2.823449 255 255 255
5.395970 9.358811 4.139938 255 255 255
9.216501 18.217196 6.772916 255 255 255
16.857563 35.933964 12.038872 255 255 255
3.654587 4.850513 2.831307 252 254 253
5.733735 9.200600 4.155653 252 254 253
9.892031 17.900772 6.804347 252 254 253
18.208622 35.301117 12.101732 252 254 253
3.822504 4.764309 2.837379 226 240 240
6.069569 9.028191 4.167796 226 240 240
10.563699 17.555954 6.828632 226 240 240
19.551958 34.611481 12.150305 226 240 240
3.988671 4.671171 2.841580 235 244 251
6.401902 8.841914 4.176201 235 244 251
11.228365 17.183401 6.845441 235 244 251
20.881290 33.866375 12.183922 235 244 251
4.152303 4.571360 2.843853 239 246 254
6.729167 8.642292 4.180745 239 246 254
11.882894 16.784157 6.854529 239 246 254
22.190348 33.067886 12.202097 239 246 254
4.312636 4.465230 2.844158 210 217 225
7.049832 8.430033 4.181355 210 217 225
12.524225 16.359638 6.855750 210 217 225
23.473011 32.218849 12.204540 210 217 225
4.468941 4.353221 2.842485 217 227 236
7.362443 8.206016 4.178010 217 227 236
13.149446 15.911604 6.849059 217 227 236
24.723454 31.322781 12.191156 217 227 236
4.620544 4.235853 2.838850 203 216 225
7.665649 7.971279 4.170739 203 216 225
13.755858 15.442131 6.834517 203 216 225
25.936277 30.383835 12.162073 203 216 225
4.766838 4.113711 2.833293 123 131 134
7.958236 7.726995 4.159626 123 131 134
14.341032 14.953563 6.812291 123 131 134
27.106625 29.406698 12.117622 123 131 134
4.907294 3.987432 2.825880 81 82 84
8.239148 7.474436 4.144800 81 82 84
14.902857 14.448444 6.782640 81 82 84
28.230274 28.396461 12.058319 81 82 84
5.041472 3.857688 2.816699 107 113 113
8.507505 7.214950 4.126438 107 113 113
15.439570 13.929472 6.745915 107 113 113
29.303701 27.358517 11.984871 107 113 113
5.169027 3.725175 2.805855 118 124 124
8.762614 6.949924 4.104751 118 124 124
15.949789 13.399420 6.702540 118 124 124
30.324139 26.298412 11.898121 118 124 124
5.289706 3.590591 2.793472 111 120 119
9.003973 6.680755 4.079983 111 120 119
16.432507 12.861082 6.653005 111 120 119
31.289574 25.221737 11.799049 111 120 119
5.403352 3.454623 2.779682 165 176 182
9.231264 6.408818 4.052403 165 176 182
16.887089 12.317209 6.597846 165 176 182
32.198738 24.133991 11.688730 165 176 182
5.509894 3.317934 2.764628 76 73 71
9.444349 6.135440 4.022296 76 73 71
17.313259 11.770452 6.537631 76 73 71
33.051079 23.040478 11.568302 76 73 71
5.609347 3.181150 2.748457 80 69 72
9.643254 5.861874 3.989954 80 69 72
17.711069 11.223320 6.472947 80 69 72
33.846699 21.946213 11.438934 80 69 72
5.701797 3.044858 2.731317 70 67 60
9.828155 5.589288 3.955674 70 67 60
18.080870 10.678149 6.404387 70 67 60
34.586300 20.855871 11.301815 70 67 60
5.787395 2.909586 2.713354 84 83 78
9.999351 5.318745 3.919747 84 83 78
18.423262 10.137063 6.332533 84 83 78
35.271084 19.773699 11.158106 84 83 78
5.866345 2.775813 2.694709 91 87 84
10.157250 5.051199 3.882457 91 87 84
18.739061 9.601971 6.257953 91 87 84
35.902683 18.703514 11.008945 91 87 84
5.938896 2.643957 2.675517 80 91 92
10.302353 4.787487 3.844073 80 91 92
19.029266 9.074547 6.181185 80 91 92
36.483093 17.648666 10.855410 80 91 92
6.005330 2.514379 2.655904 84 95 97
10.435220 4.528331 3.804848 84 95 97
19.295000 8.556234 6.102736 84 95 97
37.014561 16.612041 10.698511 84 95 97
1.752180 5.398033 2.498031 54 63 58
1.928920 10.295639 3.489101 54 63 58
2.282400 20.090851 5.471243 54 63 58
2.989360 39.681274 9.435525 54 63 58
1.893124 5.387542 2.514525 89 96 89
2.210809 10.274656 3.522089 89 96 89
2.846179 20.048885 5.537219 89 96 89
4.116919 39.597343 9.567476 89 96 89
2.038643 5.372526 2.530727 61 73 63
2.501847 10.244624 3.554494 61 73 63
3.428255 19.988821 5.602028 61 73 63
5.281070 39.477215 9.697096 61 73 63
2.188565 5.352577 2.546535 73 80 73
2.801690 10.204727 3.586110 73 80 73
4.027940 19.909027 5.665259 73 80 73
6.480440 39.317627 9.823559 73 80 73
2.342654 5.327291 2.561837 44 54 46
3.109869 10.154156 3.616714 44 54 46
4.644299 19.807884 5.726468 44 54 46
7.713158 39.115341 9.945976 44 54 46
2.500610 5.296270 2.576515 55 62 55
3.425781 10.092113 3.646070 55 62 55
5.276122 19.683800 5.785181 55 62 55
8.976805 38.867172 10.063400 55 62 55
2.662059 5.259137 2.590446 49 56 49
3.748678 10.017847 3.673932 49 56 49
5.921917 19.535267 5.840903 49 56 49
10.268395 38.570107 10.174845 49 56 49
2.826553 5.215542 2.603501 47 57 49
4.077667 9.930657 3.700041 47 57 49
6.579895 19.360888 5.893122 47 57 49
11.584352 38.221348 10.279284 47 57 49
2.993574 5.165180 2.615551 70 80 72
4.411708 9.829933 3.724142 70 80 72
7.247977 19.159439 5.941324 70 80 72
12.920515 37.818451 10.375687 70 80 72
3.162529 5.107796 2.626469 70 79 74
4.749618 9.715165 3.745977 70 79 74
7.923796 18.929903 5.984994 70 79 74
14.272153 37.359379 10.463028 70 79 74
3.332761 5.043201 2.636130 179 183 186
5.090083 9.585976 3.765300 179 183 186
8.604727 18.671524 6.023639 179 183 186
15.634015 36.842621 10.540318 179 183 186
3.503558 4.971282 2.644418 150 155 158
5.431677 9.442137 3.781876 150 155 158
9.287914 18.383846 6.056792 150 155 158
17.000389 36.267265 10.606623 150 155 158
3.674159 4.892014 2.651228 133 138 141
5.772878 9.283600 3.795496 133 138 141
9.970316 18.066772 6.084031 133 138 141
18.365192 35.633118 10.661100 133 138 141
3.843770 4.805460 2.656468 188 196 199
6.112101 9.110493 3.805976 188 196 199
10.648763 17.720558 6.104992 188 196 199
19.722086 34.940689 10.703024 188 196 199
4.011585 4.711786 2.660065 197 204 212
6.447730 8.923144 3.813169 197 204 212
11.320021 17.345861 6.119377 197 204 212
21.064602 34.191296 10.731794 197 204 212
4.176796 4.611256 2.661963 196 205 210
6.778152 8.722084 3.816966 196 205 210
11.980865 16.943741 6.126972 196 205 210
22.386290 33.387054 10.746983 196 205 210
4.338615 4.504230 2.662132 130 138 140
7.101791 8.508033 3.817303 130 138 140
12.628143 16.515638 6.127645 130 138 140
23.680847 32.530849 10.748329 130 138 140
4.496296 4.391160 2.660560 79 83 84
7.417153 8.281894 3.814160 79 83 84
13.258866 16.063360 6.121360 79 83 84
24.942293 31.626293 10.735760 79 83 84
4.649145 4.272581 2.657264 107 111 112
7.722850 8.044734 3.807567 107 111 112
13.870260 15.589041 6.108173 107 111 112
26.165081 30.677654 10.709385 107 111 112
4.796539 4.149094 2.652279 113 119 119
8.017639 7.797760 3.797597 113 119 119
14.459838 15.095093 6.088234 113 119 119
27.344236 29.689758 10.669508 113 119 119
4.937940 4.021357 2.645665 121 130 129
8.300440 7.542287 3.784369 121 130 129
15.025441 14.584146 6.061778 121 130 129
28.475443 28.667866 10.616594 121 130 129
5.072900 3.890066 2.637500 91 87 82
8.570360 7.279705 3.768039 91 87 82
15.565281 14.058983 6.029118 91 87 82
29.555122 27.617538 10.551275 91 87 82
5.201070 3.755938 2.627880 86 82 76
8.826700 7.011448 3.748799 86 82 76
16.077961 13.522470 5.990638 86 82 76
30.580481 26.544512 10.474316 86 82 76
5.322197 3.619692 2.616914 81 76 70
9.068954 6.738957 3.726867 81 76 70
16.562469 12.977487 5.946773 81 76 70
31.549500 25.454546 10.386585 81 76 70
5.436128 3.482039 2.604721 82 75 67
9.296816 6.463651 3.702482 82 75 67
17.018192 12.426874 5.898003 82 75 67
32.460945 24.353321 10.289045 82 75 67
5.542800 3.343660 2.591429 81 77 65
9.510161 6.186893 3.675898 81 77 65
17.444883 11.873360 5.844836 81 77 65
33.314327 23.246292 10.182711 81 77 65
5.642237 3.205204 2.577169 45 52 58
9.709034 5.909980 3.647377 45 52 58
17.842628 11.319532 5.787794 45 52 58
34.109818 22.138638 10.068626 45 52 58
5.734535 3.067267 2.562071 75 70 64
9.893631 5.634107 3.617181 75 70 64
18.211823 10.767786 5.727401 75 70 64
34.848206 21.035145 9.947842 75 70 64
5.819859 2.930397 2.546264 86 84 85
10.064278 5.360366 3.585568 86 84 85
18.553116 10.220304 5.664176 86 84 85
35.530792 19.940182 9.821392 86 84 85
5.898427 2.795079 2.529875 88 84 81
10.221414 5.089732 3.552790 88 84 81
18.867388 9.679036 5.598619 88 84 81
36.159336 18.857645 9.690279 88 84 81
5.970500 2.661744 2.513022 89 88 83
10.365560 4.823061 3.519083 89 88 83
19.155680 9.145694 5.531207 89 88 83
36.735920 17.790960 9.555452 89 88 83
6.036373 2.530756 2.495816 90 94 93
10.497307 4.561086 3.484671 90 94 93
19.419174 8.621744 5.462382 90 94 93
37.262909 16.743061 9.417805 90 94 93
1.754224 5.427669 2.337821 56 66 55
1.933008 10.354910 3.168683 56 66 55
2.290577 20.209393 4.830405 56 66 55
3.005715 39.918358 8.153851 56 66 55
1.896024 5.418114 2.351699 60 71 67
2.216608 10.335801 3.196438 60 71 67
2.857776 20.171175 4.885917 60 71 67
4.140113 39.841923 8.264873 60 71 67
2.042479 5.404004 2.365335 49 59 50
2.509518 10.307581 3.223708 49 59 50
3.443597 20.114735 4.940456 49 59 50
5.311754 39.729042 8.373953 49 59 50
2.193419 5.384921 2.378639 43 51 40
2.811398 10.269415 3.250318 43 51 40
4.047356 20.038403 4.993675 43 51 40
6.519272 39.576378 8.480390 43 51 40
2.348608 5.360445 2.391519 102 108 104
3.121777 10.220463 3.276077 102 108 104
4.668114 19.940498 5.045194 102 108 104
7.760788 39.380569 8.583427 102 108 104
2.507743 5.330164 2.403872 54 61 53
3.440046 10.159901 3.300785 54 61 53
5.304652 19.819374 5.094609 54 61 53
9.033865 39.138321 8.682257 54 61 53
2.670445 5.293688 2.415595 65 72 65
3.765450 10.086948 3.324229 65 72 65
5.955461 19.673470 5.141498 65 72 65
10.335482 38.846512 8.776035 65 72 65
2.836260 5.250652 2.426576 64 74 65
4.097081 10.000876 3.346191 64 74 65
6.618722 19.501326 5.185423 64 74 65
11.662004 38.502224 8.863885 64 74 65
3.004660 5.200736 2.436706 66 73 66
4.433880 9.901044 3.366451 66 73 66
7.292321 19.301661 5.225942 66 73 66
13.009202 38.102894 8.944923 66 73 66
3.175041 5.143672 2.445875 77 84 77
4.774642 9.786916 3.384789 77 84 77
7.973845 19.073404 5.262617 77 84 77
14.372250 37.646381 9.018274 77 84 77
3.346732 5.079257 2.453976 67 76 65
5.118025 9.658087 3.400991 67 76 65
8.660611 18.815746 5.295022 67 76 65
15.745783 37.131065 9.083084 67 76 65
3.519004 5.007370 2.460910 84 91 83
5.462569 9.514313 3.414859 84 91 83
9.349699 18.528198 5.322757 84 91 83
17.123959 36.555969 9.138554 84 91 83
3.691079 4.927976 2.466586 65 70 64
5.806719 9.355525 3.426211 65 70 64
10.037998 18.210623 5.345462 65 70 64
18.500557 35.920818 9.183963 65 70 64
3.862144 4.841136 2.470926 177 188 190
6.148849 9.181845 3.434891 177 188 190
10.722258 17.863262 5.362821 177 188 190
19.869076 35.226097 9.218681 177 188 190
4.031372 4.747013 2.473866 100 111 113
6.487305 8.993599 3.440772 100 111 113
11.399171 17.486771 5.374584 100 111 113
21.222902 34.473114 9.242207 100 111 113
4.197935 4.645873 2.475361 109 115 115
6.820431 8.791319 3.443761 109 115 115
12.065422 17.082211 5.380562 109 115 115
22.555405 33.663994 9.254164 109 115 115
4.361027 4.538083 2.475382 113 116 121
7.146615 8.575739 3.443804 113 116 121
12.717791 16.651051 5.380647 113 116 121
23.860142 32.801674 9.254333 113 116 121
4.519883 4.424104 2.473923 83 85 84
7.464326 8.347781 3.440885 83 85 84
13.353212 16.195135 5.374809 83 85 84
25.130985 31.889843 9.242659 83 85 84
4.673793 4.304483 2.470995 96 87 75
7.772146 8.108540 3.435030 96 87 75
13.968852 15.716652 5.363100 96 87 75
26.362265 30.932877 9.219239 96 87 75
4.822122 4.179840 2.466633 68 68 65
8.068805 7.859253 3.426305 68 68 65
14.562170 15.218079 5.345650 68 68 65
27.548901 29.935730 9.184340 68 68 65
4.964323 4.050849 2.460886 47 53 53
8.353207 7.601271 3.414812 47 53 53
15.130975 14.702115 5.322664 47 53 53
28.686510 28.903803 9.138369 47 53 53
5.099941 3.918224 2.453825 61 60 58
8.624443 7.336021 3.400688 61 60 58
15.673447 14.171616 5.294416 61 60 58
29.771454 27.842804 9.081873 61 60 58
5.228624 3.782702 2.445530 76 73 68
8.881809 7.064978 3.384099 76 73 68
16.188179 13.629528 5.261238 76 73 68
30.800919 26.758629 9.015514 76 73 68
5.350121 3.645023 2.436097 56 60 61
9.124802 6.789619 3.365233 56 60 61
16.674164 13.078812 5.223505 56 60 61
31.772888 25.657196 8.940050 56 60 61
5.464280 3.505916 2.425629 47 52 55
9.353121 6.511405 3.344297 47 52 55
17.130802 12.522384 5.181635 47 52 55
32.686165 24.544340 8.856309 47 52 55
5.571047 3.366080 2.414236 68 74 74
9.566654 6.231733 3.321511 68 74 74
17.557869 11.963039 5.136062 68 74 74
33.540298 23.425652 8.765163 68 74 74
5.670452 3.226180 2.402030 79 86 79
9.765465 5.951932 3.297099 79 86 79
17.955490 11.403437 5.087237 79 86 79
34.335541 22.306446 8.667515 79 86 79
5.762602 3.086825 2.389123 72 68 57
9.949765 5.673223 3.271286 72 68 57
18.324091 10.846019 5.035611 72 68 57
35.072742 21.191610 8.564260 72 68 57
5.847674 2.948576 2.375627 98 109 111
10.119909 5.396724 3.244294 98 109 111
18.664379 10.293021 4.981627 98 109 111
35.753319 20.085615 8.456293 98 109 111
5.925896 2.811928 2.361648 116 127 131
10.276353 5.123429 3.216336 116 127 131
18.977266 9.746431 4.925713 116 127 131
36.379093 18.992435 8.344464 116 127 131
5.997543 2.677318 2.347289 112 129 137
10.419646 4.854208 3.187617 112 129 137
19.263853 9.207989 4.868274 112 129 137
36.952267 17.915550 8.229588 112 129 137
6.062922 2.545117 2.332643 73 81 84
10.550404 4.589806 3.158326 73 81 84
19.525368 8.679185 4.809690 73 81 84
37.475296 16.857943 8.112421 73 81 84
1.756096 5.452288 2.175121 42 49 42
1.936753 10.404148 2.843281 42 49 42
2.298067 20.307869 4.179602 42 49 42
3.020694 40.115311 6.852243 42 49 42
1.898595 5.443517 2.186252 49 60 52
2.221751 10.386606 2.865544 49 60 52
2.868063 20.272785 4.224128 49 60 52
4.160686 40.045143 6.941296 49 60 52
2.045817 5.430167 2.197188 48 56 43
2.516194 10.359906 2.887415 48 56 43
3.456949 20.219385 4.267869 48 56 43
5.338459 39.938343 7.028778 48 56 43
2.197591 5.411809 2.207856 50 60 51
2.819742 10.323192 2.908751 50 60 51
4.064044 20.145956 4.310541 50 60 51
6.552648 39.791485 7.114122 50 60 51
2.353681 5.388015 2.218179 52 59 52
3.131923 10.275602 2.929398 52 59 52
4.688406 20.050777 4.351835 52 59 52
7.801373 39.601128 7.196710 52 59 52
2.513782 5.358359 2.228076 58 65 57
3.452125 10.216291 2.949192 58 65 57
5.328810 19.932156 4.391424 58 65 57
9.082180 39.363884 7.275887 58 65 57
2.677512 5.322440 2.237461 72 79 71
3.779584 10.144453 2.967961 72 79 71
5.983728 19.788479 4.428961 72 79 71
10.392016 39.076530 7.350962 72 79 71
2.844410 5.279880 2.246243 58 68 59
4.113381 10.059333 2.985526 58 68 59
6.651323 19.618238 4.464092 58 68 59
11.727206 38.736050 7.421224 58 68 59
3.013942 5.230348 2.254334 54 61 54
4.452444 9.960268 3.001707 54 61 54
7.329448 19.420109 4.496454 54 61 54
13.083456 38.339790 7.485948 54 61 54
3.185493 5.173561 2.261643 69 76 68
4.795546 9.846695 3.016325 69 76 68
8.015652 19.192963 4.525690 69 76 68
14.455864 37.885498 7.544420 69 76 68
3.358382 5.109311 2.268084 76 84 73
5.141324 9.718195 3.029207 76 84 73
8.707209 18.935963 4.551453 76 84 73
15.838978 37.371498 7.595945 76 84 73
3.531865 5.037464 2.273574 70 75 68
5.488290 9.574501 3.040188 70 75 68
9.401140 18.648575 4.573416 70 75 68
17.226841 36.796722 7.639871 70 75 68
3.705148 4.957979 2.278041 54 55 57
5.834857 9.415531 3.049122 54 55 57
10.094275 18.330635 4.591284 54 55 57
18.613111 36.160843 7.675607 54 55 57
3.877406 4.870915 2.281421 158 166 168
6.179373 9.241403 3.055881 158 166 168
10.783306 17.982378 4.604802 158 166 168
19.991173 35.464329 7.702644 158 166 168
4.047792 4.776431 2.283661 90 91 77
6.520144 9.052435 3.060362 90 91 77
11.464849 17.604443 4.613764 90 91 77
21.354259 34.708458 7.720568 90 91 77
4.215463 4.674797 2.284725 70 70 68
6.855485 8.849167 3.062490 70 70 68
12.135531 17.197906 4.618020 70 70 68
22.695623 33.895386 7.729080 70 70 68
4.379595 4.566384 2.284591 70 74 75
7.183751 8.632340 3.062222 70 74 75
12.792063 16.764254 4.617482 70 74 75
24.008686 33.028080 7.728004 70 74 75
4.539411 4.451661 2.283253 60 64 65
7.503382 8.402895 3.059545 60 64 65
13.431324 16.305363 4.612130 60 64 65
25.287209 32.110298 7.717299 60 64 65
4.694186 4.331186 2.280722 60 64 63
7.812932 8.161944 3.054483 60 64 63
14.050425 15.823462 4.602006 60 64 63
26.525410 31.146496 7.697052 60 64 63
4.843276 4.205591 2.277026 61 67 67
8.111113 7.910756 3.047092 61 67 67
14.646785 15.321084 4.587223 61 67 67
27.718130 30.141741 7.667486 61 67 67
4.986125 4.075566 2.272208 55 59 60
8.396811 7.650705 3.037456 55 59 60
15.218182 14.800983 4.567952 55 59 60
28.860924 29.101540 7.628943 55 59 60
5.122273 3.941842 2.266325 60 57 48
8.669107 7.383256 3.025690 60 57 48
15.762775 14.266085 4.544419 60 57 48
29.950111 28.031742 7.581878 60 57 48
5.251367 3.805170 2.259445 68 67 63
8.927295 7.109913 3.011930 68 67 63
16.279150 13.719398 4.516900 68 67 63
30.982861 26.938370 7.526839 68 67 63
5.373155 3.666308 2.251647 56 65 62
9.170870 6.832188 2.996333 56 65 62
16.766300 13.163949 4.485706 56 65 62
31.957161 25.827471 7.464451 56 65 62
5.487490 3.526000 2.243015 49 53 52
9.399540 6.551572 2.979070 49 53 52
17.223640 12.602717 4.451180 49 53 52
32.871841 24.705008 7.395399 49 53 52
5.594320 3.384960 2.233640 48 53 56
9.613201 6.269494 2.960320 48 53 56
17.650963 12.038560 4.413679 48 53 56
33.726486 23.576693 7.320397 48 53 56
5.693686 3.243866 2.223614 46 51 49
9.811932 5.987304 2.940268 46 51 49
18.048424 11.474181 4.373574 46 51 49
34.521408 22.447935 7.240189 46 51 49
5.785702 3.103341 2.213029 65 61 50
9.995964 5.706254 2.919098 65 61 50
18.416489 10.912081 4.331235 65 61 50
35.257538 21.323734 7.155509 65 61 50
5.870553 2.963952 2.201976 75 81 77
10.165666 5.427476 2.896992 75 81 77
18.755892 10.354526 4.287024 75 81 77
35.936344 20.208624 7.067087 75 81 77
5.948479 2.826205 2.190543 122 136 137
10.321519 5.151983 2.874125 122 136 137
19.067598 9.803538 4.241290 122 136 137
36.559757 19.106649 6.975619 122 136 137
6.019763 2.690541 2.178811 125 139 139
10.464087 4.880655 2.850661 125 139 139
19.352736 9.260882 4.194362 125 139 139
37.130032 18.021338 6.881764 125 139 139
6.084725 2.557338 2.166858 82 93 95
10.594010 4.614249 2.826756 82 93 95
19.612581 8.728070 4.146552 82 93 95
37.649723 16.955713 6.786143 82 93 95
1.757785 5.471673 2.010416 45 54 49
1.940131 10.442919 2.513871 45 54 49
2.304822 20.385410 3.520782 45 54 49
3.034204 40.270393 5.534604 45 54 49
1.900821 5.463516 2.018695 34 41 34
2.226203 10.426605 2.530429 34 41 34
2.876966 20.352783 3.553898 34 41 34
4.178493 40.205139 5.600836 34 41 34
2.048631 5.450764 2.026822 35 42 34
2.521823 10.401100 2.546684 35 42 34
3.468206 20.301773 3.586408 35 42 34
5.360972 40.103119 5.665855 35 42 34
2.201045 5.432978 2.034744 34 41 34
2.826650 10.365529 2.562528 34 41 34
4.077861 20.230631 3.618095 34 41 34
6.580283 39.960835 5.729230 34 41 34
2.357827 5.409721 2.042402 44 45 40
3.140214 10.319016 2.577844 44 45 40
4.704989 20.137604 3.648728 44 45 40
7.834540 39.774780 5.790495 44 45 40
2.518669 5.380562 2.049734 36 41 34
3.461899 10.260696 2.592508 36 41 34
5.348359 20.020966 3.678055 36 41 34
9.121279 39.541504 5.849150 36 41 34
2.683187 5.345085 2.056674 45 52 45
3.790935 10.189743 2.606389 45 52 45
6.006431 19.879059 3.705817 45 52 45
10.437423 39.257690 5.904673 45 52 45
2.850918 5.302906 2.063156 49 54 48
4.126396 10.105385 2.619351 49 54 48
6.677352 19.710342 3.731741 49 54 48
11.779264 38.920258 5.956522 49 54 48
3.021317 5.253682 2.069109 59 66 59
4.467195 10.006936 2.631258 59 66 59
7.358950 19.513445 3.755556 59 66 59
13.142460 38.526463 6.004152 59 66 59
3.193766 5.197123 2.074468 51 58 50
4.812092 9.893819 2.641975 51 58 50
8.048745 19.287210 3.776989 51 58 50
14.522051 38.073994 6.047019 51 58 50
3.367573 5.133011 2.079165 58 63 56
5.159707 9.765595 2.651369 58 63 56
8.743975 19.030764 3.795778 58 63 56
15.912511 37.561100 6.084596 58 63 56
3.541985 5.061208 2.083139 86 91 85
5.508531 9.621988 2.659318 86 91 85
9.441622 18.743549 3.811676 86 91 85
17.307804 36.986671 6.116392 86 91 85
3.716196 4.981664 2.086335 135 145 144
5.856953 9.462901 2.665710 135 145 144
10.138467 18.425375 3.824460 135 145 144
18.701494 36.350323 6.141960 135 145 144
3.889367 4.894436 2.088705 109 115 113
6.203295 9.288445 2.670449 109 115 113
10.831151 18.076462 3.833938 109 115 113
20.086863 35.652496 6.160916 109 115 113
4.060639 4.799683 2.090209 87 96 95
6.545840 9.098939 2.673458 87 96 95
11.516240 17.697451 3.839956 87 96 95
21.457041 34.894474 6.172951 87 96 95
4.229157 4.697675 2.090821 72 77 73
6.882875 8.894922 2.674681 72 77 73
12.190311 17.289417 3.842402 72 77 73
22.805183 34.078407 6.177844 72 77 73
4.394086 4.588787 2.090524 60 68 70
7.212733 8.677147 2.674087 60 68 70
12.850026 16.853867 3.841214 60 68 70
24.124613 33.207306 6.175467 60 68 70
4.554633 4.473495 2.089314 59 63 62
7.533827 8.446564 2.671669 59 63 62
13.492214 16.392700 3.836377 59 63 62
25.408989 32.284973 6.165794 59 63 62
4.710067 4.352365 2.087203 62 67 60
7.844695 8.204303 2.667446 62 67 60
14.113951 15.908178 3.827931 62 67 60
26.652462 31.315929 6.148902 62 67 60
4.859735 4.226039 2.084211 52 61 63
8.144032 7.951651 2.661462 52 61 63
14.712624 15.402874 3.815964 52 61 63
27.849808 30.305321 6.124967 52 61 63
5.003075 4.095217 2.080372 48 50 49
8.430710 7.690007 2.653785 48 50 49
15.285980 14.879587 3.800609 48 50 49
28.996521 29.258747 6.094257 48 50 49
5.139622 3.960644 2.075731 52 53 47
8.703805 7.420861 2.644502 52 53 47
15.832170 14.341295 3.782043 52 53 47
30.088902 28.182163 6.057126 52 53 47
5.269022 3.823085 2.070340 69 76 58
8.962604 7.145742 2.633720 69 76 58
16.349768 13.791057 3.760479 69 76 58
31.124096 27.081686 6.013999 69 76 58
5.391024 3.683308 2.064260 63 60 51
9.206608 6.866189 2.621560 63 60 51
16.837776 13.231951 3.736159 63 60 51
32.100113 25.963474 5.965358 63 60 51
5.505484 3.542071 2.057556 50 49 44
9.435528 6.583715 2.608152 50 49 44
17.295616 12.667004 3.709344 50 49 44
33.015793 24.833580 5.911728 50 49 44
5.612354 3.400101 2.050298 65 56 47
9.649268 6.299774 2.593636 65 56 47
17.723097 12.099121 3.680310 65 56 47
33.870754 23.697815 5.853661 65 56 47
5.711679 3.258082 2.042555 65 61 50
9.847919 6.015738 2.578151 65 61 50
18.120398 11.531048 3.649341 65 61 50
34.665356 22.561668 5.791721 65 61 50
5.803581 3.116650 2.034400 67 62 56
10.031723 5.732872 2.561839 67 62 56
18.488007 10.965317 3.616717 67 62 56
35.400574 21.430206 5.726473 67 62 56
5.888254 2.976378 2.025899 89 84 78
10.201069 5.452330 2.544838 89 84 78
18.826698 10.404232 3.582715 89 84 78
36.077957 20.308037 5.658470 89 84 78
5.965943 2.837780 2.017121 92 87 81
10.356447 5.175132 2.527281 92 87 81
19.137455 9.849836 3.547601 92 87 81
36.699471 19.199245 5.588242 92 87 81
6.036941 2.701298 2.008127 91 86 80
10.498443 4.902170 2.509293 91 86 80
19.421446 9.303912 3.511625 91 86 80
37.267452 18.107397 5.516290 91 86 80
6.101573 2.567318 1.998976 87 84 77
10.627707 4.634209 2.490991 87 84 77
19.679976 8.767990 3.475022 87 84 77
37.784512 17.035553 5.443083 87 84 77
1.759281 5.485651 1.844226 84 94 95
1.943122 10.470874 2.181491 84 94 95
2.310805 20.441320 2.856022 84 94 95
3.046171 40.382214 4.205083 84 94 95
1.902686 5.477929 1.849573 30 41 35
2.229933 10.455431 2.192185 30 41 35
2.884427 20.410435 2.877410 30 41 35
4.193414 40.320442 4.247859 30 41 35
2.050900 5.465600 1.854811 33 40 33
2.526360 10.430772 2.202662 33 40 33
3.477280 20.361116 2.898364 33 40 33
5.379121 40.221806 4.289768 33 40 33
2.203752 5.448220 1.859905 25 35 27
2.832065 10.396012 2.212850 25 35 27
4.088690 20.291597 2.918740 25 35 27
6.601941 40.082767 4.330520 25 35 27
2.361008 5.425345 1.864816 36 43 35
3.146576 10.350264 2.222671 36 43 35
4.717713 20.200100 2.938382 36 43 35
7.859986 39.899773 4.369803 36 43 35
2.522357 5.396539 1.869501 54 60 56
3.469275 10.292651 2.232042 54 60 56
5.363111 20.084875 2.957123 54 60 56
9.150784 39.669323 4.407286 54 60 56
2.687414 5.361379 1.873917 41 46 42
3.799389 10.222330 2.240875 41 46 42
6.023339 19.944233 2.974789 41 46 42
10.471239 39.388039 4.442617 41 46 42
2.855713 5.319474 1.878020 78 82 81
4.135986 10.138521 2.249080 78 82 81
6.696532 19.776615 2.991199 78 82 81
11.817625 39.052803 4.475438 78 82 81
3.026705 5.270474 1.881764 120 129 136
4.477971 10.040522 2.256567 120 129 136
7.380502 19.580616 3.006173 120 129 136
13.185565 38.660805 4.505386 120 129 136
3.199766 5.214086 1.885103 59 64 58
4.824093 9.927744 2.263245 59 64 58
8.072747 19.355061 3.019530 59 64 58
14.570055 38.209694 4.532099 59 64 58
3.374200 5.150080 1.887994 59 61 56
5.172960 9.799733 2.269028 59 61 56
8.770481 19.099039 3.031096 59 61 56
15.965522 37.697651 4.555230 59 61 56
3.549244 5.078317 1.890397 50 56 53
5.523049 9.656206 2.273834 50 56 53
9.470658 18.811985 3.040708 50 56 53
17.365877 37.123543 4.574456 50 56 53
3.724087 4.998744 1.892276 83 92 89
5.872734 9.497060 2.277591 83 92 89
10.170028 18.493692 3.048222 83 92 89
18.764616 36.486958 4.589482 83 92 89
3.897878 4.911412 1.893598 50 54 53
6.220317 9.322397 2.280235 50 54 53
10.865195 18.144367 3.053510 50 54 53
20.154951 35.788307 4.600060 50 54 53
4.069754 4.816483 1.894339 53 55 50
6.564067 9.132539 2.281718 53 55 50
11.552695 17.764650 3.056476 53 55 50
21.529951 35.028873 4.605992 53 55 50
4.238846 4.714225 1.894482 55 60 54
6.902252 8.928022 2.282004 55 60 54
12.229065 17.355618 3.057048 55 60 54
22.882690 34.210808 4.607136 55 60 54
4.404313 4.605017 1.894017 53 51 52
7.233187 8.709607 2.281075 53 51 52
12.890934 16.918787 3.055189 53 51 52
24.206429 33.337147 4.603417 53 51 52
4.565356 4.489340 1.892944 47 50 41
7.555272 8.478252 2.278928 47 50 41
13.535105 16.456078 3.050895 47 50 41
25.494770 32.411728 4.594829 47 50 41
4.721234 4.367763 1.891269 36 36 34
7.867028 8.235098 2.275578 36 36 34
14.158617 15.969769 3.044196 36 36 34
26.741795 31.439110 4.581431 36 36 34
4.871290 4.240936 1.889009 39 39 35
8.167141 7.981445 2.271059 39 39 35
14.758842 15.462463 3.035157 39 39 35
27.942245 30.424500 4.563354 39 39 35
5.014957 4.109570 1.886189 45 44 40
8.454475 7.718711 2.265417 45 44 40
15.333511 14.936996 3.023873 45 44 40
29.091583 29.373564 4.540785 45 44 40
5.151770 3.974413 1.882837 48 49 44
8.728101 7.448398 2.258713 48 49 44
15.880762 14.396369 3.010466 48 49 44
30.186085 28.292311 4.513971 48 49 44
5.281372 3.836242 1.878991 56 59 50
8.987304 7.172057 2.251022 56 59 50
16.399168 13.843686 2.995083 56 59 50
31.222897 27.186945 4.483207 56 59 50
5.403512 3.695835 1.874693 53 42 38
9.231585 6.891243 2.242425 53 42 38
16.887730 13.282059 2.977890 53 42 38
32.200020 26.063690 4.448820 53 42 38
5.518049 3.553957 1.869987 53 46 40
9.460658 6.607486 2.233013 53 46 40
17.345877 12.714545 2.959065 53 46 40
33.116314 24.928663 4.411170 53 46 40
5.624938 3.411342 1.864919 53 51 46
9.674437 6.322257 2.222878 53 51 46
17.773434 12.144087 2.938796 53 51 46
33.971428 23.787746 4.370631 53 51 46
5.724227 3.268684 1.859539 61 61 53
9.873015 6.036941 2.212117 61 61 53
18.170591 11.573455 2.917273 61 61 53
34.765743 22.646482 4.327586 61 61 53
5.816045 3.126622 1.853892 63 62 54
10.056650 5.752818 2.200824 63 62 54
18.537861 11.005208 2.894688 63 62 54
35.500282 21.509989 4.282414 63 62 54
5.900587 2.985738 1.848027 88 79 70
10.225735 5.471048 2.189093 88 79 70
18.876030 10.441669 2.871225 88 79 70
36.176620 20.382912 4.235489 88 79 70
5.978107 2.846546 1.841986 89 82 73
10.380775 5.192665 2.177011 89 82 73
19.186111 9.884903 2.847062 89 82 73
36.796783 19.269379 4.187164 89 82 73
6.048902 2.709496 1.835812 125 136 138
10.522365 4.918566 2.164664 125 136 138
19.469290 9.336704 2.822368 125 136 138
37.363140 18.172981 4.137775 125 136 138
6.113302 2.574973 1.829545 112 120 122
10.651165 4.649518 2.152129 112 120 122
19.726891 8.798610 2.797297 112 120 122
37.878342 17.096792 4.087634 112 120 122
1.760577 5.494101 1.677093 12 21 18
1.945714 10.487775 1.847225 12 21 18
2.315988 20.475122 2.187490 12 21 18
3.056537 40.449818 2.868019 12 21 18
1.904179 5.486626 1.679457 30 36 32
2.232918 10.472824 1.851954 30 36 32
2.890396 20.445221 2.196947 30 36 32
4.205352 40.390015 2.886934 30 36 32
2.052606 5.474536 1.681755 68 78 78
2.529773 10.448645 1.856550 68 78 78
3.484107 20.396862 2.206140 68 78 78
5.392774 40.293297 2.905319 68 78 78
2.205691 5.457387 1.683969 38 48 47
2.835942 10.414347 1.860978 38 48 47
4.096445 20.328266 2.214996 38 48 47
6.617451 40.156105 2.923032 38 48 47
2.363196 5.434731 1.686080 77 82 85
3.150953 10.369035 1.865199 77 82 85
4.726466 20.237642 2.223438 77 82 85
7.877492 39.974857 2.939916 77 82 85
2.524812 5.406127 1.688067 54 60 56
3.474185 10.311827 1.869173 54 60 56
5.372931 20.123226 2.231385 54 60 56
9.170422 39.746025 2.955811 54 60 56
2.690151 5.371150 1.689908 51 53 52
3.804863 10.241874 1.872856 51 53 52
6.034287 19.983320 2.238752 51 53 52
10.493135 39.466213 2.970545 51 53 52
2.858746 5.329406 1.691583 50 56 52
4.142053 10.158385 1.876206 50 56 52
6.708667 19.816343 2.245452 50 56 52
11.841894 39.132259 2.983944 50 56 52
3.030047 5.280540 1.693070 45 58 66
4.484655 10.060654 1.879179 45 58 66
7.393870 19.620880 2.251398 45 58 66
13.212301 38.741333 2.995836 45 58 66
3.203427 5.224255 1.694346 42 48 44
4.831414 9.948082 1.881732 42 48 44
8.087388 19.395737 2.256504 42 48 44
14.599337 38.291046 3.006048 42 48 44
3.378184 5.160320 1.695392 29 34 37
5.180929 9.820212 1.883825 29 34 37
8.786419 19.139997 2.260689 29 34 37
15.997399 37.779568 3.014417 29 34 37
3.553556 5.088592 1.696190 38 40 35
5.531672 9.676756 1.885419 38 40 35
9.487905 18.853085 2.263877 38 40 35
17.400370 37.205742 3.020794 38 40 35
3.728724 5.009014 1.696721 39 43 42
5.882008 9.517601 1.886481 39 43 42
10.188576 18.534775 2.266002 39 43 42
18.801712 36.569122 3.025043 39 43 42
3.902835 4.921640 1.696972 27 33 31
6.230230 9.342854 1.886984 27 33 31
10.885020 18.185280 2.267008 27 33 31
20.194601 35.870132 3.027056 27 33 31
4.075019 4.826628 1.696934 34 47 37
6.574598 9.152829 1.886907 34 47 37
11.573756 17.805231 2.266854 34 47 37
21.572073 35.110035 3.026748 34 47 37
4.244405 4.724248 1.696598 45 54 53
6.913370 8.948069 1.886236 45 54 53
12.251301 17.395710 2.265512 45 54 53
22.927162 34.290993 3.024064 45 54 53
4.410147 4.614879 1.695963 34 38 40
7.244854 8.729331 1.884966 34 38 40
12.914268 16.958235 2.262971 34 38 40
24.253098 33.416042 3.018982 34 38 40
4.571440 4.499003 1.695030 27 31 30
7.567440 8.497580 1.883099 27 31 30
13.559440 16.494732 2.259237 27 31 30
25.543440 32.489037 3.011514 27 31 30
4.727542 4.377196 1.693804 36 41 44
7.879645 8.253964 1.880647 36 41 44
14.183851 16.007502 2.254333 36 41 44
26.792263 31.514576 3.001705 36 41 44
4.877793 4.250109 1.692295 31 34 37
8.180147 7.999791 1.877629 31 34 37
14.784854 15.499155 2.248297 31 34 37
27.994268 30.497883 2.989634 31 34 37
5.021623 4.118455 1.690516 33 39 39
8.467806 7.736484 1.874072 33 39 39
15.360173 14.972540 2.241184 33 39 39
29.144907 29.444653 2.975408 33 39 39
5.158566 3.982991 1.688485 35 39 38
8.741693 7.465555 1.870010 35 39 38
15.907946 14.430683 2.233060 35 39 38
30.240452 28.360939 2.959160 35 39 38
5.288264 3.844496 1.686221 39 38 34
9.001089 7.188565 1.865482 39 38 34
16.426739 13.876703 2.224004 39 38 34
31.278036 27.252979 2.941048 39 38 34
5.410469 3.703754 1.683746 61 56 50
9.245499 6.907080 1.860531 61 56 50
16.915558 13.313733 2.214102 61 56 50
32.255676 26.127039 2.921244 61 56 50
5.525037 3.561532 1.681082 64 60 49
9.474634 6.622637 1.855204 64 60 49
17.373829 12.744846 2.203447 64 60 49
33.172218 24.989265 2.899933 64 60 49
5.631927 3.418571 1.678254 63 59 48
9.688415 6.336715 1.849547 63 59 48
17.801390 12.173002 2.192133 63 59 48
34.027340 23.845577 2.877306 63 59 48
5.731190 3.275568 1.675285 67 58 48
9.886941 6.050708 1.843610 67 58 48
18.198442 11.600988 2.180259 67 58 48
34.821445 22.701550 2.853558 67 58 48
5.822955 3.133165 1.672200 67 63 54
10.070471 5.765903 1.837440 67 63 54
18.565502 11.031378 2.167919 67 63 54
35.555565 21.562328 2.828877 67 63 54
5.907422 2.991946 1.669022 87 83 72
10.239404 5.483466 1.831083 87 83 72
18.903368 10.466504 2.155205 87 83 72
36.231297 20.432581 2.803451 87 83 72
5.984845 2.852430 1.665772 90 82 71
10.394251 5.204433 1.824584 90 82 71
19.213062 9.908440 2.142207 90 82 71
36.850685 19.316452 2.777453 90 82 71
6.055527 2.715068 1.662471 117 125 128
10.535614 4.929708 1.817983 117 125 128
19.495789 9.358990 2.129005 117 125 128
37.416138 18.217552 2.751049 117 125 128
6.119799 2.580245 1.659139 118 126 128
10.664159 4.660062 1.811318 118 126 128
19.752878 8.819696 2.115675 118 126 128
37.930317 17.138966 2.724390 118 126 128
1.761666 5.496958 1.509574 23 29 27
1.947892 10.493488 1.512188 23 29 27
2.320345 20.486549 1.517416 23 29 27
3.065250 40.472672 1.527872 23 29 27
1.905290 5.489535 1.508936 99 104 98
2.235141 10.478642 1.510911 99 104 98
2.894843 20.456858 1.514863 99 104 98
4.214247 40.413288 1.522765 99 104 98
2.053741 5.477497 1.508273 83 91 93
2.532043 10.454567 1.509586 83 91 93
3.488646 20.408707 1.512211 83 91 93
5.401852 40.316986 1.517462 83 91 93
2.206848 5.460400 1.507586 28 38 39
2.838257 10.420372 1.508212 28 38 39
4.101074 20.340317 1.509464 28 38 39
6.626709 40.180206 1.511968 28 38 39
2.364376 5.437793 1.506876 53 60 53
3.153312 10.375158 1.506792 53 60 53
4.731185 20.249889 1.506624 53 60 53
7.886930 39.999352 1.506287 53 60 53
2.526014 5.409237 1.506144 65 69 68
3.476589 10.318047 1.505327 65 69 68
5.377738 20.135666 1.503694 65 69 68
9.180037 39.770905 1.500428 65 69 68
2.691375 5.374305 1.505391 57 59 54
3.807311 10.248183 1.503821 57 59 54
6.039182 19.995939 1.500682 57 59 54
10.502924 39.491451 1.494403 57 59 54
2.859991 5.332603 1.504619 95 109 112
4.144542 10.164779 1.502277 95 109 112
6.713644 19.829130 1.497593 95 109 112
11.851848 39.157833 1.488226 95 109 112
3.031312 5.283776 1.503830 71 77 77
4.487184 10.067125 1.500699 71 77 77
7.398928 19.633823 1.494438 71 77 77
13.222416 38.767220 1.481915 71 77 77
3.204710 5.227526 1.503026 124 125 120
4.833981 9.954625 1.499093 124 125 120
8.092522 19.408823 1.491225 124 125 120
14.609604 38.317219 1.475489 124 125 120
3.379486 5.163623 1.502212 112 116 114
5.183532 9.826819 1.497463 112 116 114
8.791625 19.153212 1.487966 112 116 114
16.007811 37.805996 1.468973 112 116 114
3.554873 5.091920 1.501389 106 112 110
5.534307 9.683414 1.495818 106 112 110
9.493174 18.866400 1.484676 106 112 110
17.410908 37.232372 1.462392 106 112 110
3.730055 5.012366 1.500562 83 88 82
5.884670 9.524304 1.494164 83 88 82
10.193901 18.548182 1.481368 83 88 82
18.812363 36.595936 1.455775 83 88 82
3.904179 4.925009 1.499734 72 76 75
6.232919 9.349590 1.492508 72 76 75
10.890398 18.198753 1.478056 72 76 75
20.205357 35.897079 1.449153 72 76 75
4.076374 4.830008 1.498910 92 96 95
6.577308 9.159588 1.490859 92 96 95
11.579176 17.818748 1.474758 92 96 95
21.582912 35.137070 1.442556 92 96 95
4.245769 4.727633 1.498093 80 82 81
6.916097 8.954838 1.489225 80 82 81
12.256755 17.409248 1.471489 80 82 81
22.938070 34.318069 1.436018 80 82 81
4.411516 4.618264 1.497287 76 80 79
7.247592 8.736100 1.487613 76 80 79
12.919744 16.971773 1.468265 76 80 79
24.264050 33.443119 1.429570 76 80 79
4.572812 4.502382 1.496496 58 59 54
7.570185 8.504337 1.486031 58 59 54
13.564930 16.508247 1.465102 58 59 54
25.554420 32.516068 1.423243 58 59 54
4.728916 4.380563 1.495724 49 53 52
7.882393 8.260698 1.484487 49 53 52
14.189347 16.020969 1.462014 49 53 52
26.803255 31.541513 1.417067 49 53 52
4.879166 4.253459 1.494974 142 151 150
8.182892 8.006491 1.482987 142 151 150
14.790344 15.512554 1.459014 142 151 150
28.005249 30.524681 1.411068 142 151 150
5.022992 4.121783 1.494249 172 175 168
8.470545 7.743139 1.481538 172 175 168
15.365650 14.985851 1.456115 172 175 168
29.155861 29.471275 1.405271 172 175 168
5.159929 3.986293 1.493552 53 56 49
8.744419 7.472158 1.480144 53 56 49
15.913398 14.443889 1.453328 53 56 49
30.251356 28.387350 1.399695 53 56 49
5.289619 3.847766 1.492885 138 146 148
9.003798 7.195105 1.478810 138 146 148
16.432158 13.889782 1.450660 138 146 148
31.288876 27.279137 1.394359 138 146 148
5.411813 3.706987 1.492250 142 150 152
9.248186 6.913548 1.477539 142 150 152
16.920933 13.326668 1.448117 142 150 152
32.266426 26.152908 1.389274 142 150 152
5.526368 3.564726 1.491647 67 65 68
9.477297 6.629025 1.476333 67 65 68
17.379154 12.757624 1.445706 67 65 68
33.182869 25.014820 1.384451 67 65 68
5.633245 3.421722 1.491077 73 71 74
9.691050 6.343018 1.475194 73 71 74
17.806660 12.185608 1.443428 73 71 74
34.037880 23.870789 1.379895 73 71 74
5.732491 3.278674 1.490541 79 79 79
9.889543 6.056920 1.474122 79 79 79
18.203646 11.613413 1.441284 79 79 79
34.831852 22.726398 1.375607 79 79 79
5.824239 3.136223 1.490039 53 48 29
10.073038 5.772019 1.473117 53 48 29
18.570637 11.043611 1.439274 53 48 29
35.565834 21.586794 1.371588 53 48 29
5.908687 2.994955 1.489569 88 84 73
10.241934 5.489482 1.472178 88 84 73
18.908428 10.478537 1.437396 88 84 73
36.241417 20.456646 1.367832 88 84 73
5.986091 2.855387 1.489132 78 72 63
10.396742 5.210348 1.471304 78 72 63
19.218044 9.920268 1.435647 78 72 63
36.860649 19.340109 1.364334 78 72 63
6.056751 2.717973 1.488726 88 97 96
10.538063 4.935518 1.470492 88 97 96
19.500687 9.370608 1.434023 88 97 96
37.425934 18.240789 1.361086 88 97 96
6.121002 2.583096 1.488350 105 116 120
10.666565 4.665765 1.469740 105 116 120
19.757690 8.831102 1.432519 105 116 120
37.939941 17.161777 1.358078 105 116 120
1.762545 5.494209 1.342234 97 102 98
1.949651 10.487990 1.177507 97 102 98
2.323862 20.475554 0.848054 97 102 98
3.072284 40.450680 0.189148 97 102 98
1.906018 5.486646 1.338603 101 105 104
2.236597 10.472864 1.170246 101 105 104
2.897754 20.445301 0.833531 101 105 104
4.220068 40.390175 0.160102 101 105 104
2.054299 5.474472 1.334990 106 111 107
2.533159 10.448516 1.163020 106 111 107
3.490879 20.396605 0.819079 106 111 107
5.406318 40.292782 0.131198 106 111 107
2.207220 5.457244 1.331414 105 110 104
2.839000 10.414062 1.155867 105 110 104
4.102560 20.327696 0.804773 105 110 104
6.629680 40.154964 0.102585 105 110 104
2.364542 5.434518 1.327894 49 54 50
3.153645 10.368608 1.148827 49 54 50
4.731851 20.236790 0.790694 49 54 50
7.888262 39.973152 0.074428 49 54 50
2.525958 5.405853 1.324454 75 76 71
3.476476 10.311279 1.141947 75 76 71
5.377513 20.122131 0.776933 75 76 71
9.179586 39.743835 0.046906 75 76 71
2.691080 5.370829 1.321117 55 59 58
3.806720 10.241230 1.135273 55 59 58
6.038000 19.982033 0.763586 55 59 58
10.500560 39.463638 0.020211 55 59 58
2.859440 5.329051 1.317908 55 57 54
4.143441 10.157674 1.128856 55 57 54
6.711442 19.814920 0.750752 55 57 54
11.847445 39.129414 -0.005456 55 57 54
3.030492 5.280168 1.314855 34 38 39
4.485545 10.059908 1.122749 34 38 39
7.395651 19.619389 0.738537 34 38 39
13.215862 38.738350 -0.029886 34 38 39
3.203610 5.223884 1.311982 114 120 118
4.831781 9.947341 1.117003 114 120 118
8.088123 19.394255 0.727045 114 120 118
14.600807 38.288082 -0.052870 114 120 118
3.378097 5.159973 1.309316 112 116 115
5.180754 9.819518 1.111671 112 116 115
8.786068 19.138609 0.716381 112 116 115
15.996696 37.776791 -0.074198 112 116 115
3.553189 5.088289 1.306882 114 115 117
5.530939 9.676150 1.106803 114 115 117
9.486438 18.851873 0.706646 114 115 117
17.397436 37.203320 -0.093669 114 115 117
3.728075 5.008780 1.304704 111 115 114
5.880710 9.517134 1.102447 111 115 114
10.185981 18.533840 0.697933 111 115 114
18.796522 36.567253 -0.111094 111 115 114
3.901905 4.921499 1.302803 113 119 117
6.228370 9.342571 1.098645 113 119 117
10.881300 18.184715 0.690329 113 119 117
20.187160 35.869003 -0.126302 113 119 117
4.073812 4.826603 1.301197 113 119 117
6.572183 9.152780 1.095434 113 119 117
11.568927 17.805132 0.683907 113 119 117
21.562414 35.109837 -0.139147 113 119 117
4.242929 4.724362 1.299901 111 117 115
6.910418 8.948298 1.092843 111 117 115
12.245396 17.396168 0.678725 111 117 115
22.915352 34.291908 -0.149511 111 117 115
4.408414 4.615154 1.298927 111 115 113
7.241388 8.729881 1.090893 111 115 113
12.907337 16.959335 0.674826 111 115 113
24.239235 33.418243 -0.157308 111 115 113
4.569467 4.499459 1.298279 110 114 117
7.563494 8.498490 1.089598 110 114 117
13.551549 16.496553 0.672235 110 114 117
25.527658 32.492680 -0.162490 110 114 117
4.725349 4.377848 1.297960 106 113 116
7.875258 8.255268 1.088960 106 113 116
14.175077 16.010109 0.670960 106 113 116
26.774715 31.519791 -0.165041 106 113 116
4.875401 4.250971 1.297967 115 119 118
8.175362 8.001514 1.088974 115 119 118
14.775285 15.502601 0.670987 115 119 118
27.975130 30.504774 -0.164986 115 119 118
5.019057 4.119537 1.298292 117 119 114
8.462675 7.738647 1.089624 117 119 114
15.349910 14.976868 0.672288 117 119 114
29.124380 29.453308 -0.162385 117 119 114
5.155852 3.984300 1.298924 127 132 126
8.736264 7.468173 1.090888 127 132 126
15.897089 14.435919 0.674816 127 132 126
30.218739 28.371410 -0.157329 127 132 126
5.285428 3.846035 1.299848 107 113 109
8.995417 7.191642 1.092735 107 113 109
16.415394 13.882857 0.678510 107 113 109
31.255348 27.265287 -0.149940 107 113 109
5.407537 3.705521 1.301045 105 111 111
9.239635 6.910615 1.095129 105 111 111
16.903830 13.320804 0.683298 105 111 111
32.232220 26.141180 -0.140364 105 111 111
5.522036 3.563525 1.302495 115 120 114
9.468632 6.626623 1.098029 115 120 114
17.361824 12.752819 0.689098 115 120 114
33.148209 25.005211 -0.128765 115 120 114
5.628882 3.420783 1.304175 134 138 139
9.682325 6.341138 1.101390 134 138 139
17.789211 12.181849 0.695819 134 138 139
34.002983 23.863272 -0.115322 134 138 139
5.728124 3.277989 1.306062 104 110 107
9.880809 6.055551 1.105164 104 110 107
18.186178 11.610674 0.703368 104 110 107
34.796917 22.720921 -0.100224 104 110 107
5.819890 3.135785 1.308132 97 102 96
10.064341 5.771142 1.109304 97 102 96
18.553242 11.041857 0.711649 97 102 96
35.531044 21.583286 -0.083663 97 102 96
5.904377 2.994751 1.310362 99 104 98
10.233314 5.489075 1.113763 99 104 98
18.891188 10.477722 0.720565 99 104 98
36.206936 20.455017 -0.065830 99 104 98
5.981838 2.855406 1.312726 86 91 87
10.388237 5.210385 1.118492 86 91 87
19.201035 9.920343 0.730024 86 91 87
36.826630 19.340260 -0.046912 86 91 87
6.052572 2.718200 1.315204 107 113 111
10.529704 4.935973 1.123448 107 113 111
19.483969 9.371519 0.739936 107 113 111
37.392498 18.242611 -0.027088 107 113 111
6.116909 2.583518 1.317774 115 120 116
10.658378 4.666609 1.128588 115 120 116
19.741316 8.832790 0.750216 115 120 116
37.907192 17.165154 -0.006528 115 120 116
1.763213 5.485902 1.175631 88 92 91
1.950986 10.471377 0.844302 88 92 91
2.326533 20.442327 0.181643 88 92 91
3.077627 40.384228 -1.143674 88 92 91
1.906361 5.478008 1.169049 88 93 88
2.237283 10.455588 0.831138 88 93 88
2.899127 20.410749 0.155315 88 93 88
4.222814 40.321072 -1.196330 88 93 88
2.054283 5.465513 1.162528 90 95 91
2.533127 10.430598 0.818095 90 95 91
3.490815 20.360769 0.129230 90 95 91
5.406191 40.221111 -1.248500 90 95 91
2.206809 5.447979 1.156104 88 93 87
2.838179 10.395532 0.805247 88 93 87
4.100918 20.290636 0.103534 88 93 87
6.626397 40.080845 -1.299892 88 93 87
2.363702 5.424967 1.149817 99 103 102
3.151965 10.349507 0.792675 99 103 102
4.728491 20.198587 0.078389 99 103 102
7.881542 39.896748 -1.350183 99 103 102
2.524654 5.396042 1.143712 58 62 61
3.473868 10.291656 0.780464 58 62 61
5.372297 20.082886 0.053967 58 62 61
9.169154 39.665344 -1.399027 58 62 61
2.689279 5.360788 1.137833 66 68 63
3.803118 10.221149 0.768706 66 68 63
6.030796 19.941872 0.030452 66 68 63
10.486152 39.383316 -1.446057 66 68 63
2.857112 5.318819 1.132229 70 74 73
4.138784 10.137210 0.757498 70 74 73
6.702130 19.773993 0.008036 70 74 73
11.828820 39.047558 -1.490888 70 74 73
3.027610 5.269787 1.126950 107 111 110
4.479781 10.039146 0.746939 107 111 110
7.384123 19.577866 -0.013083 107 111 110
13.192806 38.655304 -1.533126 107 111 110
3.200152 5.213404 1.122043 116 115 112
4.824865 9.926380 0.737127 116 115 112
8.074291 19.352333 -0.032707 116 115 112
14.573144 38.204239 -1.572375 116 115 112
3.374047 5.149446 1.117560 129 120 109
5.172655 9.798465 0.728159 129 120 109
8.769871 19.096502 -0.050643 129 120 109
15.964302 37.692577 -1.608247 129 120 109
3.548539 5.077774 1.113544 191 149 133
5.521638 9.655121 0.720128 191 149 133
9.467837 18.809814 -0.066704 191 149 133
17.360235 37.119202 -1.640368 191 149 133
3.722821 4.998338 1.110041 201 154 138
5.870203 9.496249 0.713122 201 154 138
10.164967 18.492071 -0.080717 201 154 138
18.754494 36.483715 -1.668395 201 154 138
3.896055 4.911192 1.107088 155 102 86
6.216670 9.321957 0.707215 155 102 86
10.857900 18.143486 -0.092530 155 102 86
20.140360 35.786545 -1.692021 155 102 86
4.067379 4.816494 1.104717 109 113 116
6.559319 9.132562 0.702473 109 113 116
11.543200 17.764696 -0.102014 109 113 116
21.510960 35.028965 -1.710989 109 113 116
4.235938 4.714513 1.102953 136 140 139
6.896437 8.928599 0.698946 136 140 139
12.217434 17.356771 -0.109068 136 140 139
22.859428 34.213116 -1.725097 136 140 139
4.400897 4.605625 1.101814 128 131 136
7.226354 8.710822 0.696668 128 131 136
12.877268 16.921217 -0.113624 128 131 136
24.179096 33.342007 -1.734209 128 131 136
4.561461 4.490304 1.101308 115 121 121
7.547483 8.480181 0.695656 115 121 121
13.519527 16.459934 -0.115648 115 121 121
25.463615 32.419441 -1.738256 115 121 121
4.716901 4.369118 1.101435 185 189 190
7.858363 8.237808 0.695910 185 189 190
14.141287 15.975189 -0.115140 185 189 190
26.707134 31.449951 -1.737240 185 189 190
4.866563 4.242707 1.102186 116 120 123
8.157686 7.984988 0.697412 116 120 123
14.739932 15.469548 -0.112137 116 120 123
27.904425 30.438669 -1.731235 116 120 123
5.009883 4.111777 1.103543 114 120 122
8.444326 7.723126 0.700125 114 120 122
15.313214 14.945826 -0.106710 114 120 122
29.050989 29.391224 -1.720380 114 120 122
5.146401 3.977071 1.105481 182 187 183
8.717362 7.453714 0.704001 182 187 183
15.859285 14.407001 -0.098959 182 187 183
30.143131 28.313574 -1.704879 182 187 183
5.275759 3.839355 1.107967 191 196 192
8.976079 7.178283 0.708974 191 196 192
16.376719 13.856139 -0.089012 191 196 192
31.177998 27.211851 -1.684985 191 196 192
5.397709 3.699402 1.110966 120 124 123
9.219978 6.898377 0.714971 120 124 123
16.864517 13.296328 -0.077019 120 124 123
32.153595 26.092228 -1.660998 120 124 123
5.512107 3.557971 1.114434 103 109 107
9.448774 6.615515 0.721907 103 109 107
17.322109 12.730602 -0.063147 103 109 107
33.068779 24.960777 -1.633255 103 109 107
5.618907 3.415789 1.118326 99 105 105
9.662374 6.331151 0.729692 99 105 105
17.749310 12.161876 -0.047576 99 105 105
33.923180 23.823324 -1.602112 99 105 105
5.718153 3.273546 1.122597 101 107 107
9.860866 6.046665 0.738234 101 107 107
18.146292 11.592903 -0.030491 101 107 107
34.717144 22.685379 -1.567943 101 107 107
5.809970 3.131878 1.127199 100 106 106
10.044501 5.763329 0.747438 100 106 106
18.513563 11.026230 -0.012084 100 106 106
35.451687 21.552032 -1.531128 100 106 106
5.894550 2.991360 1.132086 98 104 102
10.213661 5.482293 0.757211 98 104 102
18.851883 10.464159 0.007461 98 104 102
36.128326 20.427891 -1.492039 98 104 102
5.972143 2.852508 1.137210 96 102 102
10.368846 5.204589 0.767460 96 102 102
19.162252 9.908751 0.027960 96 102 102
36.749065 19.317074 -1.451040 96 102 102
6.043040 2.715768 1.142530 96 102 100
10.510640 4.931109 0.778100 96 102 100
19.445841 9.361792 0.049240 96 102 100
37.316242 18.223156 -1.408480 96 102 100
6.107568 2.581525 1.148005 89 95 95
10.639696 4.662622 0.789049 89 95 95
19.703953 8.824818 0.071138 89 95 95
37.832466 17.149208 -1.364685 89 95 95
1.763670 5.472138 1.010313 113 117 116
1.951900 10.443850 0.513666 113 117 116
2.328360 20.387272 -0.479629 113 117 116
3.081281 40.274117 -2.466219 113 117 116
1.906324 5.463729 1.000850 115 122 116
2.237209 10.427032 0.494740 115 122 116
2.898978 20.353636 -0.517481 115 122 116
4.222517 40.206844 -2.541923 115 122 116
2.053701 5.450736 0.991492 118 121 116
2.531963 10.401045 0.476024 118 121 116
3.488486 20.301662 -0.554913 118 121 116
5.401533 40.102898 -2.616786 118 121 116
2.205630 5.432727 0.982294 136 127 122
2.835820 10.365027 0.457627 136 127 122
4.096201 20.229628 -0.591707 136 127 122
6.616963 39.958828 -2.690373 136 127 122
2.361874 5.409270 0.973314 151 121 110
3.148309 10.318113 0.439667 151 121 110
4.721178 20.135799 -0.627627 151 121 110
7.866916 39.771172 -2.762215 151 121 110
2.522126 5.379940 0.964615 117 102 94
3.468812 10.259453 0.422270 117 102 94
5.362185 20.018478 -0.662420 117 102 94
9.148932 39.536530 -2.831800 117 102 94
2.686003 5.344329 0.956266 161 129 118
3.796566 10.188231 0.405572 161 129 118
6.017693 19.876034 -0.695817 161 129 118
10.459947 39.251640 -2.898593 161 129 118
2.853045 5.302059 0.948336 193 142 123
4.130650 10.103690 0.389711 193 142 123
6.685860 19.706953 -0.727538 193 142 123
11.796281 38.913479 -2.962036 193 142 123
3.022712 5.252792 0.940896 182 129 111
4.469985 10.005157 0.374832 182 129 111
7.364531 19.509886 -0.757296 182 129 111
13.153623 38.519344 -3.021552 182 129 111
3.194393 5.196247 0.934019 163 111 89
4.813346 9.892067 0.361077 163 111 89
8.051252 19.283707 -0.784806 163 111 89
14.527065 38.066986 -3.076572 163 111 89
3.367402 5.132211 0.927774 154 93 72
5.159365 9.763994 0.348587 154 93 72
8.743291 19.027561 -0.809787 154 93 72
15.911142 37.554695 -3.126534 154 93 72
3.540996 5.060545 0.922227 145 92 74
5.506552 9.620664 0.337494 145 92 74
9.437664 18.740900 -0.831971 145 92 74
17.299889 36.981373 -3.170903 145 92 74
3.714378 4.981209 0.917442 144 93 74
5.853317 9.461991 0.327923 144 93 74
10.131194 18.423555 -0.851114 144 93 74
18.686949 36.346684 -3.209188 144 93 74
3.886721 4.894258 0.913471 156 107 90
6.198003 9.288089 0.319982 156 107 90
10.820566 18.075750 -0.866996 156 107 90
20.065693 35.651073 -3.240953 156 107 90
4.057179 4.799850 0.910361 140 146 136
6.538918 9.099274 0.313761 140 146 136
11.502398 17.698120 -0.879438 140 146 136
21.429356 34.895813 -3.265836 140 146 136
4.224906 4.698254 0.908146 110 114 113
6.874373 8.896081 0.309331 110 114 113
12.173306 17.291735 -0.888298 110 114 113
22.771173 34.083042 -3.283557 110 114 113
4.389080 4.589839 0.906849 112 118 116
7.202721 8.679252 0.306738 112 118 116
12.830003 16.858076 -0.893484 112 118 116
24.084566 33.215725 -3.293929 112 118 116
4.548920 4.475077 0.906482 113 117 118
7.522400 8.449726 0.306003 113 117 118
13.469361 16.399025 -0.894954 113 117 118
25.363283 32.297623 -3.296868 113 117 118
4.703703 4.354524 0.907041 112 118 116
7.831967 8.208621 0.307123 112 118 116
14.088494 15.916815 -0.892715 112 118 116
26.601549 31.333202 -3.292391 112 118 116
4.852785 4.228814 0.908513 109 115 113
8.130131 7.957201 0.310066 109 115 113
14.684822 15.413976 -0.886829 109 115 113
27.794205 30.327524 -3.280619 109 115 113
4.995608 4.098639 0.910870 109 115 113
8.415777 7.696849 0.314779 109 115 113
15.256115 14.893271 -0.877403 109 115 113
28.936790 29.286116 -3.261766 109 115 113
5.131715 3.964729 0.914073 111 117 117
8.687990 7.429031 0.321185 111 117 117
15.800541 14.357635 -0.864590 111 117 117
30.025642 28.214842 -3.236140 111 117 117
5.260752 3.827842 0.918075 110 116 114
8.946064 7.155258 0.329189 110 116 114
16.316689 13.810088 -0.848582 110 116 114
31.057938 27.119749 -3.204124 110 116 114
5.382467 3.688737 0.922820 111 118 111
9.189495 6.877046 0.338680 111 118 111
16.803551 13.253665 -0.829601 111 118 111
32.031662 26.006903 -3.166162 111 118 111
5.496716 3.548160 0.928246 106 112 112
9.417994 6.595892 0.349532 106 112 112
17.260548 12.691357 -0.807896 106 112 112
32.945656 24.882286 -3.122752 106 112 112
5.603450 3.406829 0.934287 99 105 105
9.631461 6.313231 0.361615 99 105 105
17.687483 12.126036 -0.783731 99 105 105
33.799526 23.751644 -3.074423 99 105 105
5.702707 3.265424 0.940875 102 108 106
9.829974 6.030420 0.374789 102 108 106
18.084509 11.560413 -0.757382 102 108 106
34.593578 22.620399 -3.021725 102 108 106
5.794605 3.124572 0.947938 101 107 107
10.013770 5.748717 0.388916 101 107 107
18.452101 10.997007 -0.729128 101 107 107
35.328762 21.493587 -2.965216 101 107 107
5.879329 2.984844 0.955410 97 103 103
10.183219 5.469260 0.403859 97 103 103
18.790998 10.438093 -0.699242 97 103 103
36.006557 20.375759 -2.905445 97 103 103
5.957121 2.846746 0.963222 95 101 101
10.338803 5.193066 0.419484 95 101 101
19.102167 9.885704 -0.667992 95 101 101
36.628895 19.270981 -2.842944 95 101 101
6.028266 2.710724 0.971312 92 98 98
10.481093 4.921021 0.435664 92 98 98
19.386747 9.341616 -0.635632 92 98 98
37.198055 18.182804 -2.778225 92 98 98
6.093083 2.577157 0.979620 90 96 96
10.610727 4.653887 0.452279 90 96 96
19.646015 8.807346 -0.602403 90 96 96
37.716591 17.114265 -2.711766 90 96 96
1.763918 5.453070 0.846805 114 75 58
1.952397 10.405713 0.186649 114 75 58
2.329354 20.310999 -1.133662 114 75 58
3.083268 40.121571 -3.774285 114 75 58
1.905915 5.443974 0.834558 145 100 79
2.236390 10.387522 0.162156 145 100 79
2.897341 20.274616 -1.182648 145 100 79
4.219242 40.048805 -3.872256 145 100 79
2.052567 5.430317 0.822463 112 75 57
2.529695 10.360207 0.137966 112 75 57
3.483950 20.219986 -1.231028 112 75 57
5.392461 39.939545 -3.969017 112 75 57
2.203703 5.411675 0.810591 132 87 68
2.831967 10.322923 0.114221 132 87 68
4.088494 20.145418 -1.278517 132 87 68
6.601549 39.790409 -4.063995 132 87 68
2.359087 5.387626 0.799018 126 81 60
3.142735 10.274825 0.091076 126 81 60
4.710030 20.049223 -1.324809 126 81 60
7.844621 39.598019 -4.156579 126 81 60
2.518413 5.357757 0.787827 124 77 59
3.461387 10.215086 0.068694 124 77 59
5.347334 19.929745 -1.369572 124 77 59
9.119228 39.359062 -4.246104 124 77 59
2.681302 5.321670 0.777106 127 80 60
3.787163 10.142912 0.047252 127 80 60
5.998888 19.785397 -1.412456 127 80 60
10.422336 39.070366 -4.331873 127 80 60
2.847297 5.278999 0.766945 134 83 66
4.119155 10.057571 0.026930 134 83 66
6.662871 19.614716 -1.453100 134 83 66
11.750303 38.729004 -4.413161 134 83 66
3.015870 5.229421 0.757436 140 89 70
4.456300 9.958414 0.007912 140 89 70
7.337161 19.416401 -1.491136 140 89 70
13.098883 38.332375 -4.489232 140 89 70
3.186414 5.172660 0.748673 144 92 70
4.797388 9.844893 -0.009615 144 92 70
8.019337 19.189358 -1.526190 144 92 70
14.463234 37.878288 -4.559341 144 92 70
3.358258 5.108515 0.740744 149 98 78
5.141076 9.716602 -0.025473 149 98 78
8.706712 18.932777 -1.557906 149 98 78
15.837984 37.365128 -4.622772 149 98 78
3.530669 5.036858 0.733736 146 96 79
5.485898 9.573288 -0.039489 146 96 79
9.396358 18.646149 -1.585939 146 96 79
17.217276 36.791870 -4.678838 146 96 79
3.702868 4.957651 0.727727 157 111 95
5.830297 9.414875 -0.051507 157 111 95
10.085154 18.329323 -1.609975 157 111 95
18.594868 36.158218 -4.726911 157 111 95
3.874042 4.870954 0.722786 166 123 107
6.172644 9.241480 -0.061388 166 123 107
10.769848 17.982533 -1.629737 166 123 107
19.964256 35.464638 -4.766434 166 123 107
4.043360 4.776926 0.718971 129 134 130
6.511281 9.053425 -0.069017 129 134 130
11.447122 17.606422 -1.644995 129 134 130
21.318804 34.712418 -4.796951 129 134 130
4.209994 4.675833 0.716327 104 106 105
6.844549 8.851239 -0.074306 104 106 105
12.113659 17.202051 -1.655573 104 106 105
22.651878 33.903675 -4.818106 104 106 105
4.373138 4.568042 0.714882 113 117 116
7.170837 8.635657 -0.077197 113 117 116
12.766235 16.770887 -1.661355 113 117 116
23.957031 33.041348 -4.829670 113 117 116
4.532025 4.454013 0.714648 110 116 114
7.488610 8.407598 -0.077665 110 116 114
13.401781 16.314770 -1.662291 110 116 114
25.228123 32.129112 -4.831542 110 116 114
4.685945 4.334294 0.715621 109 115 113
7.796451 8.168161 -0.075718 109 115 113
14.017462 15.835896 -1.658397 109 115 113
26.459484 31.171364 -4.823754 109 115 113
4.834263 4.209506 0.717782 107 113 111
8.093087 7.918584 -0.071397 107 113 111
14.610735 15.336740 -1.649754 107 113 111
27.646030 30.173054 -4.806468 107 113 111
4.976432 4.080324 0.721094 106 112 110
8.377425 7.660221 -0.064773 106 112 110
15.179411 14.820015 -1.636506 106 112 110
28.783382 29.139603 -4.779973 106 112 110
5.111998 3.947467 0.725507 106 112 112
8.648556 7.394506 -0.055947 106 112 112
15.721673 14.288585 -1.618855 106 112 112
29.867907 28.076742 -4.744670 106 112 112
5.240609 3.811674 0.730958 105 111 107
8.905779 7.122920 -0.045045 105 111 107
16.236118 13.745413 -1.597049 105 111 107
30.896797 26.990398 -4.701059 105 111 107
5.362016 3.673687 0.737375 106 110 111
9.148592 6.846948 -0.032211 106 110 111
16.721745 13.193468 -1.571382 106 110 111
31.868050 25.886509 -4.649724 106 110 111
5.476068 3.534240 0.744677 105 111 111
9.376697 6.568053 -0.017607 105 111 111
17.177954 12.635679 -1.542175 105 111 111
32.780468 24.770931 -4.591310 105 111 111
5.582712 3.394037 0.752777 102 108 108
9.589984 6.287647 -0.001407 102 108 108
17.604528 12.074866 -1.509773 102 108 108
33.633617 23.649305 -4.526507 102 108 108
5.681979 3.253743 0.761586 100 106 104
9.788519 6.007059 0.016213 100 106 104
18.001598 11.513691 -1.474535 100 106 104
34.427757 22.526955 -4.456031 100 106 104
5.773981 3.113976 0.771015 99 105 105
9.972522 5.727525 0.035069 99 105 105
18.369604 10.954622 -1.436822 99 105 105
35.163769 21.408817 -4.380605 99 105 105
5.858892 2.975296 0.780972 92 102 101
10.142344 5.450165 0.054984 92 102 101
18.709249 10.399903 -1.396992 92 102 101
35.843060 20.299379 -4.300944 92 102 101
5.936945 2.838205 0.791372 93 99 99
10.298450 5.175983 0.075784 93 99 99
19.021461 9.851539 -1.355392 93 99 99
36.467484 19.202650 -4.217744 93 99 99
6.008415 2.703140 0.802132 90 96 96
10.441390 4.905854 0.097304 90 96 96
19.307341 9.311280 -1.312353 90 96 96
37.039242 18.122133 -4.131667 90 96 96
6.073611 2.570478 0.813173 87 93 93
10.571782 4.640530 0.119386 87 93 93
19.568125 8.780632 -1.268189 87 93 93
37.560810 17.060837 -4.043338 87 93 93
1.763963 5.428898 0.685602 121 78 61
1.952487 10.357369 -0.135757 121 78 61
2.329534 20.214312 -1.778475 121 78 61
3.083627 39.928196 -5.063910 121 78 61
1.905145 5.418959 0.670694 118 77 59
2.234850 10.337490 -0.165573 118 77 59
2.894260 20.174553 -1.838106 118 77 59
4.213080 39.848679 -5.183173 118 77 59
2.050900 5.404485 0.655986 121 76 55
2.526361 10.308542 -0.194988 121 76 55
3.477283 20.116657 -1.896937 121 76 55
5.379127 39.732887 -5.300834 121 76 55
2.201057 5.385066 0.641565 127 81 59
2.826675 10.269705 -0.223830 127 81 59
4.077911 20.038982 -1.954619 127 81 59
6.580382 39.577538 -5.416199 127 81 59
2.355380 5.360292 0.627526 131 84 64
3.135321 10.220158 -0.251909 131 84 64
4.695203 19.939888 -2.010778 131 84 64
7.814966 39.379349 -5.528516 131 84 64
2.513565 5.329763 0.613968 133 86 68
3.451691 10.159099 -0.279025 133 86 68
5.327943 19.817770 -2.065010 133 86 68
9.080446 39.135113 -5.636981 133 86 68
2.675238 5.293096 0.600997 138 93 74
3.775036 10.085765 -0.304967 138 93 74
5.974632 19.671103 -2.116894 138 93 74
10.373824 38.841778 -5.740748 138 93 74
2.839948 5.249939 0.588723 103 61 49
4.104457 9.999451 -0.329514 103 61 49
6.633475 19.498474 -2.165988 103 61 49
11.691510 38.496521 -5.838937 103 61 49
3.007175 5.199979 0.577258 148 103 84
4.438911 9.899530 -0.352444 148 103 84
7.302382 19.298634 -2.211849 148 103 84
13.029325 38.096840 -5.930658 148 103 84
3.176325 5.142959 0.566713 155 110 91
4.777210 9.785491 -0.373534 155 110 91
7.978981 19.070555 -2.254028 155 110 91
14.382524 37.640682 -6.015017 155 110 91
3.346740 5.078685 0.557197 142 95 79
5.118040 9.656943 -0.392567 142 95 79
8.660641 18.813459 -2.292094 142 95 79
15.745842 37.126492 -6.091148 142 95 79
3.517702 5.007041 0.548812 159 115 102
5.459965 9.513655 -0.409337 159 115 102
9.344491 18.526882 -2.325635 159 115 102
17.113543 36.553337 -6.158230 159 115 102
3.688452 4.927996 0.541652 136 97 87
5.801464 9.355564 -0.423657 136 97 87
10.027488 18.210701 -2.354275 136 97 87
18.479536 35.920975 -6.215510 136 97 87
3.858192 4.841612 0.535800 137 136 131
6.140945 9.182796 -0.435361 137 136 131
10.706451 17.865166 -2.377682 137 136 131
19.837463 35.229904 -6.262324 137 136 131
4.026115 4.748053 0.531324 140 142 141
6.476791 8.995678 -0.444311 140 142 141
11.378143 17.490929 -2.395583 140 142 141
21.180847 34.481430 -6.298127 140 142 141
4.191411 4.647579 0.528278 121 123 120
6.807384 8.794731 -0.450405 121 123 120
12.039328 17.089035 -2.407770 121 123 120
22.503216 33.677643 -6.322501 121 123 120
4.353293 4.540552 0.526694 113 114 109
7.131147 8.580676 -0.453573 113 114 109
12.686855 16.660925 -2.414107 113 114 109
23.798271 32.821423 -6.335175 113 114 109
4.511011 4.427422 0.526586 118 122 121
7.446583 8.354416 -0.453788 118 122 121
13.317726 16.208405 -2.414536 118 122 121
25.060013 31.916382 -6.336033 118 122 121
4.663872 4.308724 0.527950 111 115 114
7.752305 8.117022 -0.451060 111 115 114
13.929170 15.733616 -2.409081 111 115 114
26.282900 30.966805 -6.325121 111 115 114
4.811253 4.185063 0.530760 108 114 114
8.047066 7.869700 -0.445440 108 114 114
14.518692 15.238973 -2.397840 108 114 114
27.461945 29.977518 -6.302640 108 114 114
4.952616 4.057100 0.534972 106 112 112
8.329792 7.613773 -0.437016 106 112 112
15.084145 14.727119 -2.380992 106 112 112
28.592850 28.953812 -6.268944 106 112 112
5.087513 3.925532 0.540526 101 107 107
8.599587 7.350636 -0.425909 101 107 107
15.623735 14.200845 -2.358778 101 107 107
29.672031 27.901262 -6.224517 101 107 107
5.215597 3.791079 0.547344 104 110 110
8.855755 7.081730 -0.412272 104 110 110
16.136070 13.663033 -2.331505 104 110 110
30.696703 26.825638 -6.169971 104 110 110
5.336617 3.654466 0.555339 103 109 109
9.097795 6.808505 -0.396282 103 109 109
16.620152 13.116583 -2.299525 103 109 109
31.664864 25.732738 -6.106009 103 109 109
5.450420 3.516407 0.564414 103 109 109
9.325401 6.532386 -0.378133 103 109 109
17.075363 12.564344 -2.263227 103 109 109
32.575287 24.628262 -6.033414 103 109 109
5.556946 3.377588 0.574462 100 106 106
9.538452 6.254748 -0.358036 100 106 106
17.501465 12.009069 -2.223032 100 106 106
33.427490 23.517712 -5.953023 100 106 106
5.656219 3.238661 0.585378 96 102 102
9.736998 5.976895 -0.336205 96 102 102
17.898556 11.453363 -2.179371 96 102 102
34.221672 22.406300 -5.865702 96 102 102
5.748338 3.100230 0.597049 96 102 102
9.921237 5.700032 -0.312862 96 102 102
18.267035 10.899637 -2.132684 96 102 102
34.958630 21.298847 -5.772328 96 102 102
5.833471 2.962844 0.609369 90 99 98
10.091502 5.425261 -0.288222 90 99 98
18.607565 10.350094 -2.083405 90 99 98
35.639690 20.199760 -5.673769 90 99 98
5.911836 2.826995 0.622231 89 95 95
10.248233 5.153563 -0.262497 89 95 95
18.921026 9.806699 -2.031955 89 95 95
36.266613 19.112970 -5.570871 89 95 95
5.983698 2.693115 0.635536 96 105 104
10.391956 4.885802 -0.235889 96 105 104
19.208473 9.271177 -1.978739 96 105 104
36.841507 18.041927 -5.464438 96 105 104
6.049353 2.561574 0.649187 86 95 94
10.523266 4.622720 -0.208587 86 95 94
19.471092 8.745012 -1.924135 86 95 94
37.366745 16.989597 -5.355230 86 95 94
1.763810 5.399867 0.527163 120 79 61
1.952181 10.299307 -0.452635 120 79 61
2.328923 20.098186 -2.412230 120 79 61
3.082406 39.695946 -6.331420 120 79 61
1.904028 5.388942 0.509737 121 83 64
2.232616 10.277456 -0.487486 121 83 64
2.889793 20.054485 -2.481932 121 83 64
4.204146 39.608543 -6.470824 121 83 64
2.048725 5.373517 0.492563 129 86 67
2.522010 10.246606 -0.521834 129 86 67
3.468581 19.992785 -2.550629 129 86 67
5.361722 39.485142 -6.608219 129 86 67
2.197727 5.353194 0.475741 135 92 75
2.820015 10.205961 -0.555478 135 92 75
4.064591 19.911495 -2.617916 135 92 75
6.553743 39.322563 -6.742793 135 92 75
2.350801 5.327579 0.459382 140 97 80
3.126162 10.154731 -0.588196 140 97 80
4.676885 19.809034 -2.683353 140 97 80
7.778330 39.117641 -6.873666 140 97 80
2.507644 5.296286 0.443602 140 97 80
3.439849 10.092144 -0.619756 140 97 80
5.304258 19.683861 -2.746473 140 97 80
9.033077 38.867294 -6.999906 140 97 80
2.667888 5.258950 0.428524 146 103 86
3.760336 10.017472 -0.649912 146 103 86
5.945232 19.534517 -2.806784 146 103 86
10.315024 38.568607 -7.120528 146 103 86
2.831090 5.215232 0.414276 144 101 84
4.086740 9.930037 -0.678409 144 101 84
6.598042 19.359646 -2.863778 144 101 84
11.620644 38.218864 -7.234516 144 101 84
2.996740 5.164838 0.400985 151 108 91
4.418040 9.829248 -0.704990 151 108 91
7.260641 19.158070 -2.916940 151 108 91
12.945842 37.815712 -7.340840 151 108 91
3.164257 5.107524 0.388782 153 114 97
4.753074 9.714621 -0.729397 153 114 97
7.930708 18.928814 -2.965755 153 114 97
14.285977 37.357201 -7.438470 153 114 97
3.332998 5.043109 0.377789 100 70 60
5.090557 9.585792 -0.751383 100 70 60
8.605674 18.671156 -3.009726 100 70 60
15.635908 36.841885 -7.526412 100 70 60
3.502266 4.971489 0.368125 122 121 116
5.429093 9.442551 -0.770711 122 121 116
9.282746 18.384674 -3.048382 122 121 116
16.990053 36.268921 -7.603724 122 121 116
3.671319 4.892640 0.359898 96 96 96
5.767199 9.284853 -0.787165 96 96 96
9.958958 18.069279 -3.081290 96 96 96
18.342476 35.638130 -7.669541 96 96 96
3.839385 4.806631 0.353202 123 124 119
6.103330 9.112835 -0.800557 123 124 119
10.631221 17.725243 -3.108074 123 124 119
19.687002 34.950058 -7.723108 123 124 119
4.005675 4.713624 0.348115 162 166 165
6.435912 8.926822 -0.810730 162 166 165
11.296384 17.353216 -3.128419 162 166 165
21.017328 34.206005 -7.763799 162 166 165
4.169406 4.613878 0.344698 181 186 182
6.763372 8.727329 -0.817565 181 186 182
11.951305 16.954231 -3.142091 181 186 182
22.327171 33.408035 -7.791142 181 186 182
4.329810 4.507747 0.342986 112 118 118
7.084180 8.515066 -0.820988 112 118 118
12.592920 16.529705 -3.148936 112 118 118
23.610401 32.558983 -7.804832 112 118 118
4.486158 4.395669 0.342998 111 117 115
7.396877 8.290911 -0.820965 111 117 115
13.218314 16.081394 -3.148890 111 117 115
24.861189 31.662363 -7.804740 111 117 115
4.637775 4.278166 0.344725 107 113 111
7.700111 8.055904 -0.817510 107 113 111
13.824783 15.611382 -3.141981 107 113 111
26.074127 30.722336 -7.790922 107 113 111
4.784054 4.155824 0.348138 106 112 110
7.992668 7.811221 -0.810684 106 112 110
14.409897 15.122014 -3.128328 106 112 110
27.244354 29.743601 -7.763617 106 112 110
4.924467 4.029284 0.353186 107 113 111
8.273494 7.558140 -0.800587 107 113 111
14.971548 14.615852 -3.108135 107 113 111
28.367657 28.731277 -7.723231 107 113 111
5.058573 3.899221 0.359800 108 114 112
8.541707 7.298015 -0.787361 108 114 112
15.507975 14.095602 -3.081683 108 114 112
29.440510 27.690777 -7.670326 108 114 112
5.186030 3.766335 0.367890 99 105 105
8.796621 7.032243 -0.771181 99 105 105
16.017803 13.564058 -3.049323 99 105 105
30.460167 26.627689 -7.605607 99 105 105
5.306585 3.631328 0.377355 98 104 104
9.037731 6.762228 -0.752251 98 104 104
16.500023 13.024029 -3.011463 98 104 104
31.424608 25.547630 -7.529887 98 104 104
5.420084 3.494892 0.388081 96 102 102
9.264729 6.489357 -0.730798 96 102 102
16.954018 12.478286 -2.968555 96 102 102
32.332596 24.456144 -7.444071 96 102 102
5.526458 3.357695 0.399950 102 108 108
9.477477 6.214963 -0.707060 102 108 108
17.379515 11.929499 -2.921081 102 108 108
33.183590 23.358570 -7.349123 102 108 108
5.625723 3.220371 0.412835 94 98 99
9.676006 5.940314 -0.681291 94 98 99
17.776573 11.380201 -2.869542 94 98 99
33.977707 22.259975 -7.246045 94 98 99
5.717968 3.083507 0.426609 91 97 97
9.860497 5.666587 -0.653743 91 97 97
18.145554 10.832747 -2.814446 91 97 97
34.715668 21.165066 -7.135852 91 97 97
5.803345 2.947641 0.441146 87 93 93
10.031251 5.394854 -0.624668 87 93 93
18.487062 10.289281 -2.756297 87 93 93
35.398685 20.078135 -7.019554 87 93 93
5.882062 2.813253 0.456324 84 93 92
10.188685 5.126079 -0.594312 84 93 92
18.801931 9.751730 -2.695584 84 93 92
36.028423 19.003033 -6.898128 84 93 92
5.954370 2.680767 0.472026 84 90 90
10.333300 4.861107 -0.562907 84 90 90
19.091160 9.221786 -2.632775 84 90 90
36.606880 17.943146 -6.772511 84 90 90
6.020551 2.550548 0.488142 83 92 91
10.465662 4.600669 -0.530677 83 92 91
19.355885 8.700911 -2.568315 83 92 91
37.136330 16.901394 -6.643590 83 92 91
1.763469 5.366257 0.371906 111 80 62
1.951497 10.232086 -0.763149 111 80 62
2.327555 19.963745 -3.033259 111 80 62
3.079671 39.427063 -7.573478 111 80 62
1.902582 5.354223 0.352124 126 89 70
2.229725 10.208018 -0.802713 126 89 70
2.884011 19.915609 -3.112387 126 89 70
4.192583 39.330791 -7.731734 126 89 70
2.046069 5.337730 0.332646 131 93 74
2.516699 10.175033 -0.841668 131 93 74
3.457959 19.849638 -3.190296 131 93 74
5.340478 39.198849 -7.887553 131 93 74
2.193754 5.316396 0.313589 134 95 78
2.812069 10.132364 -0.879783 134 95 78
4.048699 19.764301 -3.266527 134 95 78
6.521958 39.028175 -8.040014 134 95 78
2.345404 5.289842 0.295074 138 99 82
3.115368 10.079256 -0.916812 138 99 82
4.655297 19.658085 -3.340584 138 99 82
7.735155 38.815742 -8.188129 138 99 82
2.500721 5.257699 0.277235 142 104 85
3.426001 10.014970 -0.952490 142 104 85
5.276563 19.529512 -3.411941 142 104 85
8.977687 38.558598 -8.330841 142 104 85
2.659340 5.219619 0.260209 134 128 124
3.743240 9.938810 -0.986542 134 128 124
5.911040 19.377193 -3.480044 134 128 124
10.246641 38.253960 -8.467049 134 128 124
2.820830 5.175284 0.244139 86 87 81
4.066220 9.850141 -1.018682 86 87 81
6.557001 19.199854 -3.544325 86 87 81
11.538562 37.899281 -8.595612 86 87 81
2.984690 5.124414 0.229169 118 117 112
4.393941 9.748402 -1.048623 118 117 112
7.212442 18.996376 -3.604207 118 117 112
12.849445 37.492325 -8.715374 118 117 112
3.150356 5.066784 0.215441 114 116 111
4.725273 9.633141 -1.076079 114 116 111
7.875106 18.765854 -3.659118 114 116 111
14.174773 37.031281 -8.825195 114 116 111
3.317203 5.002226 0.203094 119 120 115
5.058966 9.504025 -1.100771 119 120 115
8.542492 18.507624 -3.708503 119 120 115
15.509544 36.514820 -8.923967 119 120 115
3.484552 4.930647 0.192261 114 118 115
5.393665 9.360868 -1.122439 114 118 115
9.211891 18.221308 -3.751839 114 118 115
16.848343 35.942188 -9.010637 114 118 115
3.651686 4.852035 0.183059 116 120 119
5.727932 9.203642 -1.140843 116 120 119
9.880425 17.906857 -3.788646 116 120 119
18.185411 35.313286 -9.084253 116 120 119
3.817856 4.766459 0.175593 110 114 113
6.060272 9.032492 -1.155774 110 114 113
10.545104 17.564556 -3.818508 110 114 113
19.514769 34.628685 -9.143976 110 114 113
3.982300 4.674087 0.169950 104 110 110
6.389160 8.847746 -1.167060 104 110 110
11.202881 17.195065 -3.841080 104 110 110
20.830322 33.889702 -9.189121 104 110 110
4.144257 4.575170 0.166195 107 113 111
6.713074 8.649913 -1.174570 107 113 111
11.850709 16.799398 -3.856101 107 113 111
22.125978 33.098370 -9.219162 107 113 111
4.302985 4.470055 0.164370 115 119 120
7.030531 8.439682 -1.178221 115 119 120
12.485622 16.378937 -3.863401 115 119 120
23.395805 32.257446 -9.233763 115 119 120
4.457779 4.359169 0.164492 194 200 200
7.340119 8.217912 -1.177977 194 200 200
13.104799 15.935396 -3.862915 194 200 200
24.634159 31.370365 -9.232790 194 200 200
4.607983 4.243017 0.166551 110 115 118
7.640526 7.985608 -1.173858 110 115 118
13.705613 15.470788 -3.854676 110 115 118
25.835787 30.441149 -9.216312 110 115 118
4.753006 4.122167 0.170516 104 110 110
7.930572 7.743906 -1.165927 104 110 110
14.285704 14.987384 -3.838815 104 110 110
26.995968 29.474340 -9.184591 104 110 110
4.892331 3.997233 0.176330 103 109 109
8.209223 7.494039 -1.154300 103 109 109
14.843006 14.487650 -3.815560 103 109 109
28.110573 28.474873 -9.138081 103 109 109
5.025531 3.868872 0.183914 107 113 113
8.475622 7.237316 -1.139132 107 113 113
15.375805 13.974205 -3.785225 107 113 113
29.176170 27.447983 -9.077412 107 113 113
5.152263 3.737756 0.193170 100 106 106
8.729086 6.975084 -1.120621 100 106 106
15.882732 13.449740 -3.748202 100 106 106
30.190025 26.399054 -9.003365 100 106 106
5.272276 3.604563 0.203984 94 103 102
8.969112 6.708698 -1.098993 94 103 102
16.362785 12.916969 -3.704946 94 103 102
31.150129 25.333511 -8.916851 94 103 102
5.385411 3.469962 0.216231 95 101 101
9.195382 6.439497 -1.074498 95 101 101
16.815325 12.378566 -3.655957 95 101 101
32.055210 24.256704 -8.818874 95 101 101
5.491593 3.334600 0.229776 97 106 105
9.407747 6.168774 -1.047408 97 106 105
17.240055 11.837120 -3.601777 97 106 105
32.904671 23.173813 -8.710514 97 106 105
5.590829 3.199091 0.244479 91 97 95
9.606219 5.897754 -1.018002 91 97 95
17.636999 11.295081 -3.542964 91 97 95
33.698559 22.089735 -8.592890 91 97 95
5.683195 3.064004 0.260198 84 93 92
9.790951 5.627580 -0.986565 84 93 92
18.006462 10.754733 -3.480090 84 93 92
34.437485 21.009039 -8.467140 84 93 92
5.768831 2.929862 0.276791 83 92 91
9.962222 5.359297 -0.953378 83 92 91
18.349005 10.218166 -3.413717 83 92 91
35.122570 19.935905 -8.334394 83 92 91
5.847928 2.797134 0.294122 81 90 89
10.120417 5.093842 -0.918717 81 90 89
18.665394 9.687256 -3.344394 81 90 89
35.755348 18.874084 -8.195749 81 90 89
5.920722 2.666235 0.312057 80 89 88
10.266006 4.832043 -0.882846 80 89 88
18.956572 9.163658 -3.272653 80 89 88
36.337704 17.826889 -8.052265 80 89 88
5.987482 2.537522 0.330473 77 86 85
10.399525 4.574617 -0.846014 77 86 85
19.223610 8.648808 -3.198989 77 86 85
36.871780 16.797188 -7.904939 77 86 85
1.762946 5.328376 0.220201 98 69 53
1.950453 10.156324 -1.066559 98 69 53
2.325467 19.812222 -3.640079 98 69 53
3.075495 39.124016 -8.787119 98 69 53
1.900828 5.315131 0.198238 127 91 75
2.226216 10.129834 -1.110485 127 91 75
2.876992 19.759241 -3.727931 127 91 75
4.178545 39.018055 -8.962822 127 91 75
2.042965 5.297474 0.176635 111 82 66
2.510491 10.094521 -1.153691 111 82 66
3.445542 19.688614 -3.814342 111 82 66
5.315644 38.876801 -9.135645 111 82 66
2.189183 5.275040 0.155519 101 74 53
2.802927 10.049652 -1.195922 101 74 53
4.030414 19.598877 -3.898804 101 74 53
6.485389 38.697327 -9.304567 101 74 53
2.339250 5.247468 0.135028 99 100 95
3.103060 9.994509 -1.236905 99 100 95
4.630681 19.488590 -3.980770 99 100 95
7.685922 38.476753 -9.468500 99 100 95
2.492871 5.214408 0.115305 108 109 103
3.410303 9.928389 -1.276351 108 109 103
5.245166 19.356350 -4.059662 108 109 103
8.914893 38.212273 -9.626286 108 109 103
2.649690 5.175531 0.096502 102 106 105
3.723940 9.850635 -1.313957 102 106 105
5.872441 19.200842 -4.134875 102 106 105
10.169443 37.901257 -9.776711 102 106 105
2.809283 5.130537 0.078774 103 107 97
4.043128 9.760647 -1.349413 103 107 97
6.510816 19.020866 -4.205787 103 107 97
11.446192 37.541306 -9.918533 103 107 97
2.971165 5.079166 0.062279 104 106 105
4.366890 9.657905 -1.382403 104 106 105
7.158340 18.815382 -4.271767 104 106 105
12.741241 37.130337 -10.050495 104 106 105
3.134785 5.021208 0.047171 111 115 114
4.694130 9.541989 -1.412618 111 115 114
7.812820 18.583551 -4.332196 111 115 114
14.050201 36.666676 -10.171352 111 115 114
3.299538 4.956513 0.033603 103 104 106
5.023637 9.412599 -1.439755 103 104 106
8.471834 18.324770 -4.386470 103 104 106
15.368230 36.149113 -10.279900 103 104 106
3.464770 4.885000 0.021715 102 111 108
5.354100 9.269572 -1.463531 102 111 108
9.132761 18.038717 -4.434021 102 111 108
16.690083 35.577007 -10.375004 102 111 108
3.629785 4.806664 0.011636 102 106 105
5.684130 9.112900 -1.483688 102 106 105
9.792821 17.725372 -4.474336 102 106 105
18.010202 34.950317 -10.455633 102 106 105
3.793862 4.721582 0.003480 101 107 105
6.012285 8.942737 -1.500000 101 107 105
10.449130 17.385046 -4.506961 101 107 105
19.322821 34.269665 -10.520884 101 107 105
3.956266 4.629920 -0.002661 100 104 103
6.337093 8.759412 -1.512283 100 104 103
11.098747 17.018396 -4.531526 100 104 103
20.622055 33.536366 -10.570013 100 104 103
4.116264 4.531927 -0.006717 101 107 107
6.657089 8.563426 -1.520395 101 107 107
11.738739 16.626425 -4.547750 101 107 107
21.902039 32.752422 -10.602461 101 107 107
4.273141 4.427939 -0.008644 100 106 106
6.970842 8.355452 -1.524248 100 106 106
12.366245 16.210476 -4.555456 100 106 106
23.157051 31.920523 -10.617872 100 106 106
4.426214 4.318372 -0.008422 105 111 111
7.276988 8.136316 -1.523804 105 111 111
12.978537 15.772206 -4.554569 105 111 111
24.381634 31.043985 -10.616098 105 111 111
4.574849 4.203711 -0.006061 107 109 108
7.574258 7.906993 -1.519083 107 109 108
13.573076 15.313560 -4.545126 107 109 108
25.570713 30.126692 -10.597214 107 109 108
4.718473 4.084502 -0.001599 196 205 202
7.861507 7.668576 -1.510158 196 205 202
14.147575 14.836725 -4.527276 196 205 202
26.719711 29.173023 -10.561512 196 205 202
4.856586 3.961338 0.004905 194 206 204
8.137733 7.422249 -1.497150 194 206 204
14.700027 14.344070 -4.501261 194 206 204
27.824615 28.187714 -10.509483 194 206 204
4.988767 3.834849 0.013364 104 108 107
8.402094 7.169271 -1.480232 104 108 107
15.228747 13.838114 -4.467424 104 108 107
28.882055 27.175800 -10.441809 104 108 107
5.114678 3.705681 0.023673 102 108 108
8.653916 6.910934 -1.459614 102 108 108
15.732393 13.321442 -4.426189 102 108 108
29.889347 26.142456 -10.359339 102 108 108
5.234071 3.574486 0.035708 95 101 101
8.892702 6.648544 -1.435544 95 101 101
16.209965 12.796660 -4.378048 95 101 101
30.844488 25.092894 -10.263058 95 101 101
5.346781 3.441907 0.049333 91 97 95
9.118122 6.383388 -1.408294 91 97 95
16.660805 12.266348 -4.323549 91 97 95
31.746170 24.032269 -10.154058 91 97 95
5.452728 3.308569 0.064401 87 96 95
9.330016 6.116711 -1.378158 87 96 95
17.084593 11.732994 -4.263277 87 96 95
32.593746 22.965561 -10.033514 87 96 95
5.551906 3.175061 0.080760 89 98 97
9.528372 5.849695 -1.345440 89 98 97
17.481304 11.198963 -4.197841 89 98 97
33.387169 21.897499 -9.902643 89 98 97
5.644380 3.041937 0.098254 88 94 94
9.713320 5.583447 -1.310452 88 94 94
17.851200 10.666466 -4.127865 88 94 94
34.126961 20.832504 -9.762690 88 94 94
5.730274 2.909702 0.116730 81 87 87
9.885109 5.318976 -1.273501 81 87 87
18.194778 10.137525 -4.053963 81 87 87
34.814117 19.774622 -9.614885 81 87 87
5.809766 2.778812 0.136035 77 83 82
10.044093 5.057198 -1.234890 77 83 82
18.512747 9.613968 -3.976739 77 83 82
35.450054 18.727509 -9.460440 77 83 82
5.883075 2.649672 0.156027 79 88 87
10.190711 4.798917 -1.194907 79 88 87
18.805983 9.097406 -3.896775 79 88 87
36.036526 17.694386 -9.300510 79 88 87
5.950453 2.522631 0.176566 77 86 83
10.325466 4.544835 -1.153829 77 86 83
19.075493 8.589243 -3.814618 77 86 83
36.575546 16.678059 -9.136196 77 86 83
