{
    "CAM_FRONT_LEFT": {
        "image_size": [
            1600,
            900
        ],
        "intrinsic": [
            [
                1272.5979470598488,
                0.0,
                826.6154927353808
            ],
            [
                0.0,
                1272.5979470598488,
                479.75165386361925
            ],
            [
                0.0,
                0.0,
                1.0
            ]
        ],
        "transform": [
            [
                0.8207583481515547,
                -0.00034143667149916235,
                0.5712754303840931,
                1.52387798135
            ],
            [
                -0.5712716007618155,
                0.0032195018514857843,
                0.8207547703003994,
                0.494631336551
            ],
            [
                -0.002119458082718406,
                -0.9999947591006804,
                0.00244737994761024,
                1.50932822144
            ],
            [
                0.0,
                0.0,
                0.0,
                1.0
            ]
        ]
    },
    "CAM_FRONT": {
        "image_size": [
            1600,
            900
        ],
        "intrinsic": [
            [
                1252.8131021185304,
                0.0,
                826.588114781398
            ],
            [
                0.0,
                1252.8131021185304,
                469.9846626224581
            ],
            [
                0.0,
                0.0,
                1.0
            ]
        ],
        "transform": [
            [
                0.01026020777540071,
                0.008433448071667293,
                0.9999117986552757,
                1.72200568478
            ],
            [
                -0.9998725753702897,
                0.012316255772487295,
                0.01015592763520401,
                0.00475453292289
            ],
            [
                -0.012229519973835201,
                -0.9998885871922779,
                0.008558740785910124,
                1.49491291905
            ],
            [
                0.0,
                0.0,
                0.0,
                1.0
            ]
        ]
    },
    "CAM_FRONT_RIGHT": {
        "image_size": [
            1600,
            900
        ],
        "intrinsic": [
            [
                1256.7485116440405,
                0.0,
                817.7887570959712
            ],
            [
                0.0,
                1256.7485116440403,
                451.9541780095127
            ],
            [
                0.0,
                0.0,
                1.0
            ]
        ],
        "transform": [
            [
                -0.8439797263539992,
                0.01645551436192705,
                0.5361225956350965,
                1.58082565783
            ],
            [
                -0.5361413772261798,
                0.003621074712163108,
                -0.8441204365752225,
                -0.499078711449
            ],
            [
                -0.015831775940933213,
                -0.9998580418564494,
                0.005766368488289819,
                1.51749368405
            ],
            [
                0.0,
                0.0,
                0.0,
                1.0
            ]
        ]
    },
    "CAM_BACK_RIGHT": {
        "image_size": [
            1600,
            900
        ],
        "intrinsic": [
            [
                1259.5137405846733,
                0.0,
                807.2529053838625
            ],
            [
                0.0,
                1259.5137405846733,
                501.19579884916527
            ],
            [
                0.0,
                0.0,
                1.0
            ]
        ],
        "transform": [
            [
                -0.9347755391782977,
                0.01587583795544978,
                -0.3548839938953783,
                1.0148780988
            ],
            [
                0.3550745592741918,
                0.011370495332616137,
                -0.9347688319537238,
                -0.480568219723
            ],
            [
                -0.010805031705694884,
                -0.9998093166224763,
                -0.01626596707041017,
                1.56239545128
            ],
            [
                0.0,
                0.0,
                0.0,
                1.0
            ]
        ]
    },
    "CAM_BACK": {
        "image_size": [
            1600,
            900
        ],
        "intrinsic": [
            [
                809.2209905677063,
                0.0,
                829.2196003259838
            ],
            [
                0.0,
                809.2209905677063,
                481.77842384512485
            ],
            [
                0.0,
                0.0,
                1.0
            ]
        ],
        "transform": [
            [
                0.002421709860318977,
                -0.016753608478469628,
                -0.9998567156969553,
                0.0283260309358
            ],
            [
                0.9999890666843356,
                -0.003959107249965843,
                0.002488369260045864,
                0.00345136761476
            ],
            [
                -0.004000229136375599,
                -0.9998518100562368,
                0.016743837496914438,
                1.57910346144
            ],
            [
                0.0,
                0.0,
                0.0,
                1.0
            ]
        ]
    },
    "CAM_BACK_LEFT": {
        "image_size": [
            1600,
            900
        ],
        "intrinsic": [
            [
                1256.7414812095406,
                0.0,
                792.1125740759628
            ],
            [
                0.0,
                1256.7414812095406,
                492.7757465151356
            ],
            [
                0.0,
                0.0,
                1.0
            ]
        ],
        "transform": [
            [
                0.9477603556843314,
                0.008665721547931132,
                -0.31886550999310576,
                1.03569100218
            ],
            [
                0.31896113144149074,
                -0.01397629983587656,
                0.9476647401230364,
                0.484795032713
            ],
            [
                0.0037556387837154315,
                -0.9998647750135773,
                -0.016010211253286277,
                1.59097014818
            ],
            [
                0.0,
                0.0,
                0.0,
                1.0
            ]
        ]
    }
}